primary_energy_consumption,population,gdp,coal_consumption,oil_consumption,gas_consumption,fossil_fuel_consumption,solar_consumption,wind_consumption,hydro_consumption,renewables_consumption,electricity_generation,hydro_share_energy
,,,,,,,,,,,368.65,
,,,,,,,,,,,397.19,
,,,,,,,,,,,422.82,
,,,,,,,,,,,447.15,
,,,,,,,,,,,484.94,
,,,,,,,,,,,510.68,
,,,,,,,,,,,534.67,
,,,,,,,,,,,564.01,
,,,,,,,,,,,590.18,
,,,,,,,,,,,611.17,
,,,,,,,,,,,672.26,
,,,,,,,,,,,707.33,
,,,,,,,,,,,761.3,
,,,,,,,,,,,805.44,
,,,,,,,,,,,849.73,
,,,,,,,,,,,888.28,
,,,,,,,,,,,959.65,
,,,,,,,,,,,1005.47,
,,,,,,,,,,,1064.06,
,,,,,,,,,,,1117.11,
,,,,,,,,,,,1104.82,
,,,,,,,,,,,1154.08,
,,,,,,,,,,,1225.2,
,4707744.0,,,,,,,,,,,
,4751177.0,,,,,,,,,,,
,4802500.0,,,,,,,,,,,
,4861833.0,,,,,,,,,,,
,4921891.0,,,,,,,,,,,
,4982681.0,,,,,,,,,,,
,5044212.0,,,,,,,,,,,
,5106495.0,,,,,,,,,,,
,5169536.0,,,,,,,,,,,
,5300178.0,,,,,,,,,,,
,5504191.0,,,,,,,,,,,
,5787792.0,,,,,,,,,,,
,6157669.0,,,,,,,,,,,
,6621025.0,,,,,,,,,,,
,7119235.0,,,,,,,,,,,
,7654918.0,,,,,,,,,,,
,8230894.0,,,,,,,,,,,
,8850190.0,,,,,,,,,,,
,9529174.0,,,,,,,,,,,
,9976355.0,,,,,,,,,,,
,10188845.0,,,,,,,,,,,
,10162753.0,,,,,,,,,,,
,9893152.0,,,,,,,,,,,
,9374030.0,,,,,,,,,,,
,8882148.0,,,,,,,,,,,
,8416077.0,,,,,,,,,,,
,7974462.0,,,,,,,,,,,
,7556019.0,,,,,,,,,,,
,7159534.0,,,,,,,,,,,
,6851115.0,,,,,,,,,,,
,6626142.0,,,,,,,,,,,
,6480237.0,,,,,,,,,,,
,6409250.0,,,,,,,,,,,
,6409250.0,,,,,,,,,,,
,6409250.0,,,,,,,,,,,
,6409250.0,,,,,,,,,,,
,6409250.0,,,,,,,,,,,
,6409250.0,,,,,,,,,,,
,6409250.0,,,,,,,,,,,
,6428903.0,,,,,,,,,,,
,6468510.0,,,,,,,,,,,
,6528377.0,,,,,,,,,,,
,6608815.0,,,,,,,,,,,
,6710138.0,,,,,,,,,,,
,6813016.0,,,,,,,,,,,
,6917471.0,,,,,,,,,,,
,7023527.0,,,,,,,,,,,
,7131209.0,,,,,,,,,,,
,7240542.0,,,,,,,,,,,
,7356890.0,,,,,,,,,,,
,7480464.0,9421400064.0,,,,,,,,,,
,7571542.0,9692279808.0,,,,,,,,,,
,7667534.0,10017325056.0,,,,,,,,,,
,7764549.0,10630519808.0,,,,,,,,,,
,7864289.0,10866360320.0,,,,,,,,,,
,7971933.0,11078185984.0,,,,,,,,,,
,8087730.0,11581236224.0,,,,,,,,,,
,8210207.0,11578973184.0,,,,,,,,,,
,8333827.0,12238841856.0,,,,,,,,,,
,8468220.0,12579874816.0,,,,,,,,,,
,8622473.0,13033253888.0,,,,,,,,,,
,8790140.0,13146287104.0,,,,,,,,,,
,8969055.0,13367633920.0,,,,,,,,,,
,9157463.0,13630298112.0,,,,,,,,,,
,9355510.0,13870503936.0,,,,,,,,,,
,9565154.0,14187419648.0,,,,,,,,,,
,9783153.0,14325264384.0,,,,,,,,,,
,10010037.0,14734025728.0,,,,,,,,,,
,10247782.0,15254250496.0,,,,,,,,,,
,10494491.0,15493193728.0,,,,,,,,,,
,10752973.0,15812232192.0,,,,,,,,,,
,11015853.0,15770513408.0,,,,,,,,,,
,11286753.0,13170552832.0,,,,,,,,,,
,11575308.0,13568630784.0,,,,,,,,,,
,11869881.0,14309107712.0,,,,,,,,,,
,12157390.0,15177767936.0,,,,,,,,,,
,12425276.0,16023605248.0,,,,,,,,,,
,12687308.0,15207360512.0,,,,,,,,,,
,12938864.0,16337829888.0,,,,,,,,,,
,12986378.0,15913788416.0,,,,,,,,,,
7.791,12486640.0,15329836032.0,,,,,,,,,,
8.777,11155196.0,15645343744.0,,,,,,,,,,
9.348,10088290.0,15980409856.0,,,,,,,,,,
11.436,9951447.0,16755333120.0,,,,,,,,,,
11.489,10243689.0,17072152576.0,,,,,,,,,,
11.217,10512220.0,17108480000.0,,,,,,,,,,
11.462,10448447.0,17641345024.0,,,,,,,,,,
18.483,10322767.0,15810816000.0,,,,,,,,,,
32.596,10383459.0,14499068928.0,,,,,,,,,,
32.052,10673172.0,13489497088.0,,,,,,,,,,
31.746,10694804.0,13065984000.0,,,,,,,,,,
13.903,10745168.0,12047362048.0,,,,,,,,,,
9.168,12057436.0,12677538816.0,,,,,,,,,,
9.105,14003764.0,9834580992.0,,,,,,,,,,
8.816,15455560.0,7919857152.0,,,,,,,,,,
7.429,16418911.0,12307525632.0,,,,,,,,,,
7.286,17106600.0,12070125568.0,,,,,,,,,,
6.938,17788818.0,11850752000.0,,,,,,,,,,
6.752,18493134.0,11692172288.0,,,,,,,,,,
6.749,19262854.0,11517317120.0,,,,,,,,,,
5.914,19542986.0,11283792896.0,,,,,,,,,0.47,
4.664,19688634.0,11021273088.0,,,,,,,,,0.59,
4.428,21000258.0,18804871168.0,,,,,,,,,0.69,
5.208,22645136.0,21074343936.0,,,,,,,,,0.94,
4.81,23553554.0,22332571648.0,,,,,,,,,0.89,
6.153,24411196.0,25397688320.0,,,,,,,,,0.93,
7.745,25442946.0,28704401408.0,,,,,,,,,0.84,
9.177,25903306.0,34507530240.0,,,,,,,,,0.95,
16.063,26427204.0,36561043456.0,,,,,,,,,0.73,
26.702,27385310.0,44358721536.0,,,,,,,,,0.94,
33.345,28189672.0,47399424000.0,,,,,,,,,0.94,
42.005,29249156.0,53326336000.0,,,,,,,,,0.78,
40.341,30466484.0,59166900224.0,,,,,,,,,0.88,
33.459,31541216.0,62993698816.0,,,,,,,,,1.11,
28.417,32716214.0,64346107904.0,,,,,,,,,1.16,
32.744,33753500.0,62783393792.0,,,,,,,,,1.18,
29.884,34636212.0,64297426944.0,,,,,,,,,1.21,
29.56,35643420.0,68752801792.0,,,,,,,,,1.27,
33.908,36686788.0,67594969088.0,,,,,,,,,1.17,
30.314,37769496.0,,,,,,,,,,1.07,
27.393,38972236.0,,,,,,,,,,0.8,
27.135,40099460.0,,,,,,,,,,0.83,
,138752199.0,,,,,,,,,,,
,139021447.0,,,,,,,,,,,
,139489077.0,,,,,,,,,,,
,139992790.0,,,,,,,,,,,
,140510536.0,,,,,,,,,,,
,141042447.0,,,,,,,,,,,
,141588654.0,,,,,,,,,,,
,142149308.0,,,,,,,,,,,
,142724535.0,,,,,,,,,,,
,143305202.0,,,,,,,,,,,
,144064903.0,,,,,,,,,,,
,144480832.0,,,,,,,,,,,
,145067004.0,,,,,,,,,,,
,145657208.0,,,,,,,,,,,
,146256012.0,,,,,,,,,,,
,146863516.0,,,,,,,,,,,
,147479796.0,,,,,,,,,,,
,148104957.0,,,,,,,,,,,
,148713464.0,,,,,,,,,,,
,149572638.0,,,,,,,,,,,
,150861520.0,,,,,,,,,,,
,152062212.0,,,,,,,,,,,
,153693154.0,,,,,,,,,,,
,155594335.0,,,,,,,,,,,
,157523780.0,,,,,,,,,,,
,159481926.0,,,,,,,,,,,
,161469210.0,,,,,,,,,,,
,163486087.0,,,,,,,,,,,
,165533025.0,,,,,,,,,,,
,167612506.0,,,,,,,,,,,
,169924067.0,,,,,,,,,,,
,171875191.0,,,,,,,,,,,
,174050964.0,,,,,,,,,,,
,176265430.0,,,,,,,,,,,
,178512860.0,,,,,,,,,,,
,180793768.0,,,,,,,,,,,
,183108678.0,,,,,,,,,,,
,185458104.0,,,,,,,,,,,
,187842584.0,,,,,,,,,,,
,190381812.0,,,,,,,,,,,
,193306256.0,,,,,,,,,,,
,195943401.0,,,,,,,,,,,
,198975492.0,,,,,,,,,,,
,202181814.0,,,,,,,,,,,
,205448384.0,,,,,,,,,,,
,208776384.0,,,,,,,,,,,
,212172008.0,,,,,,,,,,,
,215621479.0,,,,,,,,,,,
,219141050.0,,,,,,,,,,,
,223001287.0,,,,,,,,,,,
,227549730.0,,,,,,,,,,,
,232484439.0,,,,,,,,,,,
,237586485.0,,,,,,,,,,,
,242837870.0,,,,,,,,,,,
,248245229.0,,,,,,,,,,,
,253848117.0,,,,,,,,,,,
,259631766.0,,,,,,,,,,,
,265515596.0,,,,,,,,,,,
,271429963.0,,,,,,,,,,,
,277648583.0,,,,,,,,,,,
,284288223.0,,,,,,,,,,,
,291177974.0,,,,,,,,,,,
,298334455.0,,,,,,,,,,,
,305755585.0,,,,,,,,,,,
,313466087.0,,,,,,,,,,,
716.321,321447378.0,,323.496,342.134,9.572,675.202,,0.0,41.119,41.119,,5.74
750.133,329658389.0,,323.122,370.45,10.698,704.27,,0.0,45.863,45.863,,6.114
757.934,338159967.0,,330.292,369.194,10.574,710.059,,0.0,47.876,47.876,,6.317
800.596,346980412.0,,343.513,390.366,10.717,744.596,,0.0,56.0,56.0,,6.995
822.668,356070643.0,,346.643,398.153,12.52,757.316,,0.0,65.352,65.352,,7.944
893.035,365450443.0,,360.757,435.027,15.549,811.332,,0.0,81.703,81.703,,9.149
953.168,375086296.0,,383.012,474.305,18.405,875.723,0.0,0.0,76.921,77.445,,8.07
1007.763,384930776.0,,384.211,510.73,24.671,919.611,0.0,0.0,87.625,88.152,,8.695
1091.498,395212420.0,,408.91,549.804,39.552,998.266,0.0,0.0,92.689,93.232,,8.492
1145.929,406069208.0,,425.646,569.739,44.518,1039.903,0.0,0.0,105.467,106.026,,9.204
1214.47,417556976.0,,451.08,597.671,53.638,1102.39,0.0,0.0,111.532,112.081,,9.184
1318.827,429573262.0,,481.074,652.585,60.981,1194.641,0.0,0.0,123.595,124.186,,9.372
1391.542,441701768.0,,491.698,695.195,68.234,1255.128,0.0,0.0,135.811,136.414,,9.76
1445.103,454463053.0,,477.816,732.366,97.37,1307.552,0.0,0.0,136.929,137.552,,9.475
1574.47,467976240.0,,507.247,771.175,148.843,1427.264,0.0,0.0,146.564,147.205,,9.309
1692.144,481543145.0,,543.557,818.155,186.914,1548.626,0.0,0.0,142.857,143.518,,8.442
1898.898,495655683.0,,635.799,885.493,228.491,1749.783,0.0,0.0,148.42,149.116,,7.816
2023.654,510540596.0,,701.176,926.532,246.734,1874.441,0.0,0.0,148.459,149.213,,7.336
2083.755,525335348.0,,713.246,964.704,271.275,1949.226,0.0,0.0,133.795,134.53,,6.421
2148.277,540183119.0,,762.898,982.036,259.903,2004.837,0.0,0.0,131.556,132.303,,6.124
2235.495,555652995.0,,787.166,1007.324,278.843,2073.333,0.0,0.0,146.222,147.081,258.986,6.541
2281.272,571646786.0,,805.356,984.456,313.271,2103.083,0.0,0.0,151.236,153.209,270.11,6.629
2354.796,588080029.0,,828.32,1038.56,323.384,2190.264,0.0,0.0,145.059,147.033,280.26,6.16
2520.53,604511530.0,,890.161,1081.791,358.445,2330.396,0.0,0.0,158.475,160.359,295.296,6.287
2524.404,621167964.0,,835.621,1117.556,371.471,2324.647,0.0,0.0,166.408,168.263,306.648,6.592
2607.795,638157571.0,,877.678,1135.74,398.645,2412.063,0.0,0.0,169.301,171.758,318.776,6.492
2604.879,655040869.0,,853.762,1141.671,401.636,2397.069,0.0,0.0,179.346,181.864,324.848,6.885
2644.118,671931834.0,,858.831,1163.94,421.27,2444.041,0.0,0.0,171.092,173.722,327.871,6.471
2651.378,689140286.0,,871.714,1175.885,412.644,2460.243,0.0,0.006,167.61,170.55,339.074,6.322
2740.697,706488557.0,,894.448,1213.968,431.828,2540.244,0.0,0.016,170.311,172.937,351.334,6.214
2851.555,724331972.0,,922.471,1255.875,461.243,2639.589,0.0,0.019,176.736,179.899,362.711,6.198
2924.229,742765067.0,,935.228,1283.199,484.192,2702.619,0.0,0.021,184.269,188.198,382.159,6.301
2986.172,761224818.0,,959.019,1323.631,474.476,2757.126,0.0,0.021,188.811,193.16,400.899,6.323
3032.402,779908311.0,,937.039,1354.957,499.337,2791.333,0.0,0.022,197.098,202.477,406.459,6.5
3125.31,799099611.0,,966.011,1404.469,504.02,2874.499,0.0,0.059,209.013,214.386,418.592,6.688
3195.78,818952374.0,,963.73,1407.994,556.822,2928.547,0.035,0.519,222.531,230.317,420.55,6.963
3309.953,839464127.0,,975.926,1422.895,634.636,3033.457,0.044,1.221,237.576,246.278,437.26,7.178
3352.77,860611762.0,,934.422,1456.789,670.636,3061.847,0.049,1.295,248.178,257.338,462.34,7.402
3514.813,882349569.0,,1017.048,1501.107,711.536,3229.692,0.058,1.553,239.477,249.881,485.21,6.813
3774.125,904781595.0,,1119.162,1571.339,783.106,3473.607,0.071,2.214,251.336,263.56,515.27,6.659
3785.367,927898412.0,,1039.073,1641.086,808.028,3488.187,0.084,2.235,254.379,266.151,535.65,6.72
3858.666,951740562.0,,1054.097,1657.112,843.748,3554.957,0.108,2.426,261.918,276.333,557.87,6.788
4005.508,976461747.0,,1071.633,1719.958,900.415,3692.005,0.143,2.873,269.185,282.796,583.29,6.72
4245.228,1001981577.0,,1180.725,1806.778,935.503,3923.006,0.204,3.686,272.483,287.156,592.76,6.419
4316.649,1028200528.0,,1176.002,1871.025,941.238,3988.265,0.268,4.438,278.046,294.066,595.5,6.441
4450.751,1055233717.0,,1165.736,1950.049,981.42,4097.205,0.6,6.341,298.874,317.519,663.11,6.715
4486.32,1082676070.0,,1147.93,1916.333,1061.593,4125.856,1.661,6.584,305.471,326.31,669.78,6.809
4665.49,1110797495.0,,1119.282,2036.679,1147.735,4303.697,2.722,6.898,304.926,327.673,695.36,6.536
4796.092,1140180888.0,,1131.415,2110.812,1170.619,4412.846,2.151,9.794,320.256,346.355,712.92,6.677
4927.997,1170299297.0,,1184.301,2132.531,1203.41,4520.241,5.164,13.708,336.394,371.897,738.82,6.826
5049.609,1201108186.0,,1120.459,2192.255,1326.687,4639.401,9.723,23.996,324.032,378.586,761.1,6.417
5182.204,1232111820.0,,1186.439,2207.707,1371.489,4765.635,14.24,29.92,312.725,377.97,769.03,6.035
5315.877,1263333997.0,,1185.35,2233.681,1450.059,4869.091,18.51,36.227,333.388,410.541,799.1,6.272
5433.933,1295265310.0,,1164.702,2255.987,1544.472,4965.162,22.178,39.059,354.023,439.371,815.02,6.515
5559.957,1327701380.0,,1230.668,2274.93,1551.534,5057.132,29.347,50.826,364.746,469.304,827.52,6.56
5266.976,1360677453.0,,1178.545,2024.547,1536.929,4740.021,40.155,50.177,388.309,501.998,807.51,7.373
5612.5,1393676724.0,,1159.794,2208.283,1684.705,5052.782,46.854,59.609,398.662,528.695,839.33,7.103
5626.826,1426736614.0,,1103.578,2329.607,1625.038,5058.223,47.402,62.294,408.593,543.335,892.734,7.262
716.321,,,323.496,342.134,9.572,675.202,,0.0,41.119,41.119,,5.74
750.133,,,323.122,370.45,10.698,704.27,,0.0,45.863,45.863,,6.114
757.935,,,330.292,369.194,10.574,710.059,,0.0,47.876,47.876,,6.317
800.596,,,343.513,390.366,10.717,744.596,,0.0,56.0,56.0,,6.995
822.668,,,346.643,398.153,12.52,757.316,,0.0,65.352,65.352,,7.944
893.035,,,360.757,435.027,15.548,811.332,,0.0,81.703,81.703,,9.149
953.168,,,383.012,474.305,18.405,875.723,0.0,0.0,76.921,77.445,,8.07
1007.763,,,384.211,510.73,24.671,919.611,0.0,0.0,87.625,88.152,,8.695
1091.498,,,408.91,549.804,39.552,998.266,0.0,0.0,92.689,93.232,,8.492
1145.929,,,425.646,569.739,44.518,1039.903,0.0,0.0,105.467,106.026,,9.204
1214.471,,,451.08,597.671,53.638,1102.39,0.0,0.0,111.532,112.081,,9.184
1318.826,,,481.074,652.585,60.981,1194.641,0.0,0.0,123.595,124.186,,9.372
1391.542,,,491.698,695.195,68.234,1255.128,0.0,0.0,135.811,136.414,,9.76
1445.103,,,477.816,732.366,97.37,1307.552,0.0,0.0,136.929,137.552,,9.475
1574.47,,,507.247,771.175,148.843,1427.264,0.0,0.0,146.564,147.205,,9.309
1692.144,,,543.557,818.155,186.914,1548.626,0.0,0.0,142.857,143.518,,8.442
1898.898,,,635.799,885.493,228.491,1749.783,0.0,0.0,148.42,149.116,,7.816
2023.654,,,701.176,926.532,246.734,1874.441,0.0,0.0,148.459,149.213,,7.336
2083.755,,,713.246,964.704,271.275,1949.226,0.0,0.0,133.795,134.53,,6.421
2148.277,,,762.898,982.036,259.903,2004.837,0.0,0.0,131.556,132.303,,6.124
2235.495,,,787.166,1007.324,278.843,2073.333,0.0,0.0,146.222,147.081,258.986,6.541
2281.272,,,805.356,984.456,313.271,2103.083,0.0,0.0,151.236,153.209,270.11,6.629
2354.796,,,828.32,1038.56,323.384,2190.264,0.0,0.0,145.059,147.033,280.26,6.16
2520.53,,,890.161,1081.791,358.445,2330.396,0.0,0.0,158.475,160.359,295.296,6.287
2524.405,,,835.621,1117.556,371.471,2324.647,0.0,0.0,166.408,168.263,306.648,6.592
2607.795,,,877.678,1135.74,398.645,2412.063,0.0,0.0,169.301,171.758,318.776,6.492
2604.879,,,853.762,1141.671,401.636,2397.069,0.0,0.0,179.346,181.864,324.848,6.885
2644.118,,,858.831,1163.94,421.27,2444.041,0.0,0.0,171.092,173.722,327.871,6.471
2651.378,,,871.714,1175.885,412.644,2460.243,0.0,0.006,167.61,170.55,339.074,6.322
2740.697,,,894.448,1213.968,431.828,2540.244,0.0,0.016,170.311,172.937,351.334,6.214
2851.555,,,922.471,1255.875,461.243,2639.589,0.0,0.019,176.736,179.899,362.711,6.198
2924.229,,,935.228,1283.199,484.192,2702.619,0.0,0.021,184.269,188.198,382.159,6.301
2986.172,,,959.019,1323.631,474.476,2757.126,0.0,0.021,188.811,193.16,400.899,6.323
3032.402,,,937.039,1354.956,499.337,2791.332,0.0,0.022,197.098,202.477,406.459,6.5
3125.31,,,966.011,1404.469,504.02,2874.499,0.0,0.059,209.013,214.386,418.592,6.688
3195.78,,,963.731,1407.994,556.822,2928.547,0.035,0.519,222.531,230.317,440.192,6.963
3309.953,,,975.926,1422.895,634.636,3033.457,0.044,1.221,237.576,246.278,459.122,7.178
3352.771,,,934.422,1456.789,670.636,3061.847,0.049,1.295,248.178,257.338,487.595,7.402
3514.814,,,1017.048,1501.107,711.536,3229.692,0.058,1.553,239.477,249.881,509.054,6.813
3774.125,,,1119.162,1571.339,783.106,3473.607,0.071,2.214,251.336,263.56,540.783,6.659
3785.367,,,1039.073,1641.086,808.028,3488.187,0.084,2.235,254.379,266.151,560.426,6.72
3858.666,,,1054.097,1657.112,843.748,3554.957,0.108,2.426,261.918,276.333,586.15,6.788
4005.508,,,1071.633,1719.958,900.414,3692.005,0.143,2.873,269.185,282.796,610.692,6.72
4245.228,,,1180.725,1806.778,935.503,3923.006,0.204,3.686,272.483,287.156,623.538,6.419
4316.649,,,1176.002,1871.025,941.238,3988.265,0.268,4.438,278.046,294.066,630.107,6.441
4450.751,,,1165.736,1950.049,981.42,4097.205,0.6,6.341,298.874,317.519,672.699,6.715
4486.32,,,1147.93,1916.333,1061.593,4125.856,1.661,6.584,305.471,326.31,688.602,6.809
4665.49,,,1119.282,2036.679,1147.735,4303.697,2.722,6.898,304.926,327.673,722.611,6.536
4796.092,,,1131.415,2110.812,1170.619,4412.846,2.151,9.794,320.256,346.355,745.502,6.677
4927.998,,,1184.301,2132.531,1203.41,4520.241,5.164,13.708,336.394,371.897,770.06,6.826
5049.609,,,1120.459,2192.255,1326.687,4639.401,9.723,23.996,324.032,378.586,789.988,6.417
5182.204,,,1186.439,2207.707,1371.489,4765.635,14.24,29.92,312.725,377.97,799.558,6.035
5315.877,,,1185.35,2233.681,1450.059,4869.091,18.51,36.227,333.388,410.541,826.26,6.272
5433.932,,,1164.702,2255.987,1544.472,4965.162,22.178,39.059,354.023,439.371,849.155,6.515
5559.957,,,1230.668,2274.93,1551.534,5057.132,29.347,50.826,364.746,469.304,867.271,6.56
5266.976,,,1178.545,2024.547,1536.928,4740.021,40.155,50.177,388.309,501.998,852.274,7.373
5612.5,,,1159.794,2208.283,1684.705,5052.782,46.854,59.609,398.662,528.695,896.922,7.103
5626.826,,,1103.578,2329.607,1625.038,5058.223,47.402,62.294,408.593,543.335,892.734,7.262
,,,,,,,,,,,420.55,
,,,,,,,,,,,437.26,
,,,,,,,,,,,462.34,
,,,,,,,,,,,485.21,
,,,,,,,,,,,515.27,
,,,,,,,,,,,535.65,
,,,,,,,,,,,557.87,
,,,,,,,,,,,583.29,
,,,,,,,,,,,592.76,
,,,,,,,,,,,595.5,
,,,,,,,,,,,663.11,
,,,,,,,,,,,669.78,
,,,,,,,,,,,695.36,
,,,,,,,,,,,712.92,
,,,,,,,,,,,738.82,
,,,,,,,,,,,761.1,
,,,,,,,,,,,769.03,
,,,,,,,,,,,799.1,
,,,,,,,,,,,815.02,
,,,,,,,,,,,827.52,
,,,,,,,,,,,807.51,
,,,,,,,,,,,839.33,
,,,,,,,,,,,895.62,
,,,,,,,,,,,,
,,,,,,,,,,,,
,,,,,,,,,,,,
,,,,,,,,,,,,
,,,,,,,,,,,,
,,,,,,,,,,,,
,,,,,,,,,,,,
,,,,,,,,,,,,
,,,,,,,,,,,,
,,,,,,,,,,,,
,,,,,,,,,,,,
,,,,,,,,,,,,
,,,,,,,,,,,,
,,,,,,,,,,,,
,,,,,,,,,,,,
,,,,,,,,,,,,
,,,,,,,,,,,,
,,,,,,,,,,,,
,,,,,,,,,,,,
,,,,,,,,,,,,
,,,,,,,,,,,,
,,,,,,,,,,,,
,,,,,,,,,,,,
,,,,,,,,,,,,
,,,,,,,,,,,,
,,,,,,,,,,,,
,,,,,,,,,,,,
,,,,,,,,,,,,
,,,,,,,,,,,,
,,,,,,,,,,,,
,,,,,,,,,,,,
,,,,,,,,,,,,
,,,,,,,,,,,,
,,,,,,,,,,,,
,,,,,,,,,,,,
,,,,,,,,,,,,
,,,,,,,,,,,,
,,,,,,,,,,,,
,,,,,,,,,,,,
,,,,,,,,,,,,
,,,,,,,,,,,,
,,,,,,,,,,,,
,,,,,,,,,,,,
,,,,,,,,,,,,
,,,,,,,,,,,,
,,,,,,,,,,,,
,,,,,,,,,,,,
,,,,,,,,,,,,
,,,,,,,,,,,,
,,,,,,,,,,,,
,,,,,,,,,,,,
,,,,,,,,,,,,
,,,,,,,,,,,,
,,,,,,,,,,,,
,,,,,,,,,,,,
,,,,,,,,,,,,
,,,,,,,,,,,,
,,,,,,,,,,,,
,,,,,,,,,,,,
,,,,,,,,,,,,
,,,,,,,,,,,,
,,,,,,,,,,,,
,,,,,,,,,,,,
,,,,,,,,,,,,
,,,,,,,,,,,,
,,,,,,,,,,,,
,,,,,,,,,,,,
,,,,,,,,,,,,
,,,,,,,,,,,,
,,,,,,,,,,,,
,,,,,,,,,,,,
,,,,,,,,,,,,
,,,,,,,,,,,,
,,,,,,,,,,,,
,,,,,,,,,,,,
,,,,,,,,,,,,
,,,,,,,,,,,,
,,,,,,,,,,,,
,,,,,,,,,,,,
,,,,,,,,,,,,
,,,,,,,,,,,,
,,,,,,,,,,,,
,,,,,,,,,,,,
,,,,,,,,,,,,
,,,,,,,,,,,,
,,,,,,,,,,,,
,,,,,,,,,,,,
,,,,,,,,,,,,
,,,,,,,,,,,,
,,,,,,,,,,,,
,,,,,,,,,,,,
,,,,,,,,,,,,
,,,,,,,,,,,,
,,,,,,,,,,,,
,,,,,,,,,,,,
,,,,,,,,,,,,
,,,,,,,,,,,,
,,,,,,,,,,,,
,,,,,,,,,,,,
,,,,,,,,,,,,
,,,,,,,,,,,,
,,,,,,,,,,,,
,,,,,,,,,,,,
,,,,,,,,,,,,
,,,,,,,,,,,,
,,,,,,,,,,,,
,,,,,,,,,,,,
,,,,,,,,,,,,
,,,,,,,,,,,,
,,,,,,,,,,,,
,,,,,,,,,,,,
,,,,,,,,,,,,
,,,,,,,,,,,,
,,,,,,,,,,,,
,,,,,,,,,,,,
,,,,,,,,,,,,
,,,,,,,,,,,,
,805974.0,873600000.0,,,,,,,,,,
,813539.0,,,,,,,,,,,
,821036.0,,,,,,,,,,,
,828461.0,,,,,,,,,,,
,835954.0,,,,,,,,,,,
,843514.0,,,,,,,,,,,
,851143.0,,,,,,,,,,,
,858841.0,,,,,,,,,,,
,866609.0,,,,,,,,,,,
,874016.0,,,,,,,,,,,
,881057.0,1086381952.0,,,,,,,,,,
,887724.0,,,,,,,,,,,
,894013.0,,,,,,,,,,,
,899917.0,1161113984.0,,,,,,,,,,
,905859.0,,,,,,,,,,,
,911841.0,,,,,,,,,,,
,917862.0,,,,,,,,,,,
,923923.0,,,,,,,,,,,
,929879.0,,,,,,,,,,,
,935646.0,,,,,,,,,,,
,941221.0,,,,,,,,,,,
,946603.0,,,,,,,,,,,
,951788.0,,,,,,,,,,,
,956775.0,,,,,,,,,,,
,961788.0,,,,,,,,,,,
,966828.0,,,,,,,,,,,
,971893.0,,,,,,,,,,,
,976986.0,,,,,,,,,,,
,982104.0,,,,,,,,,,,
,988255.0,1442051968.0,,,,,,,,,,
,995454.0,,,,,,,,,,,
,1003716.0,,,,,,,,,,,
,1013057.0,,,,,,,,,,,
,1023495.0,,,,,,,,,,,
,1034040.0,,,,,,,,,,,
,1044694.0,,,,,,,,,,,
,1055458.0,,,,,,,,,,,
,1066333.0,,,,,,,,,,,
,1077319.0,,,,,,,,,,,
,1088816.0,,,,,,,,,,,
,1100833.0,,,,,,,,,,,
,1113381.0,,,,,,,,,,,
,1126469.0,,,,,,,,,,,
,1140109.0,,,,,,,,,,,
,1153914.0,,,,,,,,,,,
,1167887.0,,,,,,,,,,,
,1182028.0,,,,,,,,,,,
,1196341.0,,,,,,,,,,,
,1210827.0,,,,,,,,,,,
,1229519.0,,,,,,,,,,,
,1252587.0,1958540928.0,,,,,,,,,,
,1289175.0,2089362304.0,,,,,,,,,,
,1326957.0,2138255872.0,,,,,,,,,,
,1366747.0,2282159616.0,,,,,,,,,,
,1409011.0,2415072768.0,,,,,,,,,,
,1453732.0,2620052736.0,,,,,,,,,,
,1500625.0,2728373248.0,,,,,,,,,,
,1549575.0,2986969600.0,,,,,,,,,,
,1600986.0,3216275456.0,,,,,,,,,,
,1655022.0,3458495232.0,,,,,,,,,,
,1711189.0,3754262784.0,,,,,,,,,,
,1769076.0,3909912832.0,,,,,,,,,,
,1828234.0,4163081984.0,,,,,,,,,,
,1888302.0,4433270272.0,,,,,,,,,,
,1949020.0,4719963648.0,,,,,,,,,,
,2009793.0,5029350912.0,,,,,,,,,,
,2070694.0,5354307584.0,,,,,,,,,,
,2132447.0,5706156544.0,,,,,,,,,,
,2195474.0,6073281536.0,,,,,,,,,,
,2259797.0,6468810240.0,,,,,,,,,,
,2324733.0,6888218624.0,,,,,,,,,,
,2389820.0,7337364480.0,,,,,,,,,,
,2455181.0,7811524608.0,,,,,,,,,,
,2520442.0,8317288448.0,,,,,,,,,,
,2585457.0,8539399680.0,,,,,,,,,,
,2650128.0,8761643008.0,,,,,,,,,,
,2713564.0,8996929536.0,,,,,,,,,,
,2774798.0,9235805184.0,,,,,,,,,,
,2833317.0,9474237440.0,,,,,,,,,,
,2888764.0,9727295488.0,,,,,,,,,,
47.765,2941650.0,9993752576.0,,,,,,,,,,
47.491,2992391.0,10248711168.0,,,,,,,,,,
47.725,3041188.0,10517106688.0,,,,,,,,,,
49.627,3087904.0,10795983872.0,,,,,,,,,,
49.941,3131731.0,11080088576.0,,,,,,,,,,
49.839,3171727.0,11371456512.0,,,,,,,,,,
48.672,3207129.0,11669744640.0,,,,,,,,,,
48.838,3237677.0,11975300096.0,,,,,,,,,,
49.409,3263019.0,12296424448.0,,,,,,,,,,
46.991,3282187.0,12617018368.0,,,,,,,,,,
33.658,3295073.0,12947849216.0,,,,,,,,,3.3,
28.23,3302087.0,9375844352.0,,,,,,,,,3.82,
24.674,3303738.0,8745680896.0,,,,,,,,,3.4,
21.638,3300715.0,9636359168.0,,,,,,,,,3.53,
20.567,3294001.0,10596127744.0,,,,,,,,,3.94,
22.728,3284370.0,11600734208.0,,,,,,,,,4.47,
25.011,3271336.0,12727380992.0,,,,,,,,,5.99,
22.844,3253721.0,11396507648.0,,,,,,,,,5.23,
24.572,3232185.0,12466707456.0,,,,,,,,,5.11,
22.114,3208265.0,14151858176.0,,,,,,,,,5.42,
28.732,3182027.0,15214264320.0,,,,,,,,,4.69,
27.233,3153615.0,16563844096.0,,,,,,,,,3.65,
29.497,3123554.0,17408065536.0,,,,,,,,,3.64,
33.27,3092993.0,18465497088.0,,,,,,,,,5.22,
35.487,3062629.0,19587880960.0,,,,,,,,,5.54,
35.014,3032636.0,20781076480.0,,,,,,,,,5.39,
32.967,3003391.0,22124285952.0,,,,,,,,,5.04,
28.377,2976089.0,23574646784.0,,,,,,,,,2.83,
30.991,2951690.0,25476937728.0,,,,,,,,,3.83,
33.773,2930553.0,26471389184.0,,,,,,,,,5.2,
36.061,2913402.0,27598268416.0,,,,,,,,,7.49,
31.486,2900660.0,28452651008.0,,,,,,,,,4.15,
30.81,2892191.0,28855377920.0,,,,,,,,,4.68,
38.665,2887019.0,29142642688.0,,,,,,,,,6.89,
34.06,2884100.0,29675640832.0,,,,,,,,,4.68,
34.083,2882482.0,30444531712.0,,,,,,,,,5.84,
39.827,2881064.0,31481821184.0,,,,,,,,,7.7,
36.863,2879361.0,32678760448.0,,,,,,,,,4.48,
42.032,2877019.0,34009112576.0,,,,,,,,,8.47,
33.296,2873883.0,,,,,,,,,,5.17,
31.988,2866850.0,,,,,,,,,,5.31,
40.253,2854710.0,,,,,,,,,,8.96,
,4721802.0,,,,,,,,,,,
,4787149.0,,,,,,,,,,,
,4859600.0,,,,,,,,,,,
,4939332.0,,,,,,,,,,,
,5020372.0,,,,,,,,,,,
,5102742.0,,,,,,,,,,,
,5186463.0,,,,,,,,,,,
,5271557.0,,,,,,,,,,,
,5358048.0,,,,,,,,,,,
,5433528.0,,,,,,,,,,,
,5497750.0,,,,,,,,,,,
,5550464.0,,,,,,,,,,,
,5591415.0,,,,,,,,,,,
,5620343.0,10191437824.0,,,,,,,,,,
,5649420.0,,,,,,,,,,,
,5678648.0,,,,,,,,,,,
,5708027.0,,,,,,,,,,,
,5737558.0,,,,,,,,,,,
,5766569.0,,,,,,,,,,,
,5802743.0,,,,,,,,,,,
,5846192.0,,,,,,,,,,,
,5897033.0,,,,,,,,,,,
,5955381.0,,,,,,,,,,,
,6021355.0,,,,,,,,,,,
,6088060.0,,,,,,,,,,,
,6155505.0,,,,,,,,,,,
,6223696.0,,,,,,,,,,,
,6292643.0,,,,,,,,,,,
,6362353.0,,,,,,,,,,,
,6441431.0,,,,,,,,,,,
,6530132.0,,,,,,,,,,,
,6628718.0,,,,,,,,,,,
,6737455.0,,,,,,,,,,,
,6856617.0,,,,,,,,,,,
,6977885.0,,,,,,,,,,,
,7101299.0,,,,,,,,,,,
,7226895.0,,,,,,,,,,,
,7354713.0,,,,,,,,,,,
,7484792.0,,,,,,,,,,,
,7613042.0,,,,,,,,,,,
,7739370.0,,,,,,,,,,,
,7863680.0,,,,,,,,,,,
,7985870.0,,,,,,,,,,,
,8105839.0,,,,,,,,,,,
,8227611.0,,,,,,,,,,,
,8351211.0,,,,,,,,,,,
,8476669.0,,,,,,,,,,,
,8604011.0,,,,,,,,,,,
,8733267.0,,,,,,,,,,,
,8871792.0,,,,,,,,,,,
,9019866.0,19350554624.0,,,,,,,,,,
,9271741.0,19480383488.0,,,,,,,,,,
,9521703.0,20349999104.0,,,,,,,,,,
,9771686.0,20798191616.0,,,,,,,,,,
,10011548.0,22019014656.0,,,,,,,,,,
,10242297.0,22665783296.0,,,,,,,,,,
,10473167.0,24891404288.0,,,,,,,,,,
,10703259.0,27721039872.0,,,,,,,,,,
,10933788.0,28728694784.0,,,,,,,,,,
,11164451.0,33993146368.0,,,,,,,,,,
,11394309.0,36306128896.0,,,,,,,,,,
,11598615.0,31896877056.0,,,,,,,,,,
,11778265.0,25126164480.0,,,,,,,,,,
,11969449.0,31766970368.0,,,,,,,,,,
,12179097.0,33433417728.0,,,,,,,,,,
24.833,12381262.0,35661975552.0,0.814,15.405,7.431,23.65,,,1.183,1.183,,4.763
29.833,12613398.0,33932634112.0,0.791,20.273,7.719,28.783,,,1.05,1.05,,3.519
28.247,12897121.0,37094768640.0,0.605,18.942,7.488,27.035,,,1.212,1.212,,4.292
30.345,13190979.0,41423888384.0,0.64,20.167,7.873,28.68,,,1.665,1.665,,5.486
33.539,13491022.0,45387460608.0,0.814,21.306,10.352,32.472,,,1.067,1.067,,3.183
36.759,13795915.0,49945669632.0,0.965,24.348,9.731,35.044,,,1.715,1.715,,4.666
39.733,14110269.0,45701218304.0,0.267,27.44,11.049,38.757,,,0.976,0.976,,2.456
44.648,14439750.0,55293906944.0,0.233,30.121,12.83,43.184,,,1.464,1.464,,3.278
53.251,14786473.0,57097850880.0,0.267,32.9,17.859,51.027,,,2.224,2.224,,4.176
58.909,15153601.0,60577882112.0,0.221,36.544,20.674,57.439,,,1.47,1.47,,2.495
70.37,15724698.0,64883814400.0,0.279,40.631,28.49,69.4,,,0.97,0.97,,1.378
82.102,16500516.0,69150105600.0,0.547,46.718,33.688,80.952,,,1.15,1.15,,1.401
90.213,17134196.0,75438030848.0,0.709,52.806,35.901,89.417,,,0.795,0.795,,0.882
113.361,17632646.0,85103919104.0,0.361,54.608,57.654,112.622,,,0.739,0.739,,0.652
148.54,18166982.0,92753895424.0,0.837,65.319,81.524,147.68,,,0.86,0.86,,0.579
177.143,18739378.0,94481653760.0,0.744,66.202,109.436,176.383,,,0.76,0.76,,0.429
215.186,19351356.0,96860520448.0,0.523,71.323,142.257,214.104,,,1.082,1.082,,0.503
248.112,20000098.0,103073660928.0,9.711,75.573,161.411,246.696,,,1.416,1.416,,0.571
270.967,20682110.0,108430385152.0,8.664,84.892,176.715,270.272,,,0.695,0.695,,0.256
260.196,21393532.0,114406670336.0,9.606,94.002,155.251,258.86,,,1.337,1.337,,0.514
262.297,22132910.0,120364212224.0,10.025,96.554,153.807,260.386,,,1.91,1.91,12.274,0.728
277.491,22882560.0,119145037824.0,10.293,98.021,168.437,276.751,,,0.739,0.739,12.981,0.266
285.168,23586098.0,118321217536.0,12.305,99.101,172.288,283.693,,,1.476,1.476,12.722,0.517
305.422,24243024.0,115821715456.0,11.572,99.173,194.136,304.881,,,0.541,0.541,13.966,0.177
297.068,24889516.0,119762436096.0,9.781,103.937,182.683,296.4,,,0.668,0.668,15.324,0.225
314.974,25518074.0,117843181568.0,7.664,111.812,195.099,314.575,0.0,0.0,0.399,0.399,16.104,0.127
312.095,26133906.0,121105154048.0,7.908,110.628,192.692,311.229,0.0,0.0,0.866,0.866,17.345,0.278
320.227,26748302.0,127982673920.0,9.397,111.293,198.949,319.638,0.0,0.0,0.588,0.588,18.286,0.184
297.995,27354326.0,130275762176.0,7.653,110.755,178.544,296.951,0.0,0.0,1.044,1.044,19.414,0.35
301.921,27937006.0,134279872512.0,7.211,106.051,188.169,301.43,0.0,0.0,0.491,0.491,19.883,0.163
313.145,28478024.0,145054695424.0,7.211,103.142,202.221,312.574,0.0,0.0,0.571,0.571,19.715,0.182
309.925,28984640.0,156579102720.0,3.396,98.422,207.707,309.526,0.0,0.0,0.399,0.399,20.654,0.129
297.86,29476030.0,164644454400.0,5.955,97.643,194.04,297.638,0.0,0.0,0.222,0.222,21.497,0.074
308.349,29924664.0,179962871808.0,6.373,100.659,200.681,307.713,0.0,0.0,0.636,0.636,23.262,0.206
311.434,30346086.0,193179811840.0,6.827,98.898,205.109,310.834,0.0,0.0,0.6,0.6,24.757,0.193
299.946,30774624.0,208554147840.0,5.641,103.132,191.013,299.786,0.0,0.0,0.16,0.16,23.89,0.053
310.813,31200984.0,223420301312.0,6.513,106.775,197.322,310.61,0.0,0.0,0.203,0.203,25.03,0.065
321.951,31624700.0,245360885760.0,8.548,118.397,194.839,321.784,0.0,0.0,0.166,0.166,26.0,0.052
336.922,32055882.0,273568645120.0,7.048,123.174,205.932,336.154,0.0,0.0,0.769,0.769,27.8,0.228
349.778,32510184.0,296773615616.0,8.408,128.747,211.899,349.055,0.0,0.0,0.723,0.723,29.39,0.207
366.272,32956690.0,326854475776.0,6.908,134.213,223.56,364.681,0.0,0.0,1.59,1.59,31.91,0.434
379.22,33435082.0,345705349120.0,10.258,139.846,228.497,378.601,0.0,0.0,0.619,0.619,33.12,0.163
399.64,33983836.0,371665207296.0,8.804,156.39,233.807,399.001,0.0,0.0,0.639,0.639,34.97,0.16
423.557,34569592.0,395658559488.0,8.804,169.916,244.042,422.762,0.0,0.0,0.795,0.795,37.83,0.188
448.859,35196040.0,418247671808.0,5.652,180.134,262.118,447.904,0.0,0.0,0.955,0.955,36.21,0.213
438.995,35856348.0,450705883136.0,3.605,181.612,253.272,438.489,0.025,0.0,0.48,0.505,42.99,0.109
464.488,36543548.0,482034778112.0,3.198,192.228,267.97,463.396,0.05,0.0,1.043,1.093,48.17,0.224
507.672,37260568.0,497923358720.0,3.396,204.395,298.741,506.532,0.073,0.0,1.067,1.14,53.98,0.21
536.977,38000628.0,511887736832.0,1.838,213.576,321.215,536.629,0.078,0.0,0.27,0.348,56.32,0.05
585.613,38760168.0,531308085248.0,2.082,221.925,360.918,584.925,0.163,0.003,0.523,0.688,60.4,0.089
617.518,39543148.0,551519125504.0,1.547,236.148,379.225,616.92,0.156,0.051,0.39,0.598,64.68,0.063
616.996,40339328.0,574696128512.0,0.57,229.564,385.962,616.096,0.656,0.051,0.193,0.9,66.77,0.031
623.795,41136548.0,582167232512.0,2.117,225.512,394.625,622.254,1.341,0.051,0.149,1.541,71.5,0.024
669.62,41927008.0,590317551616.0,5.815,227.786,434.087,667.688,1.595,0.026,0.31,1.931,72.1,0.046
694.349,42705372.0,,4.803,236.951,450.546,692.301,1.621,0.026,0.401,2.048,76.69,0.058
648.899,43451668.0,,1.524,211.925,433.5,646.949,1.799,0.02,0.13,1.949,72.73,0.02
703.068,44177964.0,,3.105,221.159,477.015,701.279,1.737,0.027,0.024,1.789,77.53,0.003
684.87,44903228.0,,1.497,238.618,442.75,682.865,1.777,0.027,0.2,2.005,91.643,0.029
1.727,32908.0,,,,,,,,,,,
2.03,34080.0,,,,,,,,,,,
2.83,35388.0,,,,,,,,,,,
1.784,36755.0,,,,,,,,,,,
2.036,38193.0,,,,,,,,,,,
1.907,39688.0,,,,,,,,,,,
1.968,41240.0,,,,,,,,,,,
2.044,42859.0,,,,,,,,,,,
1.987,44564.0,,,,,,,,,,,
2.288,46310.0,,,,,,,,,,,
2.406,47841.0,,,,,,,,,,,
2.406,49016.0,,,,,,,,,,,
2.475,50096.0,,,,,,,,,,,
2.408,51195.0,,,,,,,,,,,
2.346,52311.0,,,,,,,,,,,
2.283,53421.0,,,,,,,,,,,
2.289,54523.0,,,,,,,,,,,
2.346,55595.0,,,,,,,,,,,
2.346,56626.0,,,,,,,,,,,
2.346,57617.0,,,,,,,,,,,
2.297,58251.0,,,,,,,,,,0.16,
2.297,58342.0,,,,,,,,,,0.16,
2.335,58200.0,,,,,,,,,,0.17,
2.335,57962.0,,,,,,,,,,0.18,
2.335,57653.0,,,,,,,,,,0.18,
2.48,57277.0,,,,,,,,,,0.18,
2.522,56857.0,,,,,,,,,,0.18,
2.522,56402.0,,,,,,,,,,0.18,
2.529,55909.0,,,,,,,,,,0.19,
2.522,55386.0,,,,,,,,,,0.18,
2.522,54871.0,,,,,,,,,,0.16,
1.439,54334.0,,,,,,,,,,0.16,
1.446,53718.0,,,,,,,,,,0.16,
1.445,53017.0,,,,,,,,,,0.16,
1.445,52234.0,,,,,,,,,,0.16,
1.445,51391.0,,,,,,,,,,0.16,
1.451,50468.0,,,,,,,,,,0.17,
1.453,49486.0,,,,,,,,,,0.17,
1.453,48445.0,,,,,,,,,,0.16,
1.452,47341.0,,,,,,,,,,0.16,
1.384,46216.0,,,,,,,,,,0.15,
1.596,45056.0,,,,,,,,,,0.16,
,3101503.0,,,,,,,,,,,
,3083888.0,,,,,,,,,,,
,3064493.0,,,,,,,,,,,
,3043335.0,,,,,,,,,,,
,3022320.0,,,,,,,,,,,
,3001447.0,,,,,,,,,,,
,2980714.0,,,,,,,,,,,
,2960121.0,,,,,,,,,,,
,2939666.0,,,,,,,,,,,
,2921666.0,,,,,,,,,,,
,2906100.0,,,,,,,,,,,
,2892945.0,,,,,,,,,,,
,2882183.0,,,,,,,,,,,
,2873791.0,,,,,,,,,,,
,2865420.0,,,,,,,,,,,
,2857070.0,,,,,,,,,,,
,2848742.0,,,,,,,,,,,
,2840434.0,,,,,,,,,,,
,2829072.0,,,,,,,,,,,
,2828420.0,,,,,,,,,,,
,2838595.0,,,,,,,,,,,
,2859717.0,,,,,,,,,,,
,2891905.0,,,,,,,,,,,
,2935284.0,,,,,,,,,,,
,2979313.0,,,,,,,,,,,
,3024003.0,,,,,,,,,,,
,3069363.0,,,,,,,,,,,
,3115404.0,,,,,,,,,,,
,3162135.0,,,,,,,,,,,
,3208915.0,,,,,,,,,,,
,3255737.0,,,,,,,,,,,
,3302592.0,,,,,,,,,,,
,3349470.0,,,,,,,,,,,
,3396362.0,,,,,,,,,,,
,3443911.0,,,,,,,,,,,
,3492126.0,,,,,,,,,,,
,3541016.0,,,,,,,,,,,
,3590590.0,,,,,,,,,,,
,3640858.0,,,,,,,,,,,
,3694824.0,,,,,,,,,,,
,3752594.0,,,,,,,,,,,
,3814276.0,,,,,,,,,,,
,3879980.0,,,,,,,,,,,
,3949820.0,,,,,,,,,,,
,4020916.0,,,,,,,,,,,
,4093293.0,,,,,,,,,,,
,4166972.0,,,,,,,,,,,
,4241977.0,,,,,,,,,,,
,4318333.0,,,,,,,,,,,
,4397048.0,,,,,,,,,,,
,4478186.0,6905243648.0,,,,,,,,,,
,4569744.0,7156857856.0,,,,,,,,,,
,4663968.0,7427326976.0,,,,,,,,,,
,4758721.0,7707442688.0,,,,,,,,,,
,4850457.0,7494946304.0,,,,,,,,,,
,4938121.0,8094498304.0,,,,,,,,,,
,5022111.0,7944564736.0,,,,,,,,,,
,5104334.0,8703076352.0,,,,,,,,,,
,5185843.0,9169780736.0,,,,,,,,,,
,5269954.0,9207761920.0,,,,,,,,,,
,5357201.0,9580296192.0,,,,,,,,,,
,5441328.0,10574287872.0,,,,,,,,,,
,5521405.0,10269759488.0,,,,,,,,,,
,5599831.0,10823089152.0,,,,,,,,,,
,5673208.0,12097687552.0,,,,,,,,,,
,5736588.0,13062976512.0,,,,,,,,,,
,5787056.0,13762507776.0,,,,,,,,,,
,5827502.0,14446281728.0,,,,,,,,,,
,5868201.0,14258772992.0,,,,,,,,,,
,5928387.0,14746072064.0,,,,,,,,,,
,6029702.0,15796654080.0,,,,,,,,,,
,6177053.0,15843643392.0,,,,,,,,,,
,6364736.0,16088033280.0,,,,,,,,,,
,6578237.0,17187186688.0,,,,,,,,,,
,6802495.0,16327890944.0,,,,,,,,,,
,7032728.0,10064128000.0,,,,,,,,,,
,7266788.0,9040012288.0,,,,,,,,,,
,7511898.0,9245571072.0,,,,,,,,,,
,7771595.0,9619385344.0,,,,,,,,,,
,8043223.0,9853037568.0,,,,,,,,,,
17.105,8330053.0,10330398720.0,,,,,,,,,,
16.958,8631461.0,10119853056.0,,,,,,,,,,
18.173,8947154.0,9643454464.0,,,,,,,,,,
19.43,9276704.0,9325808640.0,,,,,,,,,,
17.553,9617709.0,9370042368.0,,,,,,,,,,
21.619,9970631.0,9420208128.0,,,,,,,,,,
21.351,10332577.0,8569987072.0,,,,,,,,,,
22.02,10694060.0,9540738048.0,,,,,,,,,,
22.712,11060263.0,10911810560.0,,,,,,,,,,
21.975,11439505.0,11089227776.0,,,,,,,,,,
23.331,11828643.0,11482503168.0,,,,,,,,,,
24.454,12228698.0,12341160960.0,,,,,,,,,,
24.814,12632509.0,12363426816.0,,,,,,,,,,
24.361,13038277.0,9985481728.0,,,,,,,,,,
23.769,13462032.0,10760810496.0,,,,,,,,,,
25.496,13912258.0,13143744512.0,,,,,,,,,,
24.504,14383352.0,15819794432.0,,,,,,,,,,
27.524,14871148.0,17972224000.0,,,,,,,,,,
24.773,15366866.0,19904956416.0,,,,,,,,,,
27.651,15870759.0,21527384064.0,,,,,,,,,,
32.448,16394067.0,23512020992.0,,,,,,,,,1.4,
35.234,16941584.0,26014777344.0,,,,,,,,,1.59,
37.546,17516140.0,31389599744.0,,,,,,,,,1.71,
41.666,18124346.0,35081187328.0,,,,,,,,,1.94,
46.077,18771128.0,41307009024.0,,,,,,,,,2.18,
39.23,19450962.0,51967275008.0,,,,,,,,,2.73,
49.463,20162338.0,66748907520.0,,,,,,,,,3.24,
56.855,20909692.0,87085293568.0,,,,,,,,,3.15,
66.637,21691524.0,105591652352.0,,,,,,,,,4.06,
75.825,22507674.0,115245899776.0,,,,,,,,,4.6,
83.179,23364196.0,126981791744.0,,,,,,,,,5.32,
87.199,24259120.0,140474318848.0,,,,,,,,,5.53,
91.069,25188298.0,149070692352.0,,,,,,,,,6.03,
101.919,26147012.0,160861175808.0,,,,,,,,,7.97,
112.177,27128340.0,170193272832.0,,,,,,,,,9.22,
116.999,28127724.0,176848732160.0,,,,,,,,,9.31,
106.752,29154742.0,178333876224.0,,,,,,,,,10.21,
101.83,30208634.0,178066374656.0,,,,,,,,,10.68,
105.279,31273538.0,175929573376.0,,,,,,,,,12.83,
118.654,32353592.0,,,,,,,,,,15.4,
117.908,33428490.0,,,,,,,,,,16.59,
96.311,34503776.0,,,,,,,,,,16.43,
,35588996.0,,,,,,,,,,,
0.625,,,,,,,,,,,,
0.623,,,,,,,,,,,,
0.623,,,,,,,,,,,,
0.623,,,,,,,,,,,,
0.812,,,,,,,,,,,,
0.872,,,,,,,,,,,,
0.81,,,,,,,,,,,,
0.81,,,,,,,,,,,,
0.875,,,,,,,,,,,,
0.81,,,,,,,,,,,,
0.872,,,,,,,,,,,,
0.872,,,,,,,,,,,,
0.875,,,,,,,,,,,,
0.872,,,,,,,,,,,,
0.872,,,,,,,,,,,,
0.935,,,,,,,,,,,,
0.937,,,,,,,,,,,,
0.935,,,,,,,,,,,,
0.935,,,,,,,,,,,,
0.935,,,,,,,,,,,,
0.93,,,,,,,,,,,,
0.955,,,,,,,,,,,,
0.955,,,,,,,,,,,,
0.955,,,,,,,,,,,,
0.968,,,,,,,,,,,,
0.974,,,,,,,,,,,,
0.974,,,,,,,,,,,,
0.986,,,,,,,,,,,,
0.049,,,,,,,,,,,,
0.067,,,,,,,,,,,,
0.067,,,,,,,,,,,,
0.067,,,,,,,,,,,,
0.058,,,,,,,,,,,,
0.057,,,,,,,,,,,,
0.057,,,,,,,,,,,,
0.058,,,,,,,,,,,,
0.058,,,,,,,,,,,,
0.055,,,,,,,,,,,,
0.055,,,,,,,,,,,,
0.055,,,,,,,,,,,,
0.046,,,,,,,,,,,,
0.049,,,,,,,,,,,,
1.701,64907.0,,,,,,,,,,,
1.515,65092.0,,,,,,,,,,,
2.06,65246.0,,,,,,,,,,,
1.212,65426.0,,,,,,,,,,,
1.337,65379.0,,,,,,,,,,,
1.333,65068.0,,,,,,,,,,,
1.355,64732.0,,,,,,,,,,,
1.687,64373.0,,,,,,,,,,,
1.691,64002.0,,,,,,,,,,,
1.687,63657.0,,,,,,,,,,,
1.749,63346.0,,,,,,,,,,,
1.743,63653.0,,,,,,,,,,,
1.748,64676.0,,,,,,,,,,,
1.743,65849.0,,,,,,,,,,,
1.866,67091.0,,,,,,,,,,,
1.989,68417.0,,,,,,,,,,,
1.995,69817.0,,,,,,,,,,,
2.05,71233.0,,,,,,,,,,,
2.05,72589.0,,,,,,,,,,,
2.05,73833.0,,,,,,,,,,,
2.136,75070.0,,,,,,,,,,0.14,
2.136,76227.0,,,,,,,,,,0.16,
2.29,77216.0,,,,,,,,,,0.18,
2.407,78095.0,,,,,,,,,,0.2,
2.497,78955.0,,,,,,,,,,0.21,
2.535,79879.0,,,,,,,,,,0.23,
2.613,80909.0,,,,,,,,,,0.24,
2.738,82035.0,,,,,,,,,,0.26,
2.801,83267.0,,,,,,,,,,0.27,
2.935,84546.0,,,,,,,,,,0.31,
2.837,85710.0,,,,,,,,,,0.32,
2.829,86749.0,,,,,,,,,,0.32,
2.908,87688.0,,,,,,,,,,0.31,
2.908,88512.0,,,,,,,,,,0.31,
2.973,89252.0,,,,,,,,,,0.32,
3.043,89958.0,,,,,,,,,,0.33,
3.088,90575.0,,,,,,,,,,0.32,
2.937,91133.0,,,,,,,,,,0.33,
3.027,91644.0,,,,,,,,,,0.33,
3.043,92127.0,,,,,,,,,,0.34,
2.575,92672.0,,,,,,,,,,0.33,
2.747,93229.0,,,,,,,,,,0.35,
,4685089.0,21508018176.0,,,,,,,,,,
,4855502.0,22371942400.0,,,,,,,,,,
,5036658.0,21914859520.0,,,,,,,,,,
,5229108.0,25056325632.0,,,,,,,,,,
,5428911.0,27744129024.0,,,,,,,,,,
,5636349.0,31406880768.0,,,,,,,,,,
,5851713.0,32980647936.0,,,,,,,,,,
,6075305.0,33673998336.0,,,,,,,,,,
,6307441.0,36961689600.0,,,,,,,,,,
,6532092.0,38819262464.0,,,,,,,,,,
,6748544.0,41644912640.0,,,,,,,,,,
,6956048.0,42382159872.0,,,,,,,,,,
,7153812.0,45863510016.0,,,,,,,,,,
,7341005.0,46315954176.0,,,,,,,,,,
,7533097.0,41498755072.0,,,,,,,,,,
,7730214.0,41740312576.0,,,,,,,,,,
,7932490.0,40529502208.0,,,,,,,,,,
,8140058.0,37239177216.0,,,,,,,,,,
,8354021.0,44097687552.0,,,,,,,,,,
,8579951.0,45710110720.0,,,,,,,,,,
,8818354.0,49054494720.0,,,,,,,,,,
,9069751.0,50306035712.0,,,,,,,,,,
,9334686.0,54296928256.0,,,,,,,,,,
,9613722.0,60309590016.0,,,,,,,,,,
,9901098.0,64989057024.0,,,,,,,,,,
,10197065.0,64706424832.0,,,,,,,,,,
,10501879.0,67810631680.0,,,,,,,,,,
,10815805.0,72643125248.0,,,,,,,,,,
,11139114.0,77168877568.0,,,,,,,,,,
,11443159.0,80691912704.0,,,,,,,,,,
,11726853.0,77359685632.0,,,,,,,,,,
,11989069.0,71992139776.0,,,,,,,,,,
,12228636.0,69624832000.0,,,,,,,,,,
,12444339.0,72859959296.0,,,,,,,,,,
,12663847.0,78659584000.0,,,,,,,,,,
,12887227.0,82125021184.0,,,,,,,,,,
,13114548.0,82689359872.0,,,,,,,,,,
,13345878.0,88696750080.0,,,,,,,,,,
,13581288.0,89082486784.0,,,,,,,,,,
,13825464.0,92462211072.0,,,,,,,,,,
,14078649.0,93982973952.0,,,,,,,,,,
,14341093.0,98812125184.0,,,,,,,,,,
,14613051.0,99962904576.0,,,,,,,,,,
,14894786.0,99170082816.0,,,,,,,,,,
,15181952.0,110433869824.0,,,,,,,,,,
,15474655.0,106852769792.0,,,,,,,,,,
,15773001.0,116403142656.0,,,,,,,,,,
,16077098.0,129321500672.0,,,,,,,,,,
,16387059.0,136522203136.0,,,,,,,,,,
,16700599.0,134649167872.0,,,,,,,,,,
,17017748.0,136328019968.0,,,,,,,,,,
,17354614.0,141645234176.0,,,,,,,,,,
,17693856.0,134416834560.0,,,,,,,,,,
,18032748.0,141635207168.0,,,,,,,,,,
,18369248.0,147492470784.0,,,,,,,,,,
,18700684.0,158009442304.0,,,,,,,,,,
,19031200.0,162343206912.0,,,,,,,,,,
,19363792.0,170709729280.0,,,,,,,,,,
,19695358.0,181174419456.0,,,,,,,,,,
,20024528.0,169428729856.0,,,,,,,,,,
,20349748.0,182678454272.0,,,,,,,,,,
,20680658.0,195762241536.0,,,,,,,,,,
,21020364.0,192596951040.0,,,,,,,,,,
,21364018.0,187954626560.0,,,,,,,,,,
,21708488.0,207332556800.0,,,,,,,,,,
328.528,22053662.0,226284879872.0,8.455,275.216,41.234,324.905,,,3.623,3.623,,1.103
339.175,22403120.0,227834527744.0,6.972,283.876,44.657,335.505,,,3.669,3.669,,1.082
349.032,22757014.0,233929097216.0,7.84,290.735,46.699,345.275,,,3.757,3.757,,1.077
360.844,23112976.0,243886489600.0,7.619,296.797,52.0,356.416,,,4.429,4.429,,1.227
372.911,23472030.0,264721498112.0,9.122,308.011,51.805,368.939,,,3.972,3.972,,1.065
353.487,23842804.0,278897360896.0,11.723,278.435,58.544,348.703,,,4.604,4.784,,1.303
374.742,24223380.0,292438867968.0,10.278,296.501,63.203,369.981,,,4.572,4.76,,1.22
379.448,24612798.0,301570162688.0,8.651,295.186,70.924,374.762,,,4.443,4.686,,1.171
396.458,25020592.0,319937937408.0,9.497,297.199,80.708,387.403,,,8.863,9.055,,2.236
412.278,25449752.0,340686405632.0,11.826,297.124,85.424,394.374,,,14.769,14.964,,3.582
402.571,25875562.0,337656020992.0,11.511,280.828,87.525,379.864,,,15.361,15.565,,3.816
422.714,26290258.0,336841146368.0,11.643,290.235,98.514,400.392,,,14.829,15.024,,3.508
441.458,26713780.0,357157961728.0,11.009,305.658,102.89,419.557,,,17.052,17.257,,3.863
442.127,27146124.0,341466742784.0,13.419,297.309,100.07,410.799,,,22.907,23.111,,5.181
474.656,27584138.0,365906460672.0,12.502,319.81,102.89,435.202,,,31.512,31.816,,6.639
472.019,28024808.0,371076956160.0,11.145,297.018,112.129,420.292,,,44.771,45.088,,9.485
457.964,28471284.0,349782016000.0,10.56,278.526,117.186,406.272,,,43.423,43.701,,9.482
466.513,28922768.0,338761515008.0,10.666,265.018,133.135,408.82,,,52.02,52.387,,11.151
485.764,29377144.0,350706597888.0,9.68,268.312,143.152,421.144,,,54.463,54.958,,11.212
487.344,29832200.0,357844353024.0,7.185,255.453,152.391,415.029,,,58.779,59.146,,12.061
481.619,30287120.0,334171439104.0,10.6,237.507,155.697,403.804,,,61.071,61.454,45.304,12.68
508.885,30748332.0,358634684416.0,12.109,249.746,168.242,430.098,,,62.186,62.582,49.022,12.22
531.837,31216450.0,367893610496.0,13.44,266.58,168.34,448.359,,,64.795,65.133,52.115,12.183
540.738,31690790.0,360921169920.0,13.772,268.36,196.639,478.772,,,45.121,45.514,52.5,8.344
521.441,32165770.0,338520801280.0,14.903,246.347,206.559,467.809,,,38.995,39.333,50.863,7.478
513.022,32637658.0,338751160320.0,12.266,229.973,197.32,439.559,0.0,0.0,52.378,52.802,51.005,10.21
521.347,33105766.0,376057921536.0,10.794,240.283,200.918,451.996,0.0,0.0,46.925,47.343,53.854,9.001
559.309,33568280.0,416679788544.0,12.168,252.706,217.256,482.131,0.0,0.0,56.671,57.086,56.107,10.132
577.843,34027240.0,444780216320.0,8.07,247.78,229.413,485.263,0.0,0.0,70.283,70.589,61.869,12.163
608.761,34488696.0,472926748672.0,7.065,261.495,235.831,504.392,0.0,0.0,80.686,81.002,65.622,13.254
628.236,34946116.0,461601013760.0,7.414,259.544,262.478,529.436,0.0,0.0,78.371,78.751,67.169,12.475
657.128,35389360.0,489406464000.0,7.767,259.824,301.183,568.775,0.0,0.028,66.449,67.189,69.76,10.112
664.755,35815968.0,531526418432.0,6.128,275.3,277.551,558.979,0.0,0.043,82.573,83.187,72.462,12.422
688.425,36233196.0,554567008256.0,8.237,283.285,296.71,588.233,0.0,0.096,78.288,79.044,74.17,11.372
696.066,36653032.0,538270564352.0,9.885,287.107,314.701,611.693,0.0,0.103,63.27,64.209,80.745,9.09
698.777,37070772.0,536481038336.0,7.513,264.938,322.967,595.418,0.0,0.103,84.497,85.832,85.25,12.092
682.524,37480492.0,515221291008.0,6.157,245.349,302.35,553.856,0.0,0.145,107.465,108.769,86.49,15.745
654.474,37885024.0,461203406848.0,4.586,232.869,294.376,531.831,0.0,0.214,104.433,106.339,81.15,15.957
701.506,38278164.0,504301027328.0,5.594,237.502,336.29,579.387,0.0,0.226,98.026,101.063,88.14,13.974
744.817,38668796.0,552377778176.0,9.52,254.686,368.091,632.297,0.0,0.209,87.782,90.76,95.69,11.786
790.507,39070504.0,604065431552.0,10.962,266.664,392.89,670.516,0.0,0.205,97.975,101.106,100.86,12.394
830.543,39476856.0,655699017728.0,9.924,281.325,406.505,697.754,0.0,0.198,108.169,111.707,111.4,13.024
865.645,39876116.0,718084636672.0,14.36,312.609,427.122,754.091,0.0,0.174,88.279,91.872,110.85,10.198
877.178,40273768.0,750663630848.0,17.516,316.196,431.887,765.599,0.0,0.118,87.673,91.641,114.75,9.995
852.511,40684344.0,709525635072.0,9.621,302.028,418.356,730.004,0.0,0.103,96.679,100.577,116.3,11.34
883.969,41100124.0,784986275840.0,13.472,327.436,420.874,761.782,0.0,0.07,92.593,102.984,119.64,10.475
909.091,41520736.0,835970465792.0,14.619,339.912,438.398,792.928,0.004,0.073,86.034,99.221,122.75,9.464
943.706,41952364.0,827404779520.0,13.669,360.511,456.642,830.823,0.022,1.014,79.967,96.039,128.69,8.474
981.398,42388268.0,847305113600.0,14.939,382.58,460.277,857.796,0.041,1.236,89.316,107.369,132.31,9.101
979.858,42824064.0,825981468672.0,15.892,379.916,461.55,857.357,0.043,1.678,87.82,108.166,131.81,8.963
996.94,43257064.0,847854960640.0,15.814,387.81,466.526,870.15,0.04,1.598,87.084,108.6,137.79,8.735
992.424,43668236.0,828372942848.0,12.189,375.905,482.1,870.194,0.038,1.465,79.649,100.947,139.64,8.026
991.397,44054616.0,850482233344.0,12.525,371.477,483.0,867.003,0.044,1.628,84.082,108.847,138.57,8.481
984.346,44413592.0,829373284352.0,13.709,354.626,487.021,855.356,0.286,3.738,85.401,111.543,139.79,8.676
927.358,44745516.0,,8.124,321.832,465.589,795.546,2.108,13.169,72.501,110.459,133.16,7.818
869.829,45036032.0,,10.015,288.195,439.312,737.523,3.531,24.715,62.163,107.077,138.69,7.147
965.672,45276788.0,,14.052,358.1,459.341,831.493,5.764,33.853,51.412,108.643,146.68,5.324
1000.973,45510324.0,,14.399,382.783,456.83,854.012,7.659,36.929,62.283,128.275,143.67,6.222
57.757,3574558.0,15777784832.0,,,,,,,,,,
43.957,3457344.0,13153102848.0,,,,,,,,,,
39.296,3373715.0,13441652736.0,,,,,,,,,,
38.545,3322788.0,14085538816.0,,,,,,,,,,
49.341,3298903.0,14363169792.0,,,,,,,,,,
41.582,3271422.0,14402198528.0,,,,,,,,,,
44.191,3240550.0,14841954304.0,,,,,,,,,,
27.312,3206033.0,14850691072.0,,,,,,,,,,
29.374,3168525.0,15244832768.0,,,,,,,,,5.62,
28.887,3133138.0,16184125440.0,,,,,,,,,5.57,
27.671,3105040.0,18018121728.0,,,,,,,,,5.21,
30.428,3084107.0,19928737792.0,,,,,,,,,5.21,
31.559,3065748.0,21350940672.0,,,,,,,,,5.9,
36.559,3047254.0,23626534912.0,,,,,,,,,5.97,
36.503,3026490.0,25937829888.0,,,,,,,,,5.62,
40.962,3004398.0,28610387968.0,,,,,,,,,5.58,
39.531,2983425.0,29672505344.0,,,,,,,,,5.47,
35.321,2964300.0,24704751616.0,,,,,,,,,5.37,
39.338,2946296.0,24485627904.0,,,,,,,,,6.18,
41.415,2928984.0,24860479488.0,,,,,,,,,7.07,
43.885,2914428.0,26635751424.0,,,,,,,,,7.61,
43.054,2901386.0,27513477120.0,,,,,,,,,7.3,
43.884,2889937.0,28507138048.0,,,,,,,,,7.33,
40.66,2878598.0,29365307392.0,,,,,,,,,7.38,
40.95,2865841.0,29426933760.0,,,,,,,,,6.95,
43.641,2851929.0,31639250944.0,,,,,,,,,7.36,
42.928,2836563.0,33296515072.0,,,,,,,,,7.38,
45.635,2820604.0,,,,,,,,,,7.3,
47.937,2805610.0,,,,,,,,,,7.45,
49.357,2790971.0,,,,,,,,,,7.32,
0.426,64570.0,,,,,,,,,,,
0.426,64463.0,,,,,,,,,,,
1.632,64356.0,,,,,,,,,,,
2.17,64617.0,,,,,,,,,,,
2.292,65734.0,,,,,,,,,,,
2.5,67879.0,,,,,,,,,,,
2.746,70210.0,,,,,,,,,,,
2.79,72374.0,,,,,,,,,,,
3.062,74730.0,,,,,,,,,,,
3.465,77070.0,,,,,,,,,,,
2.284,79432.0,,,,,,,,,,,
3.693,81872.0,,,,,,,,,,,
3.693,84365.0,,,,,,,,,,,
3.693,86877.0,,,,,,,,,,,
4.417,89117.0,,,,,,,,,,0.73,
4.571,90702.0,,,,,,,,,,0.76,
4.725,91798.0,,,,,,,,,,0.77,
5.261,92713.0,,,,,,,,,,0.79,
5.487,93554.0,,,,,,,,,,0.81,
5.925,94495.0,,,,,,,,,,0.86,
5.914,95621.0,,,,,,,,,,0.85,
6.094,96797.0,,,,,,,,,,0.88,
5.725,98006.0,,,,,,,,,,0.86,
5.708,99223.0,,,,,,,,,,0.9,
5.358,100354.0,,,,,,,,,,0.89,
4.262,101304.0,,,,,,,,,,0.88,
5.34,102126.0,,,,,,,,,,0.87,
5.172,102891.0,,,,,,,,,,0.89,
5.245,103607.0,,,,,,,,,,0.89,
5.399,104269.0,,,,,,,,,,0.93,
5.246,104890.0,,,,,,,,,,0.9,
5.432,105454.0,,,,,,,,,,0.93,
5.248,105980.0,,,,,,,,,,0.91,
5.441,106458.0,,,,,,,,,,0.92,
4.637,106597.0,,,,,,,,,,0.88,
4.911,106543.0,,,,,,,,,,0.93,
,931021418.0,,,,,,,,,,,
,936837460.0,,,,,,,,,,,
,943188646.0,,,,,,,,,,,
,950002351.0,,,,,,,,,,,
,956881796.0,,,,,,,,,,,
,963829803.0,,,,,,,,,,,
,970850359.0,,,,,,,,,,,
,977962578.0,,,,,,,,,,,
,985168224.0,,,,,,,,,,,
,992399416.0,,,,,,,,,,,
,999734197.0,,,,,,,,,,,
,1006906259.0,,,,,,,,,,,
,1014258627.0,,,,,,,,,,,
,1021655026.0,,,,,,,,,,,
,1029157886.0,,,,,,,,,,,
,1036769812.0,,,,,,,,,,,
,1044435476.0,,,,,,,,,,,
,1052130725.0,,,,,,,,,,,
,1060373054.0,,,,,,,,,,,
,1068593053.0,,,,,,,,,,,
,1076882587.0,,,,,,,,,,,
,1084870900.0,,,,,,,,,,,
,1092809083.0,,,,,,,,,,,
,1100634861.0,,,,,,,,,,,
,1108597477.0,,,,,,,,,,,
,1116680767.0,,,,,,,,,,,
,1124894923.0,,,,,,,,,,,
,1133396748.0,,,,,,,,,,,
,1141730060.0,,,,,,,,,,,
,1151056239.0,,,,,,,,,,,
,1161261469.0,,,,,,,,,,,
,1172361616.0,,,,,,,,,,,
,1184348844.0,,,,,,,,,,,
,1197191774.0,,,,,,,,,,,
,1210196783.0,,,,,,,,,,,
,1223370395.0,,,,,,,,,,,
,1236808546.0,,,,,,,,,,,
,1250648056.0,,,,,,,,,,,
,1264417870.0,,,,,,,,,,,
,1276967495.0,,,,,,,,,,,
,1288504299.0,,,,,,,,,,,
,1297916592.0,,,,,,,,,,,
,1306306710.0,,,,,,,,,,,
,1313105324.0,,,,,,,,,,,
,1319615577.0,,,,,,,,,,,
,1326239826.0,,,,,,,,,,,
,1333266093.0,,,,,,,,,,,
,1341005319.0,,,,,,,,,,,
,1349300090.0,,,,,,,,,,,
,1361855386.0,,,,,,,,,,,
,1378554727.0,,,,,,,,,,,
,1405143078.0,,,,,,,,,,,
,1434494047.0,,,,,,,,,,,
,1465867616.0,,,,,,,,,,,
,1498211442.0,,,,,,,,,,,
,1532368957.0,,,,,,,,,,,
,1566934853.0,,,,,,,,,,,
,1603074679.0,,,,,,,,,,,
,1639899539.0,,,,,,,,,,,
,1672174028.0,,,,,,,,,,,
,1698939691.0,,,,,,,,,,,
,1725304326.0,,,,,,,,,,,
,1760632925.0,,,,,,,,,,,
,1806724539.0,,,,,,,,,,,
,1854882565.0,,,,,,,,,,,
5355.047,1901594742.0,,2604.784,2233.227,94.075,4932.085,0.0,0.0,422.571,422.89,,7.891
5811.665,1948036863.0,,2753.783,2506.583,108.526,5368.893,0.0,0.0,440.726,441.116,,7.583
6086.794,1994226633.0,,2667.211,2879.272,126.212,5672.694,0.0,0.0,411.763,412.315,,6.765
6569.151,2042761361.0,,2708.168,3251.113,148.649,6107.931,0.0,0.0,457.687,458.258,,6.967
7466.795,2093665797.0,,3056.827,3745.651,183.48,6985.958,0.0,0.0,475.142,475.71,,6.363
8459.435,2144906508.0,,3440.954,4295.843,218.34,7955.136,0.0,0.0,486.37,487.588,,5.749
9286.55,2195423804.0,,3697.763,4780.934,249.018,8727.715,0.0,0.0,532.024,533.209,,5.729
9868.543,2245577141.0,,3842.575,5167.581,276.814,9286.971,0.0,0.0,550.211,551.475,,5.575
10691.682,2296593872.0,,3932.508,5873.794,338.357,10144.659,0.0,0.0,511.509,512.858,,4.784
10938.935,2346946783.0,,4027.638,5864.184,400.508,10292.33,0.0,0.0,582.567,584.1,,5.326
11338.627,2395376069.0,,4352.356,5818.649,459.158,10630.164,0.0,0.0,627.582,629.358,,5.535
11994.09,2442681709.0,,4453.996,6276.091,511.231,11241.317,0.0,0.0,645.512,647.069,,5.382
12795.453,2489872409.0,,4754.668,6688.033,619.93,12062.631,0.0,0.0,634.111,636.324,,4.956
13695.708,2536783728.0,,4987.234,7114.561,733.887,12835.682,0.0,0.0,667.861,670.656,,4.876
14466.982,2584916791.0,,5233.939,7377.731,894.38,13506.05,0.0,0.0,722.088,727.479,,4.991
14498.468,2635334410.0,,5541.419,6967.104,932.266,13440.79,0.0,0.0,773.687,783.02,,5.336
14716.033,2687793098.0,,5723.564,6900.182,957.291,13581.037,0.0,0.0,825.041,839.84,,5.606
15048.07,2742593626.0,,5951.464,6869.458,1022.452,13843.374,0.0,0.0,817.209,859.509,,5.431
15865.758,2797881469.0,,6326.967,7121.889,1100.34,14549.195,0.0,0.0,854.658,903.676,,5.387
17126.078,2853170213.0,,6892.806,7473.24,1353.001,15719.047,0.0,0.0,856.65,910.421,,5.002
20033.107,2909856492.0,,7993.004,8199.495,2157.772,18350.271,0.0,0.0,1014.914,1072.161,2009.02,5.066
20871.785,2968294733.0,,8322.275,8389.682,2427.474,19139.432,0.0,0.0,1022.638,1082.786,2123.063,4.9
22060.473,3028624604.0,,8908.044,8676.147,2586.566,20170.758,0.0,0.0,1059.524,1120.735,2302.99,4.803
23599.613,3089224548.0,,9504.191,9309.089,2777.18,21590.461,0.0,0.0,1217.433,1283.508,2468.227,5.159
24726.389,3149702853.0,,9890.94,9748.385,3012.63,22651.953,0.0,0.0,1245.5,1316.887,2643.975,5.037
25700.133,3210563750.0,,10069.819,10312.535,3132.374,23514.73,0.012,0.099,1313.26,1370.644,2838.578,5.11
26708.193,3269054085.0,,10463.952,10671.271,3316.262,24451.484,0.012,0.364,1327.733,1386.536,2989.21,4.971
27897.289,3324377494.0,,10792.991,11284.275,3529.38,25606.646,0.046,0.653,1337.372,1397.308,3158.493,4.794
29073.875,3378235529.0,,11289.662,11734.465,3513.726,26537.854,0.084,0.916,1486.406,1546.08,3318.063,5.113
30571.064,3431170953.0,,11828.354,12342.791,3796.997,27968.141,0.106,1.709,1475.04,1546.125,3576.582,4.825
31919.305,3483316665.0,,12008.845,13031.792,4033.958,29074.594,0.146,3.296,1592.345,1679.667,3808.013,4.989
33319.887,3534544077.0,,12512.806,13589.954,4316.743,30419.504,0.215,2.889,1581.76,1669.777,3997.317,4.747
34290.688,3585198287.0,,12531.089,14236.678,4538.377,31306.143,0.344,3.536,1575.561,1675.425,4181.853,4.595
34344.344,3635442850.0,,12510.558,13955.824,4738.892,31205.275,0.495,4.311,1670.136,1776.861,4313.289,4.863
35457.852,3685232690.0,,12818.992,14393.501,5115.055,32327.547,0.726,6.002,1626.857,1745.196,4519.554,4.588
36846.555,3735089775.0,,13324.218,14896.244,5395.233,33615.695,1.129,7.045,1675.665,1806.302,4637.52,4.548
38110.461,3785215058.0,,13950.583,15049.312,5743.812,34743.707,1.629,9.402,1796.938,1932.992,4848.67,4.715
40002.551,3834687401.0,,15029.36,15435.635,6074.999,36539.996,2.25,10.129,1849.283,2001.684,5168.96,4.623
43130.879,3883310793.0,,17203.135,16058.786,6503.45,39765.371,3.055,13.324,1909.299,2074.142,5553.99,4.427
47274.422,3931402529.0,,19355.104,17038.521,6988.337,43381.961,4.008,23.483,2234.633,2420.227,6065.17,4.727
50841.207,3979329053.0,,22004.871,17272.641,7521.409,46798.922,5.064,29.352,2300.812,2514.947,6509.07,4.525
53767.891,4027291741.0,,23724.082,17742.281,7977.54,49443.902,6.242,45.691,2516.389,2766.111,7050.42,4.68
57044.812,4074998014.0,,25780.477,18258.92,8605.575,52644.973,7.44,60.314,2625.081,2914.761,7680.51,4.602
58922.148,4122790915.0,,26500.189,18472.574,9200.066,54172.832,8.967,91.668,2960.183,3316.494,7930.48,5.024
60178.285,4171339685.0,,27347.764,18580.072,9460.394,55388.23,11.515,141.524,2858.0,3300.321,8242.97,4.749
64104.895,4220041467.0,,28635.131,19681.787,10398.672,58715.59,16.259,216.399,3271.425,3830.033,9109.25,5.103
67407.109,4268479060.0,,30749.578,20235.803,11160.103,62145.484,28.539,303.764,3291.992,3975.651,9789.27,4.884
69783.617,4317165429.0,,31463.457,21138.141,11738.725,64340.32,42.711,395.064,3703.705,4531.138,10255.52,5.307
71595.031,4365286895.0,,32095.832,21521.123,12048.696,65665.648,79.661,504.184,3975.875,5012.167,10835.62,5.553
73585.25,4412496398.0,,32596.094,21877.574,12561.764,67035.43,160.749,571.837,4315.096,5567.402,11459.26,5.864
75010.68,4458250376.0,,32243.99,22727.037,12999.431,67970.461,246.356,648.833,4468.901,5939.289,11618.72,5.958
76417.734,4502955714.0,,31842.137,23561.188,13359.468,68762.789,370.074,835.911,4614.25,6430.733,12158.601,6.038
79011.68,4547095064.0,,32552.943,24200.539,13955.748,70709.234,579.488,1040.41,4707.218,7017.512,12861.91,5.958
81914.203,4588802751.0,,33547.27,24577.879,14674.116,72799.266,822.42,1232.154,4787.984,7686.726,13644.44,5.845
84290.297,4627738749.0,,34354.371,24801.555,15023.729,74179.656,1032.63,1355.306,5099.801,8452.521,14082.53,6.05
83770.875,4663086623.0,,34336.203,23380.932,15343.792,73060.922,1233.833,1518.701,5209.635,9032.268,14265.39,6.219
88293.648,4693332132.0,,36046.984,24196.814,16275.798,76519.594,1556.135,2056.826,5095.76,9940.498,15388.189,5.771
90365.438,4721383370.0,,36848.836,24734.361,15983.315,77566.508,1944.585,2365.34,5207.568,10879.104,16214.564,5.763
14952.715,,,,,,,,,,,,
15162.4,,,,,,,,,,,,
15490.612,,,,,,,,,,,,
16016.73,,,,,,,,,,,,
17151.869,,,,,,,,,,,,
17752.514,,,,,,,,,,,,
18344.018,,,,,,,,,,,,
19261.615,,,,,,,,,,,,
20662.348,,,,,,,,,,,,
21300.135,,,,,,,,,,,,
22128.994,,,,,,,,,,,,
22788.723,,,,,,,,,,,,
23655.467,,,,,,,,,,,,
24982.289,,,,,,,,,,,,
26569.506,,,,,,,,,,,,
28237.311,,,,,,,,,,,,
29594.859,,,,,,,,,,,,
29699.178,,,,,,,,,,,,
29813.412,,,,,,,,,,,,
31204.699,,,,,,,,,,,,
32664.982,,,,,,,,,,,,
33457.879,,,,,,,,,,,,
34880.664,,,,,,,,,,,,
37637.273,,,,,,,,,,,,
41926.305,,,,,,,,,,,,
44979.32,,,,,,,,,,,,
48119.082,,,,,,,,,,,,
50878.465,,,,,,,,,,,,
52305.016,,,,,,,,,,,,
54978.262,,,,,,,,,,,,
59934.898,,,,,,,,,,,,
63323.148,,,,,,,,,,,,
66420.078,,,,,,,,,,,,
68156.156,,,,,,,,,,,,
69429.031,,,,,,,,,,,,
69695.047,,,,,,,,,,,,
70902.766,,,,,,,,,,,,
72962.094,,,,,,,,,,,,
75480.516,,,,,,,,,,,,
76831.305,,,,,,,,,,,,
76292.977,,,,,,,,,,,,
80372.68,,,,,,,,,,,,
,,,,,,,,,,,4043.78,
,,,,,,,,,,,4230.72,
,,,,,,,,,,,4511.46,
,,,,,,,,,,,4853.83,
,,,,,,,,,,,5322.96,
,,,,,,,,,,,5704.32,
,,,,,,,,,,,6186.37,
,,,,,,,,,,,6761.54,
,,,,,,,,,,,6976.27,
,,,,,,,,,,,7243.94,
,,,,,,,,,,,8028.2,
,,,,,,,,,,,8669.43,
,,,,,,,,,,,9081.17,
,,,,,,,,,,,9627.78,
,,,,,,,,,,,10173.58,
,,,,,,,,,,,10270.51,
,,,,,,,,,,,10773.47,
,,,,,,,,,,,11395.58,
,,,,,,,,,,,12175.49,
,,,,,,,,,,,12589.5,
,,,,,,,,,,,12759.91,
,,,,,,,,,,,13783.95,
,,,,,,,,,,,14357.93,
5235.806,,,2780.731,1932.447,56.232,4769.41,0.0,0.0,461.555,466.325,,8.815
5683.134,,,2931.512,2202.858,62.389,5196.759,0.0,0.0,479.954,484.717,,8.445
5950.452,,,2854.299,2566.809,71.392,5492.499,0.0,0.0,452.025,456.169,,7.596
6412.57,,,2896.733,2932.971,77.818,5907.522,0.0,0.0,497.511,502.086,,7.758
7284.051,,,3250.188,3406.474,102.6,6759.262,0.0,0.0,515.0,519.663,,7.07
8282.044,,,3631.138,3952.379,142.325,7725.842,0.0,0.0,534.358,539.492,,6.452
9073.601,,,3886.671,4395.882,170.559,8453.111,0.0,0.0,589.792,594.864,,6.5
9612.916,,,4036.591,4737.755,196.78,8971.127,0.0,0.0,606.526,611.692,,6.309
10376.129,,,4134.176,5385.241,243.529,9762.947,0.0,0.0,573.69,579.017,,5.529
10605.488,,,4234.736,5349.607,305.926,9890.27,0.0,0.0,644.342,652.713,,6.076
11001.126,,,4557.451,5318.501,349.879,10225.832,0.0,0.0,687.335,696.189,,6.248
11535.02,,,4665.681,5660.162,405.08,10730.922,0.0,0.0,689.728,698.394,,5.979
12202.239,,,4975.578,5951.082,498.984,11425.644,0.0,0.0,671.35,680.096,,5.502
13036.697,,,5219.295,6319.402,598.111,12136.809,0.0,0.0,700.944,710.519,,5.377
13637.195,,,5472.163,6476.335,683.514,12632.012,0.0,0.0,759.893,771.731,,5.572
13713.645,,,5784.005,6095.819,734.61,12614.435,0.0,0.0,808.581,824.552,,5.896
13814.593,,,5975.036,5921.716,744.458,12641.21,0.0,0.0,856.728,878.227,,6.202
13951.811,,,6185.461,5760.983,774.537,12720.981,0.0,0.0,835.844,885.642,,5.991
14561.178,,,6548.081,5803.473,855.293,13206.847,0.0,0.0,885.149,941.446,,6.079
15593.267,,,7115.33,6034.0,1000.527,14149.856,0.0,0.0,885.342,946.801,,5.678
16350.017,,,7676.926,5979.184,1087.144,14743.253,0.0,0.0,946.368,1011.036,1724.878,5.788
17024.998,,,7972.332,6186.204,1186.663,15345.198,0.0,0.0,970.363,1038.044,1816.745,5.7
17983.324,,,8546.454,6385.13,1259.714,16191.299,0.0,0.0,966.614,1035.335,1972.577,5.375
19294.789,,,9157.78,6937.44,1343.367,17438.588,0.0,0.0,1069.798,1144.214,2125.056,5.544
20343.887,,,9570.253,7363.999,1427.172,18361.424,0.0,0.0,1147.441,1228.829,2289.012,5.64
21162.268,,,9777.626,7804.313,1516.671,19098.611,0.012,0.096,1180.642,1248.896,2469.207,5.579
22130.822,,,10180.249,8133.576,1664.518,19978.342,0.028,0.361,1213.916,1283.836,2635.824,5.485
23139.834,,,10531.39,8680.513,1777.847,20989.75,0.082,0.652,1187.304,1258.068,2780.206,5.131
24373.004,,,11087.264,9061.39,1862.856,22011.508,0.127,0.922,1301.924,1372.819,2918.587,5.342
25691.213,,,11640.72,9573.766,2028.157,23242.641,0.158,1.726,1310.828,1392.848,3176.022,5.102
27032.67,,,11914.046,10302.873,2124.306,24341.225,0.209,3.317,1429.51,1527.491,3395.642,5.288
28309.064,,,12435.795,10831.133,2319.488,25586.416,0.29,2.931,1399.867,1498.886,3571.692,4.945
29183.256,,,12493.179,11361.474,2506.739,26361.391,0.435,3.59,1407.215,1518.162,3742.694,4.822
29127.225,,,12483.228,11105.434,2563.852,26152.512,0.6,4.405,1498.23,1617.263,3849.329,5.144
30203.627,,,12863.831,11580.712,2768.802,27213.346,0.846,6.071,1479.213,1611.074,4038.759,4.897
31365.73,,,13352.603,11924.38,2983.047,28260.029,1.267,7.582,1542.522,1686.833,4285.953,4.918
32395.283,,,13963.222,12013.425,3165.524,29142.172,1.788,10.333,1675.9,1824.95,4478.265,5.173
33965.859,,,15034.035,12311.878,3308.558,30654.473,2.42,11.871,1689.739,1856.909,4762.465,4.975
36781.125,,,17182.91,12819.427,3587.986,33590.32,3.238,15.489,1723.702,1904.998,5098.981,4.686
40400.293,,,19323.76,13587.393,3801.481,36712.633,4.218,26.473,2014.714,2221.506,5567.906,4.987
43540.188,,,21965.541,13647.789,4080.297,39693.625,5.305,34.416,2084.453,2326.678,5971.619,4.787
46085.391,,,23637.746,13941.678,4393.01,41972.434,6.519,52.839,2281.156,2562.292,6457.199,4.95
48942.137,,,25611.322,14386.812,4731.436,44729.57,7.771,69.568,2409.626,2734.419,7015.326,4.923
50343.051,,,26328.441,14357.999,5034.736,45721.176,9.358,101.387,2803.815,3195.681,7302.922,5.569
51443.641,,,27175.066,14449.372,5154.127,46778.562,12.24,153.175,2703.591,3182.026,7538.217,5.255
54725.09,,,28368.922,15408.539,5752.493,49529.953,18.704,226.166,3046.541,3642.5,8258.393,5.567
57492.051,,,30401.953,15798.793,6204.157,52404.902,33.556,313.248,3083.542,3808.206,8875.854,5.363
59367.41,,,31007.68,16505.025,6622.815,54135.52,48.139,405.049,3460.084,4329.633,9278.662,5.828
60986.348,,,31678.617,16733.52,6864.135,55276.273,88.267,513.665,3733.421,4810.157,9815.475,6.122
62547.699,,,32122.943,16972.854,7064.409,56160.207,170.586,580.485,4127.043,5422.066,10336.161,6.598
63657.137,,,31925.627,17751.588,7165.826,56843.039,257.513,654.548,4219.483,5729.395,10441.356,6.628
64593.582,,,31433.367,18426.33,7334.978,57194.672,379.34,833.163,4360.062,6197.44,10950.761,6.75
66854.141,,,32078.395,19018.496,7727.807,58824.695,585.07,1030.323,4454.495,6768.962,11573.729,6.663
69671.406,,,33021.25,19477.766,8309.624,60808.641,818.5,1222.567,4569.64,7457.295,12368.487,6.559
71938.836,,,33818.758,19818.768,8606.187,62243.711,1029.009,1348.602,4721.5,8058.779,12779.01,6.563
71604.984,,,33812.973,18734.799,8715.681,61263.453,1226.202,1508.787,4897.081,8690.854,12967.643,6.839
75509.742,,,35494.082,19268.475,9284.769,64047.324,1546.476,2039.01,4871.537,9669.253,13989.707,6.452
77109.75,,,36249.672,19337.424,9070.784,64657.879,1937.567,2348.822,4983.443,10605.89,14546.45,6.463
,,,,,,,,,,,,
,,,,,,,,,,,,
,,,,,,,,,,,,
,,,,,,,,,,,,
,,,,,,,,,,,,
,,,,,,,,,,,,
,,,,,,,,,,,,
,,,,,,,,,,,,
,,,,,,,,,,,,
,,,,,,,,,,,,
,,,,,,,,,,,,
,,,,,,,,,,,,
,,,,,,,,,,,,
,,,,,,,,,,,,
,,,,,,,,,,,,
,,,,,,,,,,,,
,,,,,,,,,,,,
,,,,,,,,,,,,
,,,,,,,,,,,,
,,,,,,,,,,,,
,,,,,,,,,,,,
,,,,,,,,,,,,
,,,,,,,,,,,,
,,,,,,,,,,,,
,,,,,,,,,,,,
,,,,,,,,,,,,
,,,,,,,,,,,,
,,,,,,,,,,,,
,,,,,,,,,,,,
,,,,,,,,,,,,
,,,,,,,,,,,,
,,,,,,,,,,,,
,,,,,,,,,,,,
,,,,,,,,,,,,
,,,,,,,,,,,,
,,,,,,,,,,,,
,,,,,,,,,,,,
,,,,,,,,,,,,
,,,,,,,,,,,,
,,,,,,,,,,,,
,,,,,,,,,,,,
,,,,,,,,,,,,
,,,,,,,,,,,,
,,,,,,,,,,,,
,,,,,,,,,,,,
,,,,,,,,,,,,
,,,,,,,,,,,,
,,,,,,,,,,,,
,,,,,,,,,,,,
,,,,,,,,,,,,
,,,,,,,,,,,,
,,,,,,,,,,,,
,,,,,,,,,,,,
,,,,,,,,,,,,
,,,,,,,,,,,,
,,,,,,,,,,,,
,,,,,,,,,,,,
,,,,,,,,,,,,
,,,,,,,,,,,,
,,,,,,,,,,,,
,,,,,,,,,,,,
,,,,,,,,,,,,
,,,,,,,,,,,,
,,,,,,,,,,,,
,,,,,,,,,,,,
,,,,,,,,,,,,
,,,,,,,,,,,,
,,,,,,,,,,,,
,,,,,,,,,,,,
,,,,,,,,,,,,
,,,,,,,,,,,,
,,,,,,,,,,,,
,,,,,,,,,,,,
,,,,,,,,,,,,
,,,,,,,,,,,,
,,,,,,,,,,,,
,,,,,,,,,,,,
,,,,,,,,,,,,
,,,,,,,,,,,,
,,,,,,,,,,,,
,,,,,,,,,,,,
,,,,,,,,,,,,
,,,,,,,,,,,,
,,,,,,,,,,,,
,,,,,,,,,,,,
,,,,,,,,,,,,
,,,,,,,,,,,,
,,,,,,,,,,,,
,,,,,,,,,,,,
,,,,,,,,,,,,
,,,,,,,,,,,,
,,,,,,,,,,,,
,,,,,,,,,,,,
,,,,,,,,,,,,
,,,,,,,,,,,,
,,,,,,,,,,,,
,,,,,,,,,,,,
,,,,,,,,,,,,
,,,,,,,,,,,,
,,,,,,,,,,,,
,,,,,,,,,,,,
,,,,,,,,,,,,
,,,,,,,,,,,,
,,,,,,,,,,,,
,,,,,,,,,,,,
,,,,,,,,,,,,
,,,,,,,,,,,,
,,,,,,,,,,,,
,,,,,,,,,,,,
,,,,,,,,,,,,
,,,,,,,,,,,,
,,,,,,,,,,,,
,,,,,,,,,,,,
,,,,,,,,,,,,
,,,,,,,,,,,,
,,,,,,,,,,,,
,,,,,,,,,,,,
,3693331.0,23931176960.0,,,,,,,,,,
,3755013.0,23221604352.0,,,,,,,,,,
,3815541.0,23461900288.0,,,,,,,,,,
,3874858.0,25312311296.0,,,,,,,,,,
,3935097.0,27014316032.0,,,,,,,,,,
,3996273.0,27327299584.0,,,,,,,,,,
,4058399.0,29181407232.0,,,,,,,,,,
,4121490.0,30366466048.0,,,,,,,,,,
,4185562.0,31397756928.0,,,,,,,,,,
,4254685.0,33967319040.0,,,,,,,,,,
,4329018.0,36334374912.0,,,,,,,,,,
,4408726.0,36612001792.0,,,,,,,,,,
,4493975.0,37875286016.0,,,,,,,,,,
,4584938.0,39628619776.0,,,,,,,,,,
,4677743.0,39528128512.0,,,,,,,,,,
,4772426.0,38803628032.0,,,,,,,,,,
,4869025.0,38525124608.0,,,,,,,,,,
,4967579.0,37803151360.0,,,,,,,,,,
,5069291.0,36914753536.0,,,,,,,,,,
,5171552.0,39035781120.0,,,,,,,,,,
,5274343.0,40704724992.0,,,,,,,,,,
,5377647.0,42748706816.0,,,,,,,,,,
,5481442.0,44993327104.0,,,,,,,,,,
,5585709.0,47148371968.0,,,,,,,,,,
,5691958.0,50247065600.0,,,,,,,,,,
,5800229.0,52601491456.0,,,,,,,,,,
,5910560.0,53866512384.0,,,,,,,,,,
,6022989.0,54683357184.0,,,,,,,,,,
,6137556.0,54781759488.0,,,,,,,,,,
,6240926.0,53656043520.0,,,,,,,,,,
,6332771.0,48543375360.0,,,,,,,,,,
,6412756.0,45297381376.0,,,,,,,,,,
,6480541.0,47862226944.0,,,,,,,,,,
,6535776.0,51178057728.0,,,,,,,,,,
,6591481.0,53897011200.0,,,,,,,,,,
,6647662.0,57067163648.0,,,,,,,,,,
,6704321.0,59636137984.0,,,,,,,,,,
,6761463.0,62656720896.0,,,,,,,,,,
,6819092.0,64773328896.0,,,,,,,,,,
,6887821.0,64955777024.0,,,,,,,,,,
,6967916.0,69208776704.0,,,,,,,,,,
,7059648.0,76941017088.0,,,,,,,,,,
,7163293.0,85810601984.0,,,,,,,,,,
,7279134.0,88843608064.0,,,,,,,,,,
,7396847.0,85771116544.0,,,,,,,,,,
,7516465.0,81471111168.0,,,,,,,,,,
,7638016.0,78566686720.0,,,,,,,,,,
,7761534.0,80493518848.0,,,,,,,,,,
,7887049.0,85675073536.0,,,,,,,,,,
,8025441.0,91353587712.0,,,,,,,,,,
,8177169.0,97678589952.0,,,,,,,,,,
,8419836.0,101837840384.0,,,,,,,,,,
,8632790.0,102764888064.0,,,,,,,,,,
,8819163.0,105967345664.0,,,,,,,,,,
,9003364.0,112566026240.0,,,,,,,,,,
,9209844.0,118700326912.0,,,,,,,,,,
,9429808.0,122785832960.0,,,,,,,,,,
,9644190.0,125243580416.0,,,,,,,,,,
,9853146.0,131258302464.0,,,,,,,,,,
,10065683.0,139341676544.0,,,,,,,,,,
,10286648.0,145192517632.0,,,,,,,,,,
,10505940.0,146189434880.0,,,,,,,,,,
,10711943.0,155328790528.0,,,,,,,,,,
,10917377.0,164835213312.0,,,,,,,,,,
,11131608.0,176116154368.0,,,,,,,,,,
425.76,11359442.0,185112117248.0,202.028,200.019,0.029,402.077,,,22.739,23.683,,5.341
446.102,11592675.0,190257577984.0,209.389,214.048,0.039,423.476,,,21.719,22.626,,4.869
473.093,11809114.0,203110694912.0,215.25,234.388,0.039,449.677,,,22.49,23.416,,4.754
501.694,12027268.0,215046504448.0,221.694,255.285,0.305,477.284,,,23.51,24.41,,4.686
522.428,12268351.0,228127293440.0,229.278,262.448,4.126,495.852,,,25.679,26.576,,4.915
570.102,12595038.0,242644631552.0,231.694,290.195,17.304,539.194,,,30.075,30.908,,5.275
598.808,12993837.0,253439754240.0,232.569,305.545,25.827,563.941,,,34.027,34.867,,5.683
626.095,13300319.0,260535648256.0,242.931,311.033,37.074,591.038,,,34.163,35.057,,5.457
669.356,13513318.0,274659475456.0,252.986,331.893,47.069,631.948,,,36.329,37.408,,5.427
711.901,13713392.0,281474170880.0,264.069,351.735,53.702,669.507,,,41.025,42.394,,5.763
723.9,13886865.0,289102987264.0,272.542,348.104,57.67,678.316,,,44.023,45.584,,6.081
749.088,14038078.0,300755714048.0,281.792,355.821,68.077,705.69,,,41.853,43.398,,5.587
785.969,14193365.0,303887974400.0,294.181,372.601,77.768,744.55,,,40.049,41.419,,5.096
811.221,14355814.0,312728256512.0,301.861,380.947,83.725,766.533,,,43.395,44.688,,5.349
841.291,14520529.0,329194274816.0,315.542,385.915,96.375,797.832,,,42.125,43.46,,5.007
844.247,14706329.0,335756460032.0,324.764,367.768,110.666,803.197,,,39.821,41.05,,4.717
857.794,14930055.0,348726755328.0,333.139,362.418,119.944,815.502,,,41.003,42.292,,4.78
849.919,15168446.0,348301459456.0,336.681,356.849,116.981,810.51,,,37.762,39.409,,4.443
820.939,15383079.0,348353560576.0,336.556,320.083,127.075,783.714,,,35.849,37.225,,4.367
852.42,15579478.0,372379582464.0,355.903,330.979,125.317,812.199,,,38.813,40.221,,4.553
877.57,15785685.0,391229276160.0,368.139,332.801,133.953,834.892,,,41.222,42.678,123.673,4.697
894.905,16012299.0,399344402432.0,377.486,328.147,146.329,851.962,,,41.474,42.943,129.527,4.634
921.182,16259251.0,419094036480.0,393.361,336.67,149.395,879.426,,,40.256,41.756,135.815,4.37
963.451,16525901.0,437912797184.0,413.764,351.973,152.993,918.73,,,42.387,44.72,143.374,4.399
1012.084,16796586.0,457176154112.0,433.958,366.516,166.876,967.35,,,42.148,44.734,151.433,4.164
1033.059,17048002.0,464136601600.0,444.347,374.885,167.759,986.991,0.0,0.0,43.644,46.068,155.654,4.225
1025.306,17271092.0,461003816960.0,453.264,362.621,160.821,976.706,0.016,0.0,46.287,48.6,157.964,4.514
1042.188,17462500.0,477843226624.0,455.958,370.547,166.37,992.875,0.036,0.0,47.139,49.313,161.4,4.523
1064.078,17631514.0,500840595456.0,458.889,382.052,172.493,1013.434,0.043,0.006,48.456,50.644,165.383,4.554
1105.466,17805506.0,527346171904.0,468.264,395.589,191.567,1055.42,0.051,0.016,47.755,50.046,170.143,4.32
1154.299,18003002.0,549172871168.0,484.167,427.777,193.416,1105.36,0.063,0.021,46.221,48.939,175.225,4.004
1188.137,18211850.0,574551425024.0,503.958,439.015,194.827,1137.8,0.076,0.021,47.219,50.336,180.127,3.974
1217.288,18410254.0,600621056000.0,529.458,446.058,191.305,1166.821,0.091,0.022,47.171,50.467,188.98,3.875
1246.331,18601666.0,634305052672.0,553.083,445.97,196.953,1196.007,0.105,0.053,46.715,50.324,199.471,3.748
1297.347,18800892.0,664206835712.0,587.443,456.154,201.741,1245.338,0.12,0.127,48.144,52.01,206.9,3.711
1305.259,19017968.0,691886620672.0,591.662,455.982,205.551,1253.194,0.138,0.396,48.691,52.065,198.16,3.73
1315.385,19248146.0,713625763840.0,585.691,457.085,221.693,1264.47,0.159,0.843,47.367,50.915,211.73,3.601
1341.745,19475842.0,746683498496.0,598.872,461.975,228.148,1288.995,0.17,1.557,46.979,52.75,214.64,3.501
1360.862,19699004.0,773868617728.0,616.021,460.26,229.943,1306.224,0.183,2.042,47.013,54.638,213.63,3.455
1404.444,19925060.0,809419735040.0,641.921,471.296,234.536,1347.753,0.21,2.291,45.203,56.691,223.07,3.219
1410.35,20171732.0,840554577920.0,638.222,478.702,232.59,1349.514,0.241,3.72,44.285,60.836,215.7,3.14
1470.838,20467032.0,868838998016.0,655.499,493.642,259.431,1408.571,0.277,6.152,42.525,62.267,219.91,2.891
1506.167,20830832.0,913875861504.0,649.802,506.27,290.198,1446.271,0.322,8.065,36.897,59.896,229.52,2.45
1531.745,21247876.0,942108901376.0,677.291,512.716,285.35,1475.357,0.391,9.718,33.201,56.389,229.55,2.168
1509.545,21660898.0,964937515008.0,654.861,504.141,291.364,1450.366,0.811,12.393,35.306,59.178,234.74,2.339
1508.839,22019166.0,994067742720.0,607.394,519.307,317.064,1443.765,2.714,13.836,38.153,65.073,233.63,2.529
1558.602,22357032.0,1026035417088.0,592.062,547.06,330.82,1469.942,5.64,17.744,53.992,88.66,240.89,3.464
1536.113,22729272.0,1064162361344.0,554.468,561.419,332.848,1448.736,6.614,21.181,46.712,87.377,233.38,3.041
1555.586,23111788.0,1087110184960.0,526.242,578.037,350.005,1454.284,10.486,25.235,52.025,101.302,229.98,3.344
1566.458,23469578.0,1117472423936.0,521.888,575.428,375.677,1472.994,13.415,26.487,39.239,93.464,241.61,2.505
1601.552,23820240.0,1145386827776.0,540.411,570.579,389.95,1500.939,16.684,31.866,37.935,100.613,230.84,2.369
1606.766,24195706.0,1176481300480.0,540.062,571.723,379.527,1491.312,19.917,34.908,47.195,115.454,246.07,2.937
1601.97,24590336.0,1205343092736.0,521.526,599.58,372.844,1493.95,23.732,35.158,35.927,108.02,249.91,2.243
1625.465,24979228.0,1238559621120.0,508.882,610.111,371.908,1490.901,32.629,43.025,45.801,134.564,250.38,2.818
1680.256,25357168.0,,486.392,604.194,440.57,1531.156,48.23,51.327,36.958,149.099,249.86,2.2
1587.082,25670052.0,,468.044,522.156,424.929,1415.129,62.618,59.372,37.874,171.953,250.91,2.386
1592.59,25921094.0,,452.441,535.697,399.085,1387.223,81.624,70.116,41.717,205.367,247.06,2.619
1661.188,26177410.0,,430.763,574.04,416.264,1421.068,101.264,82.522,44.642,240.12,251.68,2.687
1016.505,,,,,,,,,,,,
1032.903,,,,,,,,,,,,
1089.707,,,,,,,,,,,,
1060.401,,,,,,,,,,,,
1081.367,,,,,,,,,,,,
1126.648,,,,,,,,,,,,
1156.321,,,,,,,,,,,,
1208.321,,,,,,,,,,,,
1245.783,,,,,,,,,,,,
1316.357,,,,,,,,,,,,
1333.047,,,,,,,,,,,,
1325.525,,,,,,,,,,,,
1351.565,,,,,,,,,,,,
1381.375,,,,,,,,,,,,
1413.315,,,,,,,,,,,,
1454.83,,,,,,,,,,,,
1510.985,,,,,,,,,,,,
1542.593,,,,,,,,,,,,
1588.811,,,,,,,,,,,,
1626.606,,,,,,,,,,,,
1644.39,,,,,,,,,,,,
1655.454,,,,,,,,,,,,
1706.11,,,,,,,,,,,,
1707.72,,,,,,,,,,,,
1764.314,,,,,,,,,,,,
1785.158,,,,,,,,,,,,
1806.787,,,,,,,,,,,,
1853.805,,,,,,,,,,,,
1855.57,,,,,,,,,,,,
1886.698,,,,,,,,,,,,
1903.969,,,,,,,,,,,,
1930.928,,,,,,,,,,,,
1948.83,,,,,,,,,,,,
1956.423,,,,,,,,,,,,
1950.063,,,,,,,,,,,,
1956.004,,,,,,,,,,,,
2032.381,,,,,,,,,,,,
2088.206,,,,,,,,,,,,
2075.925,,,,,,,,,,,,
2092.132,,,,,,,,,,,,
1953.592,,,,,,,,,,,,
1978.512,,,,,,,,,,,,
,5979176.0,27439962112.0,,,,,,,,,,
,6040557.0,27549775872.0,,,,,,,,,,
,6102565.0,28628705280.0,,,,,,,,,,
,6165207.0,28896831488.0,,,,,,,,,,
,6228492.0,29346336768.0,,,,,,,,,,
,6292427.0,30988099584.0,,,,,,,,,,
,6357018.0,32179134464.0,,,,,,,,,,
,6422272.0,34166140928.0,,,,,,,,,,
,6488195.0,34318620672.0,,,,,,,,,,
,6538009.0,34204100608.0,,,,,,,,,,
,6571587.0,34683817984.0,,,,,,,,,,
,6588803.0,35772514304.0,,,,,,,,,,
,6589530.0,37566988288.0,,,,,,,,,,
,6573637.0,37374140416.0,,,,,,,,,,
,6557782.0,31198703616.0,,,,,,,,,,
,6541966.0,28939046912.0,,,,,,,,,,
,6526188.0,28589924352.0,,,,,,,,,,
,6510448.0,27967770624.0,,,,,,,,,,
,6494625.0,27399071744.0,,,,,,,,,,
,6486496.0,23118419968.0,,,,,,,,,,
,6486069.0,24819474432.0,,,,,,,,,,
,6493353.0,27472896000.0,,,,,,,,,,
,6508355.0,29937408000.0,,,,,,,,,,
,6531083.0,29639790592.0,,,,,,,,,,
,6553892.0,33085603840.0,,,,,,,,,,
,6576779.0,35325595648.0,,,,,,,,,,
,6599747.0,35920318464.0,,,,,,,,,,
,6622795.0,37002702848.0,,,,,,,,,,
,6645923.0,38722048000.0,,,,,,,,,,
,6664878.0,39290945536.0,,,,,,,,,,
,6679644.0,38205743104.0,,,,,,,,,,
,6690204.0,35140907008.0,,,,,,,,,,
,6696542.0,31513350144.0,,,,,,,,,,
,6698643.0,30464935936.0,,,,,,,,,,
,6700745.0,30730960896.0,,,,,,,,,,
,6702847.0,31330473984.0,,,,,,,,,,
,6704950.0,32262692864.0,,,,,,,,,,
,6707053.0,33984405504.0,,,,,,,,,,
,6709158.0,38309769216.0,,,,,,,,,,
,6715380.0,43437436928.0,,,,,,,,,,
,6725734.0,42315255808.0,,,,,,,,,,
,6740236.0,45339889664.0,,,,,,,,,,
,6758902.0,43065266176.0,,,,,,,,,,
,6781747.0,44115841024.0,,,,,,,,,,
,6804668.0,45227413504.0,,,,,,,,,,
,6827667.0,18697250816.0,,,,,,,,,,
,6850744.0,21826000896.0,,,,,,,,,,
,6873899.0,24070862848.0,,,,,,,,,,
,6897132.0,30648135680.0,,,,,,,,,,
,6917983.0,36443807744.0,,,,,,,,,,
,6936443.0,40965636096.0,,,,,,,,,,
,6930432.0,43769630720.0,,,,,,,,,,
,6927017.0,43804303360.0,,,,,,,,,,
,6931796.0,45712793600.0,,,,,,,,,,
,6939644.0,50392858624.0,,,,,,,,,,
,6946266.0,55950213120.0,,,,,,,,,,
,6951744.0,59811143680.0,,,,,,,,,,
,6965322.0,63465951232.0,,,,,,,,,,
,6986795.0,65792962560.0,,,,,,,,,,
,7013602.0,67653222400.0,,,,,,,,,,
,7046554.0,73229918208.0,,,,,,,,,,
,7085440.0,77113106432.0,,,,,,,,,,
,7128972.0,78984634368.0,,,,,,,,,,
,7174878.0,82191736832.0,,,,,,,,,,
,7222897.0,87133487104.0,,,,,,,,,,
189.498,7269892.0,89635520512.0,59.115,65.297,17.529,141.941,,,47.557,47.557,,25.096
198.325,7320920.0,94674313216.0,56.468,71.789,18.821,147.077,,,51.248,51.248,,25.84
200.363,7375632.0,97560797184.0,53.451,76.548,18.032,148.031,,,52.333,52.333,,26.119
214.242,7413813.0,101902467072.0,52.774,88.466,19.229,160.469,,,53.773,53.773,,25.099
221.926,7439324.0,108304556032.0,51.936,97.226,23.329,172.492,,,49.435,49.435,,22.275
254.149,7465310.0,116016111616.0,55.854,107.044,28.298,191.196,,,62.953,62.953,,24.77
253.084,7498548.0,121950339072.0,51.234,119.607,32.507,203.347,,,49.737,49.737,,19.652
261.826,7542083.0,129526390784.0,46.454,129.123,35.13,210.707,,,51.119,51.119,,19.524
281.51,7584024.0,135852146688.0,46.17,139.928,38.611,224.709,,,56.801,56.801,,20.177
282.962,7597028.0,141212925952.0,48.723,125.228,41.852,215.802,,,67.16,67.16,,23.735
281.064,7576929.0,140694749184.0,42.341,126.559,41.802,210.701,,,70.362,70.362,,25.034
290.894,7563509.0,147134332928.0,45.06,137.411,47.61,230.081,,,60.812,60.812,,20.905
291.598,7566357.0,154017546240.0,37.8,131.587,48.52,217.907,,,73.691,73.691,,25.271
304.19,7560248.0,153461850112.0,38.402,141.57,50.468,230.44,,,73.75,73.75,,24.245
322.217,7547482.0,161829470208.0,41.686,147.409,50.04,239.135,,,83.082,83.082,,25.784
320.874,7547564.0,165574164480.0,42.835,143.887,48.074,234.796,,,86.078,86.078,,26.826
311.52,7566318.0,165408178176.0,43.85,130.631,45.824,220.305,,,91.215,91.215,,29.281
301.322,7571291.0,168565440512.0,41.706,123.901,44.355,209.962,,,91.36,91.36,,30.32
300.495,7559110.0,173293649920.0,44.656,120.08,45.257,209.993,,,90.502,90.502,,30.118
297.469,7558564.0,173865910272.0,50.886,116.798,50.39,218.075,,,79.394,79.394,,26.69
315.806,7562114.0,177760567296.0,50.815,116.986,53.992,221.793,,,91.002,94.013,43.742,28.816
316.435,7567247.0,181932965888.0,45.303,123.218,52.421,220.942,,,91.383,95.493,43.977,28.879
334.019,7572379.0,184993447936.0,44.939,126.86,54.686,226.486,,,104.642,107.533,49.688,31.328
329.132,7583766.0,190845943808.0,43.033,125.978,52.385,221.396,,,104.394,107.736,48.149,31.718
330.973,7619393.0,198919356416.0,43.227,124.222,56.26,223.709,,,103.738,107.264,49.155,31.343
335.167,7678732.0,207979118592.0,47.64,128.7,61.935,238.275,0.0,0.0,93.172,96.893,49.3,27.799
351.513,7755640.0,215992565760.0,49.972,138.905,65.664,254.541,0.0,0.0,92.978,96.973,50.18,26.451
345.971,7840816.0,221400842240.0,38.882,135.227,64.482,238.591,0.0,0.0,103.046,107.38,49.95,29.785
352.125,7905280.0,223463030784.0,34.959,136.363,67.812,239.135,0.003,0.0,108.538,112.99,51.37,30.824
349.969,7935366.0,229749260288.0,35.454,135.236,69.751,240.442,0.003,0.0,105.587,109.528,52.11,30.17
367.031,7947293.0,236824444928.0,40.339,134.862,76.157,251.358,0.003,0.003,109.607,115.673,55.18,29.863
367.504,7958043.0,243480772608.0,40.51,139.536,81.061,261.107,0.003,0.015,101.177,106.397,53.57,27.531
375.268,7967086.0,249847267328.0,42.968,141.731,78.126,262.825,0.006,0.059,106.763,112.443,55.68,28.45
381.282,7975856.0,259776266240.0,37.829,147.177,80.207,265.213,0.006,0.133,109.892,116.069,55.92,28.822
390.049,7991382.0,270186299392.0,37.685,144.651,81.928,264.264,0.006,0.151,120.347,125.785,59.92,30.854
391.416,8010425.0,280410161152.0,42.47,141.749,78.205,262.425,0.009,0.198,123.708,128.991,59.85,31.605
405.367,8039633.0,285335945216.0,43.879,153.686,82.882,280.447,0.015,0.505,118.85,124.921,61.06,29.319
406.007,8078994.0,291225468928.0,44.58,156.82,81.485,282.885,0.026,0.593,117.416,123.122,60.69,28.92
410.254,8120105.0,294604374016.0,47.548,169.936,89.63,307.114,0.044,1.061,96.328,103.14,58.06,23.48
417.87,8171215.0,303786426368.0,46.576,165.328,90.492,302.397,0.052,2.663,105.936,115.473,61.93,25.351
425.459,8227034.0,311537598464.0,46.731,164.626,95.277,306.634,0.06,3.812,106.219,118.825,64.49,24.966
421.009,8267771.0,323263922176.0,46.675,164.51,89.532,300.716,0.064,4.987,101.456,120.292,62.28,24.098
411.992,8294720.0,336315973632.0,45.045,154.658,84.709,284.412,0.069,5.76,104.776,127.58,62.91,25.432
420.009,8321134.0,342890905600.0,44.525,153.21,90.686,288.421,0.085,5.652,107.708,131.589,64.5,25.644
406.845,8342939.0,331192238080.0,33.461,145.45,88.319,267.23,0.137,5.457,114.212,139.615,66.3,28.073
420.157,8362829.0,338927091712.0,39.344,151.918,96.128,287.39,0.247,5.729,106.481,132.767,67.91,25.343
396.069,8391201.0,349843128320.0,40.411,144.398,90.418,275.227,0.48,5.341,94.449,120.841,62.26,23.847
414.524,8429641.0,352450904064.0,37.621,141.87,86.241,265.732,0.925,6.751,120.228,148.792,68.7,29.004
411.203,8479542.0,352913752064.0,38.131,146.015,82.005,266.151,1.706,8.594,114.513,145.053,64.59,27.848
394.798,8546066.0,355364634624.0,35.021,140.001,75.11,250.132,2.127,10.419,111.093,144.666,61.62,28.139
394.844,8642422.0,358988120064.0,37.999,138.957,79.681,256.637,2.524,13.035,100.062,138.208,61.85,25.342
407.984,8736491.0,364218286080.0,35.448,143.469,83.422,262.339,2.934,14.014,107.005,145.645,65.25,26.228
417.204,8797497.0,373237972992.0,36.565,145.847,90.699,273.11,3.377,17.489,101.911,144.094,67.42,24.427
408.313,8840518.0,382269456384.0,32.285,148.177,86.869,267.331,3.85,15.955,99.58,140.982,65.04,24.388
429.028,8879939.0,,33.945,153.584,89.004,276.533,4.487,19.638,107.616,152.495,70.86,25.084
401.102,8907780.0,,29.032,133.632,85.272,247.937,5.365,17.837,110.299,153.165,69.19,27.499
403.645,8922086.0,,29.934,137.92,90.139,257.993,7.281,17.637,101.4,145.652,66.95,25.121
381.591,8939617.0,,28.292,134.479,79.128,241.898,8.391,18.889,92.647,139.693,64.69,24.279
234.951,6891144.0,57181876224.0,1.07,97.186,132.814,231.069,,,3.881,3.881,20.702,1.652
252.834,7009132.0,58704584704.0,1.07,101.817,147.569,250.456,,,2.378,2.378,21.542,0.941
245.023,7132688.0,61831430144.0,1.07,95.827,145.748,242.644,,,2.378,2.378,22.909,0.971
245.204,7261150.0,65070243840.0,1.07,98.143,143.926,243.14,,,2.065,2.065,23.572,0.842
250.052,7348876.0,59803709440.0,1.07,95.701,151.216,247.987,,,2.065,2.065,23.3,0.826
260.551,7427840.0,53235601408.0,1.035,100.395,154.219,255.649,0.0,0.0,4.903,4.903,23.152,1.882
250.351,7538266.0,53426622464.0,0.779,96.801,147.569,245.149,0.0,0.0,5.202,5.202,23.449,2.078
214.394,7643343.0,41795272704.0,0.14,94.319,114.768,209.227,0.0,0.0,5.167,5.167,19.763,2.41
185.98,7740112.0,32486443008.0,0.035,94.055,84.716,178.807,0.0,0.0,7.174,7.174,19.051,3.857
170.865,7821889.0,26372110336.0,0.047,86.159,79.248,165.453,0.0,0.0,5.411,5.411,17.571,3.167
160.648,7889335.0,23188279296.0,0.035,77.677,78.335,156.047,0.0,0.0,4.601,4.601,17.044,2.864
131.741,7949107.0,24026394624.0,0.035,69.772,57.389,127.196,0.0,0.0,4.545,4.545,17.085,3.45
126.155,8000068.0,26436927488.0,0.035,66.403,54.655,121.092,0.0,0.0,5.062,5.062,16.836,4.013
126.645,8041100.0,28328464384.0,0.0,69.873,51.003,120.876,0.0,0.0,5.769,5.769,17.995,4.555
126.353,8101447.0,31898568704.0,0.0,67.245,54.655,121.9,0.0,0.0,4.453,4.453,18.176,3.524
132.055,8190341.0,34255695872.0,0.0,74.691,52.829,127.519,0.0,0.0,4.536,4.536,17.65,3.435
127.227,8282030.0,36862193664.0,0.035,47.594,75.776,123.405,0.0,0.0,3.822,3.822,17.9,3.004
125.609,8372128.0,40295239680.0,0.023,43.698,75.991,119.713,0.0,0.0,5.896,5.896,18.47,4.694
136.035,8462335.0,44994662400.0,0.035,50.912,77.925,128.872,0.0,0.0,7.163,7.163,20.13,5.266
153.898,8556168.0,50107478016.0,0.011,54.573,91.375,145.959,0.0,0.0,7.939,7.939,20.49,5.159
166.837,8656243.0,64019197952.0,0.037,63.799,94.384,158.22,0.0,0.0,8.617,8.617,20.1,5.165
164.092,8763353.0,87026458624.0,0.037,57.113,99.777,156.927,0.0,0.0,7.165,7.165,22.32,4.366
151.071,8878408.0,109944250368.0,0.058,56.479,87.85,144.387,0.0,0.0,6.684,6.684,20.65,4.425
152.393,8999697.0,123129995264.0,0.045,45.568,100.508,146.121,0.0,0.0,6.272,6.272,20.45,4.116
130.857,9119630.0,136020254720.0,0.049,38.535,85.82,124.404,0.0,0.006,6.447,6.453,17.86,4.927
128.941,9237203.0,144296296448.0,0.048,37.746,81.58,119.375,0.0,0.001,9.565,9.567,17.75,7.418
146.597,9359018.0,145979441152.0,0.042,49.828,89.345,139.215,0.0,0.0,7.382,7.382,19.22,5.035
151.168,9485577.0,149144109056.0,0.043,52.366,93.766,146.175,0.0,0.0,4.993,4.993,21.7,3.303
154.652,9614478.0,157789339648.0,0.038,56.155,94.182,150.376,0.002,0.002,4.058,4.277,22.03,2.624
157.287,9741879.0,162216067072.0,0.024,54.906,98.544,153.474,0.008,0.006,3.521,3.813,23.32,2.239
172.005,9863485.0,163997089792.0,0.035,55.78,111.466,167.28,0.012,0.012,4.41,4.725,23.28,2.564
170.489,9976254.0,157812359168.0,0.014,55.49,109.306,164.81,0.094,0.061,5.245,5.679,23.57,3.077
167.315,10071569.0,158055383040.0,0.012,56.06,106.166,162.238,0.099,0.059,4.648,5.077,22.96,2.778
171.55,10152524.0,160426229760.0,0.008,58.124,108.158,166.29,0.104,0.219,4.678,5.259,23.82,2.727
179.552,10232761.0,,0.008,56.82,117.892,174.72,0.117,0.278,4.125,4.832,24.6,2.297
183.109,10284952.0,,0.005,55.932,123.668,179.605,0.123,0.252,2.809,3.505,24.38,1.534
195.682,10312992.0,,0.002,63.472,128.174,191.648,0.144,0.239,3.342,4.034,26.29,1.708
194.192,10358078.0,,0.002,68.315,121.015,189.331,0.159,0.217,4.158,4.861,29.033,2.141
17.676,223761.0,,,,,,,,,,,
18.257,227971.0,,,,,,,,,,,
15.739,232184.0,,,,,,,,,,,
11.962,236595.0,,,,,,,,,,,
10.732,241176.0,,,,,,,,,,,
9.443,245945.0,,,,,,,,,,,
9.506,250815.0,,,,,,,,,,,
10.608,255626.0,,,,,,,,,,,
9.873,260458.0,,,,,,,,,,,
11.291,265505.0,,,,,,,,,,,
12.012,270690.0,,,,,,,,,,,
10.654,276072.0,,,,,,,,,,,
9.014,281982.0,,,,,,,,,,,
9.518,288172.0,,,,,,,,,,,
10.574,294006.0,,,,,,,,,,,
12.637,299567.0,,,,,,,,,,,
14.246,304944.0,,,,,,,,,,,
13.885,310183.0,,,,,,,,,,,
15.769,315410.0,,,,,,,,,,,
13.869,320282.0,,,,,,,,,,,
16.463,325033.0,,,,,,,,,,1.57,
16.778,329639.0,,,,,,,,,,1.63,
17.402,334015.0,,,,,,,,,,1.72,
12.155,338505.0,,,,,,,,,,1.81,
13.473,343097.0,,,,,,,,,,1.79,
12.954,347815.0,,,,,,,,,,1.89,
15.046,352672.0,,,,,,,,,,1.93,
17.327,357678.0,,,,,,,,,,2.05,
16.932,362807.0,,,,,,,,,,2.05,
12.729,368064.0,,,,,,,,,,1.95,
13.263,373277.0,,,,,,,,,,1.89,
11.71,377956.0,,,,,,,,,,1.93,
13.534,382073.0,,,,,,,,,,1.79,
12.594,385660.0,,,,,,,,,,1.77,
12.364,389137.0,,,,,,,,,,1.81,
11.819,392707.0,,,,,,,,,,1.88,
12.373,395986.0,,,,,,,,,,1.85,
14.755,399027.0,,,,,,,,,,1.87,
16.027,401911.0,,,,,,,,,,2.14,
16.035,404563.0,,,,,,,,,,2.1,
13.536,406478.0,,,,,,,,,,1.99,
14.46,407920.0,,,,,,,,,,2.12,
,77042.0,,,,,,,,,,,
,77502.0,,,,,,,,,,,
,77964.0,,,,,,,,,,,
,78430.0,,,,,,,,,,,
,78898.0,,,,,,,,,,,
,79369.0,,,,,,,,,,,
,79842.0,,,,,,,,,,,
,80319.0,,,,,,,,,,,
,80798.0,,,,,,,,,,,
,81820.0,,,,,,,,,,,
,83407.0,,,,,,,,,,,
,85586.0,,,,,,,,,,,
,88383.0,,,,,,,,,,,
,91824.0,,,,,,,,,,,
,95399.0,,,,,,,,,,,
,99114.0,,,,,,,,,,,
,102973.0,,,,,,,,,,,
,106982.0,,,,,,,,,,,
,111150.0,,,,,,,,,,,
,114547.0,,,,,,,,,,,
,117143.0,,,,,,,,,,,
,118907.0,,,,,,,,,,,
,119805.0,,,,,,,,,,,
,119805.0,,,,,,,,,,,
,119805.0,,,,,,,,,,,
,119805.0,,,,,,,,,,,
,119805.0,,,,,,,,,,,
,119805.0,,,,,,,,,,,
,119805.0,,,,,,,,,,,
,119805.0,,,,,,,,,,,
,119805.0,,,,,,,,,,,
,119805.0,,,,,,,,,,,
,119805.0,,,,,,,,,,,
,119805.0,,,,,,,,,,,
,119805.0,,,,,,,,,,,
,119805.0,,,,,,,,,,,
,119805.0,,,,,,,,,,,
,119805.0,,,,,,,,,,,
,119805.0,,,,,,,,,,,
,119700.0,,,,,,,,,,,
,119490.0,,,,,,,,,,,
,119176.0,,,,,,,,,,,
,118759.0,,,,,,,,,,,
,118238.0,,,,,,,,,,,
,117720.0,,,,,,,,,,,
,117203.0,,,,,,,,,,,
,116689.0,,,,,,,,,,,
,116178.0,,,,,,,,,,,
,115668.0,,,,,,,,,,,
,115984.0,,,,,,,,,,,
,117160.0,385173376.0,,,,,,,,,,
,120371.0,409531136.0,,,,,,,,,,
,123695.0,435295456.0,,,,,,,,,,
,127198.0,462638336.0,,,,,,,,,,
,130908.0,492007168.0,,,,,,,,,,
,134883.0,522835552.0,,,,,,,,,,
,139184.0,555751168.0,,,,,,,,,,
,143914.0,590947584.0,,,,,,,,,,
,149092.0,627822080.0,,,,,,,,,,
,154698.0,667520448.0,,,,,,,,,,
,160702.0,709928704.0,,,,,,,,,,
,166981.0,754950400.0,,,,,,,,,,
,173370.0,802943936.0,,,,,,,,,,
,179903.0,854703360.0,,,,,,,,,,
,186604.0,909514496.0,,,,,,,,,,
,193024.0,967989952.0,,,,,,,,,,
,199029.0,1029362496.0,,,,,,,,,,
,204934.0,1096433024.0,,,,,,,,,,
,210815.0,1166027520.0,,,,,,,,,,
,216707.0,1241419904.0,,,,,,,,,,
,222567.0,1325600640.0,,,,,,,,,,
,231001.0,1430905856.0,,,,,,,,,,
,243159.0,1544513536.0,,,,,,,,,,
,256644.0,1666864512.0,,,,,,,,,,
,270637.0,1810668800.0,,,,,,,,,,
,285125.0,1617948800.0,,,,,,,,,,
,300046.0,1881419392.0,,,,,,,,,,
,315350.0,2106852480.0,,,,,,,,,,
,330930.0,2269678848.0,,,,,,,,,,
,346705.0,2261751040.0,,,,,,,,,,
40.174,362600.0,2430890496.0,,,,,,,,,,
46.285,377435.0,2498560512.0,,,,,,,,,,
49.353,391031.0,2659375872.0,,,,,,,,,,
51.83,404779.0,2845479168.0,,,,,,,,,,
50.3,419228.0,2965760512.0,,,,,,,,,,
59.786,434387.0,2955779328.0,,,,,,,,,,
64.765,450202.0,3024145408.0,,,,,,,,,,
77.904,466573.0,3084997120.0,,,,,,,,,,
67.1,483343.0,3193430272.0,,,,,,,,,,
68.611,500360.0,3272824064.0,,,,,,,,,,
75.094,517429.0,3274114048.0,,,,,,,,,,
84.05,535419.0,3631865856.0,,,,,,,,,,
70.512,554480.0,4219815168.0,,,,,,,,,,
84.209,573762.0,4925347840.0,,,,,,,,,,
82.967,593259.0,5510148608.0,,,,,,,,,,
83.113,612941.0,6084213760.0,,,,,,,,,,
83.316,632763.0,6797881344.0,,,,,,,,,,
98.161,652651.0,7521835520.0,,,,,,,,,,
103.041,672484.0,8531816960.0,,,,,,,,,,
105.72,692138.0,9805050880.0,,,,,,,,,,
111.877,711446.0,11416501248.0,,,,,,,,,13.02,
115.79,730263.0,12778555392.0,,,,,,,,,13.74,
123.547,748332.0,14457704448.0,,,,,,,,,14.34,
129.081,778260.0,16810481664.0,,,,,,,,,14.76,
133.713,833454.0,19587602432.0,,,,,,,,,15.18,
150.004,901928.0,22640009216.0,,,,,,,,,18.2,
160.051,970986.0,25959809024.0,,,,,,,,,19.77,
164.328,1040545.0,30196430848.0,,,,,,,,,20.42,
172.081,1110352.0,34434658304.0,,,,,,,,,21.45,
170.371,1179460.0,37946552320.0,,,,,,,,,21.21,
172.235,1213655.0,42648158208.0,,,,,,,,,22.39,
170.415,1212086.0,46914961408.0,,,,,,,,,22.88,
183.07,1224948.0,48471822336.0,,,,,,,,,23.29,
203.592,1261683.0,51083276288.0,,,,,,,,,24.36,
201.824,1311142.0,53661769728.0,,,,,,,,,25.63,
203.605,1362157.0,56045613056.0,,,,,,,,,26.78,
203.153,1409668.0,59105439744.0,,,,,,,,,26.81,
209.008,1456844.0,61359722496.0,,,,,,,,,27.48,
211.637,1487346.0,62559305728.0,,,,,,,,,27.78,
232.196,1494195.0,,,,,,,,,,31.44,
230.628,1477478.0,,,,,,,,,,29.86,
235.749,1463266.0,,,,,,,,,,31.77,
,1472237.0,,,,,,,,,,,
,26849595.0,,,,,,,,,,,
,26958449.0,,,,,,,,,,,
,27067609.0,,,,,,,,,,,
,27177073.0,,,,,,,,,,,
,27286841.0,,,,,,,,,,,
,27396914.0,,,,,,,,,,,
,27507290.0,,,,,,,,,,,
,27617969.0,,,,,,,,,,,
,27728950.0,,,,,,,,,,,
,27827316.0,,,,,,,,,,,
,27913022.0,,,,,,,,,,,
,27986023.0,,,,,,,,,,,
,28046274.0,,,,,,,,,,,
,28093731.0,,,,,,,,,,,
,28141120.0,,,,,,,,,,,
,28188438.0,,,,,,,,,,,
,28235684.0,,,,,,,,,,,
,28282858.0,,,,,,,,,,,
,28395953.0,,,,,,,,,,,
,28509501.0,,,,,,,,,,,
,28623503.0,,,,,,,,,,,
,28737961.0,,,,,,,,,,,
,28852876.0,,,,,,,,,,,
,28968251.0,,,,,,,,,,,
,29084088.0,,,,,,,,,,,
,29200387.0,,,,,,,,,,,
,29317152.0,,,,,,,,,,,
,29434383.0,,,,,,,,,,,
,29552084.0,,,,,,,,,,,
,29765580.0,,,,,,,,,,,
,30077163.0,,,,,,,,,,,
,30489169.0,,,,,,,,,,,
,31003982.0,,,,,,,,,,,
,31624037.0,,,,,,,,,,,
,32256494.0,,,,,,,,,,,
,32901598.0,,,,,,,,,,,
,33559605.0,,,,,,,,,,,
,34230771.0,,,,,,,,,,,
,34915359.0,,,,,,,,,,,
,35529699.0,,,,,,,,,,,
,36071677.0,,,,,,,,,,,
,36539131.0,,,,,,,,,,,
,36929851.0,,,,,,,,,,,
,37241574.0,,,,,,,,,,,
,37555929.0,,,,,,,,,,,
,37872937.0,,,,,,,,,,,
,38192621.0,,,,,,,,,,,
,38515003.0,,,,,,,,,,,
,38840107.0,,,,,,,,,,,
,39243938.0,,,,,,,,,,,
,39728540.0,39301173248.0,,,,,,,,,,
,40548596.0,39781163008.0,,,,,,,,,,
,41426888.0,40974778368.0,,,,,,,,,,
,42329284.0,41553350656.0,,,,,,,,,,
,43282036.0,42373087232.0,,,,,,,,,,
,44315552.0,40166604800.0,,,,,,,,,,
,45407672.0,44305387520.0,,,,,,,,,,
,46560516.0,43387752448.0,,,,,,,,,,
,47742792.0,42582511616.0,,,,,,,,,,
,49004964.0,44798767104.0,,,,,,,,,,
,50396428.0,47441014784.0,,,,,,,,,,
,51882776.0,50082291712.0,,,,,,,,,,
,53461664.0,49816424448.0,,,,,,,,,,
,55094120.0,55102218240.0,,,,,,,,,,
,56774476.0,55737696256.0,,,,,,,,,,
,58500156.0,58415452160.0,,,,,,,,,,
,60265264.0,59220692992.0,,,,,,,,,,
,62104488.0,57806946304.0,,,,,,,,,,
,63995656.0,63239028736.0,,,,,,,,,,
,65866916.0,64108445696.0,,,,,,,,,,
,67541864.0,67600674816.0,,,,,,,,,,
13.407,68376208.0,64585773056.0,1.087,8.135,3.667,12.889,,,0.517,0.517,,3.86
15.191,69346712.0,57036337152.0,1.087,9.919,3.667,14.673,0.0,0.0,0.517,0.517,,3.407
19.48,71144816.0,57327091712.0,1.413,11.208,5.881,18.501,0.0,0.0,0.979,0.979,,5.024
20.747,72947808.0,65037824000.0,1.256,11.66,7.113,20.028,0.0,0.0,0.719,0.719,,3.463
21.331,74700344.0,64196587520.0,1.453,13.632,4.957,20.042,0.0,0.0,1.289,1.289,,6.044
24.893,76380080.0,67082022912.0,1.436,14.749,7.248,23.432,0.0,0.0,1.461,1.461,,5.868
25.438,78137792.0,67704295424.0,1.5,14.523,8.123,24.146,0.0,0.0,1.292,1.292,,5.08
27.024,80007552.0,72709603328.0,1.453,15.46,8.614,25.528,0.0,0.0,1.496,1.496,,5.537
29.795,81908160.0,76312879104.0,1.081,17.112,9.866,28.059,0.0,0.0,1.736,1.736,,5.826
34.75,83929768.0,76945170432.0,1.444,19.291,12.291,33.026,0.0,0.0,1.724,1.724,,4.961
36.84,86154832.0,79474311168.0,1.485,19.893,13.614,34.992,0.0,0.0,1.848,1.848,,5.017
40.641,88555344.0,80492429312.0,1.799,19.621,17.675,39.095,0.0,0.0,1.547,1.547,,3.805
40.19,91045480.0,84456194048.0,1.018,17.547,19.667,38.233,0.0,0.0,1.958,1.958,,4.871
43.443,93534248.0,89004498944.0,0.407,17.682,22.701,40.79,0.0,0.0,2.652,2.652,,6.106
48.274,95959104.0,91717607424.0,0.57,19.739,25.78,46.089,0.0,0.0,2.185,2.185,4.528,4.527
52.537,98271752.0,95757516800.0,0.86,21.275,29.07,51.206,0.0,0.0,1.331,1.331,4.8,2.533
57.985,100490256.0,99663036416.0,1.354,20.945,34.156,56.456,0.0,0.0,1.529,1.529,5.587,2.637
64.576,102688832.0,102457450496.0,1.395,20.984,40.201,62.58,0.0,0.0,1.996,1.996,6.541,3.091
69.614,104893672.0,105141755904.0,1.453,22.942,42.499,66.894,0.0,0.0,2.72,2.72,7.115,3.908
73.856,107147656.0,112105267200.0,3.273,22.228,45.742,71.242,0.0,0.0,2.614,2.614,7.732,3.539
71.255,109242832.0,117331550208.0,1.046,20.623,47.107,68.777,0.0,0.0,2.478,2.478,8.27,3.478
77.711,111272104.0,123425128448.0,0.982,23.004,51.37,75.357,0.0,0.0,2.354,2.354,8.894,3.029
85.436,113418760.0,129907343360.0,0.366,25.769,57.503,83.638,0.0,0.0,1.798,1.798,9.206,2.104
90.69,115614904.0,137432670208.0,0.343,26.857,60.986,88.186,0.0,0.0,2.505,2.505,9.784,2.762
107.109,117793336.0,145833066496.0,3.732,34.853,67.423,106.009,0.0,0.0,1.1,1.1,10.806,1.027
112.202,119876872.0,155028881408.0,2.046,35.606,72.365,110.017,0.0,0.0,2.185,2.185,11.474,1.948
117.891,122039232.0,165329633280.0,3.755,40.877,71.133,115.765,0.0,0.0,2.126,2.126,11.858,1.803
125.559,124350472.0,175900622848.0,1.081,45.056,76.864,123.001,0.0,0.0,2.558,2.558,12.882,2.037
126.985,126754824.0,187796340736.0,0.535,40.184,83.804,124.522,0.0,0.0,2.463,2.463,14.45,1.94
136.121,129193336.0,200830320640.0,3.836,39.488,90.582,133.906,0.0,0.0,2.215,2.215,14.87,1.627
155.585,131670488.0,213178122240.0,4.069,47.167,101.432,152.668,0.0,0.0,2.917,2.917,16.39,1.875
156.023,134139824.0,226307964928.0,4.249,42.876,106.711,153.837,0.0,0.0,2.186,2.186,17.6,1.401
164.916,136503216.0,242360090624.0,4.063,43.894,114.784,162.741,0.003,0.0,2.172,2.175,18.59,1.317
175.079,138789728.0,260420370432.0,4.069,45.444,123.402,172.915,0.005,0.0,2.158,2.164,23.26,1.233
189.647,140912592.0,280327127040.0,8.348,46.511,132.634,187.493,0.01,0.0,2.145,2.154,25.43,1.131
205.209,142628832.0,303335342080.0,12.684,46.741,143.634,203.058,0.015,0.005,2.131,2.151,29.25,1.039
210.167,144135936.0,327171244032.0,10.351,44.304,153.364,208.02,0.025,0.005,2.118,2.148,29.21,1.008
222.289,145421328.0,349580427264.0,10.896,44.909,163.764,219.569,0.043,0.008,2.67,2.72,32.32,1.201
243.676,146706816.0,372835123200.0,13.615,41.344,187.467,242.426,0.07,0.014,1.165,1.25,35.07,0.478
250.177,148391136.0,400257024000.0,8.676,46.802,192.537,248.015,0.123,0.014,2.023,2.162,38.49,0.809
271.34,150211008.0,431620194304.0,12.916,60.02,195.821,268.757,0.161,0.014,2.406,2.584,41.66,0.887
294.774,152090656.0,458682957824.0,10.657,68.357,213.363,292.377,0.249,0.014,2.13,2.397,45.84,0.723
306.7,154030144.0,486328205312.0,14.76,70.055,219.528,304.343,0.353,0.014,1.985,2.357,50.04,0.647
318.27,155961312.0,517114527744.0,9.351,76.69,230.223,316.264,0.452,0.014,1.535,2.006,52.59,0.482
385.227,157830000.0,552394686464.0,30.633,93.075,258.541,382.249,0.534,0.014,2.419,2.978,55.59,0.628
385.996,159784576.0,591216050176.0,23.036,95.468,264.509,383.013,0.589,0.014,2.368,2.983,64.84,0.614
403.533,161793968.0,636054798336.0,25.117,109.049,265.927,400.093,0.674,0.014,2.74,3.44,68.91,0.679
430.493,163683952.0,686521778176.0,28.569,124.592,274.29,427.451,0.728,0.013,2.29,3.043,73.96,0.532
482.698,165516224.0,,48.065,122.231,309.344,479.639,0.864,0.013,2.17,3.059,79.51,0.449
457.072,167420944.0,,52.347,102.684,299.153,454.184,1.022,0.013,1.84,2.888,75.72,0.403
479.475,169356240.0,,42.311,127.857,305.959,476.127,1.538,0.013,1.784,3.348,80.57,0.372
498.503,171186368.0,,49.942,152.82,291.98,494.742,1.715,0.013,2.021,3.761,85.23,0.405
,193451.0,,,,,,,,,,,
,192476.0,,,,,,,,,,,
,190746.0,,,,,,,,,,,
,188266.0,,,,,,,,,,,
,185818.0,,,,,,,,,,,
,183403.0,,,,,,,,,,,
,181018.0,,,,,,,,,,,
,178665.0,,,,,,,,,,,
,176343.0,,,,,,,,,,,
,174184.0,,,,,,,,,,,
,172186.0,,,,,,,,,,,
,170345.0,,,,,,,,,,,
,168658.0,,,,,,,,,,,
,167122.0,,,,,,,,,,,
,165600.0,,,,,,,,,,,
,164092.0,,,,,,,,,,,
,162598.0,,,,,,,,,,,
,161117.0,,,,,,,,,,,
,159654.0,,,,,,,,,,,
,158812.0,,,,,,,,,,,
,158593.0,,,,,,,,,,,
,158998.0,,,,,,,,,,,
,160027.0,,,,,,,,,,,
,161680.0,,,,,,,,,,,
,163351.0,,,,,,,,,,,
,165039.0,,,,,,,,,,,
,166745.0,,,,,,,,,,,
,168468.0,,,,,,,,,,,
,170209.0,,,,,,,,,,,
,171989.0,,,,,,,,,,,
,173809.0,,,,,,,,,,,
,175669.0,,,,,,,,,,,
,177569.0,,,,,,,,,,,
,179512.0,,,,,,,,,,,
,181476.0,,,,,,,,,,,
,183461.0,,,,,,,,,,,
,185468.0,,,,,,,,,,,
,187497.0,,,,,,,,,,,
,189548.0,,,,,,,,,,,
,191519.0,,,,,,,,,,,
,193407.0,,,,,,,,,,,
,195210.0,,,,,,,,,,,
,196928.0,,,,,,,,,,,
,198557.0,,,,,,,,,,,
,200201.0,,,,,,,,,,,
,201857.0,,,,,,,,,,,
,203528.0,,,,,,,,,,,
,205212.0,,,,,,,,,,,
,206911.0,,,,,,,,,,,
,208689.0,,,,,,,,,,,
,210556.0,715289984.0,,,,,,,,,,
,215438.0,755294976.0,,,,,,,,,,
,219481.0,796790016.0,,,,,,,,,,
,222736.0,840462976.0,,,,,,,,,,
,225315.0,888075008.0,,,,,,,,,,
,227330.0,938190976.0,,,,,,,,,,
,228628.0,992140032.0,,,,,,,,,,
,229474.0,1049996032.0,,,,,,,,,,
,230355.0,1106940032.0,,,,,,,,,,
,231418.0,1167243008.0,,,,,,,,,,
,232560.0,1233312000.0,,,,,,,,,,
,233702.0,1307090048.0,,,,,,,,,,
,234839.0,1356366976.0,,,,,,,,,,
,235884.0,1393623040.0,,,,,,,,,,
,236840.0,1480715008.0,,,,,,,,,,
,237698.0,1519980032.0,,,,,,,,,,
,238497.0,1622028032.0,,,,,,,,,,
,239253.0,1783096064.0,,,,,,,,,,
,239921.0,2022960000.0,,,,,,,,,,
,240598.0,2210032896.0,,,,,,,,,,
,241402.0,2437082880.0,,,,,,,,,,
,242357.0,2533873920.0,,,,,,,,,,
,243468.0,2557213952.0,,,,,,,,,,
,244650.0,2594939904.0,,,,,,,,,,
,245861.0,2479680000.0,,,,,,,,,,
,247096.0,2426775040.0,,,,,,,,,,
,248363.0,2535055872.0,,,,,,,,,,
,249669.0,2624709120.0,,,,,,,,,,
,251019.0,2753499904.0,,,,,,,,,,
,252340.0,2971087104.0,,,,,,,,,,
4.281,253582.0,3104135936.0,,,,,,,,,,
4.455,254695.0,3040379904.0,,,,,,,,,,
4.517,255654.0,2890272000.0,,,,,,,,,,
4.765,256516.0,2911845120.0,,,,,,,,,,
4.591,257291.0,3013632000.0,,,,,,,,,,
5.074,257917.0,3044935936.0,,,,,,,,,,
5.322,258377.0,3200231936.0,,,,,,,,,,
5.067,258668.0,3284897024.0,,,,,,,,,,
4.771,258771.0,3402619904.0,,,,,,,,,,
5.193,258767.0,3522978048.0,,,,,,,,,,
5.502,258871.0,3404428032.0,,,,,,,,,,
5.563,259414.0,3234507008.0,,,,,,,,,,
5.876,260226.0,3028225536.0,,,,,,,,,,
5.727,261001.0,3017396992.0,,,,,,,,,,
5.431,261720.0,3045284352.0,,,,,,,,,,
5.637,262309.0,3074994176.0,,,,,,,,,,
5.061,262808.0,3163662080.0,,,,,,,,,,
6.093,263234.0,3273617408.0,,,,,,,,,,
6.189,263647.0,3356270336.0,,,,,,,,,,
6.479,264181.0,3340960000.0,,,,,,,,,,
6.965,264663.0,3452406272.0,,,,,,,,,0.76,
6.97,265384.0,3330849792.0,,,,,,,,,0.8,
7.016,266467.0,3319030528.0,,,,,,,,,0.83,
7.091,267509.0,3362359808.0,,,,,,,,,0.87,
7.144,268514.0,3369967104.0,,,,,,,,,0.9,
7.199,269489.0,3466246144.0,,,,,,,,,0.95,
7.216,270436.0,3622055424.0,,,,,,,,,0.98,
6.884,271460.0,3642717696.0,,,,,,,,,1.0,
8.118,272647.0,3618468352.0,,,,,,,,,1.01,
7.651,273801.0,3446882304.0,,,,,,,,,1.02,
7.373,274717.0,3418936064.0,,,,,,,,,0.97,
7.738,275501.0,3406690048.0,,,,,,,,,0.99,
7.273,276207.0,3415680000.0,,,,,,,,,1.06,
7.386,276873.0,3412801024.0,,,,,,,,,0.95,
6.423,277501.0,3416199936.0,,,,,,,,,0.97,
6.833,278095.0,3448058880.0,,,,,,,,,0.98,
6.971,278660.0,3492872960.0,,,,,,,,,1.0,
6.609,279199.0,3525892864.0,,,,,,,,,1.01,
7.019,279702.0,3516161024.0,,,,,,,,,1.0,
7.053,280193.0,,,,,,,,,,1.02,
6.057,280704.0,,,,,,,,,,1.0,
6.475,281204.0,,,,,,,,,,1.07,
408.044,10133217.0,109799186432.0,25.112,296.34,86.532,407.985,,,0.059,0.059,33.175,0.014
465.838,10201675.0,112796188672.0,27.472,350.119,88.189,465.779,,,0.059,0.059,36.282,0.013
472.619,10270610.0,114070847488.0,26.711,346.306,99.543,472.56,,,0.059,0.059,37.453,0.013
479.405,10333484.0,113655357440.0,28.616,335.469,115.26,479.346,,,0.059,0.059,38.15,0.012
463.661,10387611.0,121119309824.0,28.092,314.127,121.382,463.602,,,0.059,0.059,38.489,0.013
465.972,10428527.0,116974870528.0,24.71,311.878,129.325,465.913,0.0,0.0,0.059,0.059,39.526,0.013
464.906,10457619.0,114005491712.0,23.473,306.031,135.349,464.853,0.0,0.0,0.053,0.053,38.735,0.011
403.156,10475912.0,101880774656.0,19.55,226.377,157.178,403.105,0.0,0.0,0.05,0.05,37.595,0.012
337.112,10480485.0,93050200064.0,16.79,174.433,145.833,337.056,0.0,0.0,0.056,0.056,33.369,0.017
281.814,10475397.0,81212694528.0,11.764,142.508,127.486,281.757,0.0,0.0,0.056,0.056,31.397,0.02
250.706,10461694.0,71373348864.0,11.07,124.317,115.26,250.647,0.0,0.0,0.059,0.059,24.918,0.024
257.138,10436455.0,72504139776.0,13.435,122.274,121.382,257.091,0.0,0.0,0.047,0.047,23.728,0.018
260.101,10400926.0,79868108800.0,14.157,107.041,138.84,260.039,0.0,0.0,0.062,0.062,26.057,0.024
254.351,10357472.0,85602467840.0,12.564,101.113,140.591,254.268,0.0,0.0,0.083,0.083,23.492,0.033
247.417,10308281.0,87455039488.0,11.656,92.492,143.212,247.36,0.0,0.0,0.056,0.056,26.516,0.023
255.06,10256489.0,91419115520.0,11.572,91.472,151.936,254.98,0.0,0.0,0.08,0.08,24.54,0.031
247.96,10201212.0,94624129024.0,8.309,88.498,151.066,247.872,0.0,0.0,0.088,0.088,23.56,0.036
256.526,10135391.0,98263244800.0,7.837,93.176,155.428,256.441,0.0,0.0,0.085,0.085,24.87,0.033
254.586,10065881.0,103937826816.0,7.377,94.322,152.807,254.505,0.0,0.0,0.081,0.081,25.03,0.032
285.081,9999713.0,114486460416.0,7.226,92.413,185.344,284.983,0.0,0.003,0.095,0.098,29.34,0.033
284.15,9935166.0,123858051072.0,7.98,86.038,190.027,284.044,0.0,0.003,0.103,0.106,29.11,0.036
302.147,9874700.0,134674022400.0,7.145,100.945,193.948,302.038,0.0,0.003,0.1,0.109,29.85,0.033
294.774,9825990.0,144615653376.0,8.08,91.832,194.715,294.627,0.0,0.003,0.099,0.146,29.88,0.034
298.66,9787829.0,157577084928.0,7.533,91.413,199.415,298.36,0.0,0.003,0.11,0.3,32.9,0.037
282.563,9757710.0,156010315776.0,7.177,105.51,169.32,282.006,0.0,0.003,0.126,0.556,28.48,0.044
306.248,9731426.0,166239846400.0,7.507,90.671,207.284,305.462,0.0,0.003,0.125,0.786,32.8,0.041
300.733,9706983.0,173124534272.0,9.019,98.704,192.262,299.984,0.0,0.011,0.116,0.749,30.24,0.039
325.298,9693754.0,176014524416.0,9.199,121.141,194.101,324.441,0.0,0.016,0.197,0.856,28.94,0.061
294.823,9691143.0,177742299136.0,9.764,91.427,192.703,293.895,0.001,0.022,0.376,0.928,29.6,0.128
294.944,9693741.0,180852932608.0,9.686,93.146,191.214,294.046,0.005,0.024,0.328,0.898,32.63,0.111
267.03,9700609.0,173928284160.0,8.614,78.473,178.989,266.076,0.024,0.105,0.299,0.954,32.02,0.112
272.842,9708111.0,168715976704.0,9.468,84.348,177.875,271.691,0.07,0.195,0.38,1.151,31.55,0.139
277.869,9707874.0,172987875328.0,9.792,83.869,182.088,275.749,0.237,0.258,1.08,2.119,32.46,0.389
307.253,9695573.0,178435260416.0,14.689,97.498,193.143,305.329,0.312,0.262,0.857,1.923,36.66,0.279
308.826,9673971.0,,15.468,99.363,191.645,306.476,0.472,0.438,0.925,2.35,37.68,0.3
286.783,9633745.0,,9.734,95.69,177.51,282.934,0.446,0.486,1.051,2.997,36.2,0.366
305.647,9578172.0,,9.897,90.806,187.617,288.32,0.444,0.481,0.898,2.813,43.86,0.294
296.849,9534956.0,,10.722,86.814,184.624,282.16,0.743,0.48,0.894,2.956,39.641,0.301
,6705987.0,39957893120.0,,,,,,,,,,
,6776269.0,40316329984.0,,,,,,,,,,
,6848968.0,41141878784.0,,,,,,,,,,
,6924126.0,42072961024.0,,,,,,,,,,
,7000108.0,43160825856.0,,,,,,,,,,
,7076924.0,44398899200.0,,,,,,,,,,
,7154584.0,45318950912.0,,,,,,,,,,
,7233095.0,45994582016.0,,,,,,,,,,
,7312468.0,46459559936.0,,,,,,,,,,
,7377299.0,47335739392.0,,,,,,,,,,
,7427418.0,48572043264.0,,,,,,,,,,
,7462655.0,49702404096.0,,,,,,,,,,
,7482838.0,50883358720.0,,,,,,,,,,
,7487791.0,51569180672.0,,,,,,,,,,
,7492747.0,48291917824.0,,,,,,,,,,
,7497707.0,47717851136.0,,,,,,,,,,
,7502669.0,50476285952.0,,,,,,,,,,
,7507636.0,43351961600.0,,,,,,,,,,
,7513025.0,34929598464.0,,,,,,,,,,
,7527467.0,41206456320.0,,,,,,,,,,
,7551028.0,47690878976.0,,,,,,,,,,
,7583777.0,48513359872.0,,,,,,,,,,
,7625781.0,53254414336.0,,,,,,,,,,
,7677110.0,55170510848.0,,,,,,,,,,
,7728784.0,56977850368.0,,,,,,,,,,
,7780807.0,57860202496.0,,,,,,,,,,
,7833179.0,59818344448.0,,,,,,,,,,
,7885904.0,62022688768.0,,,,,,,,,,
,7938984.0,65265889280.0,,,,,,,,,,
,7986890.0,64705789952.0,,,,,,,,,,
,8029570.0,64091136000.0,,,,,,,,,,
,8066970.0,62952120320.0,,,,,,,,,,
,8099037.0,60109799424.0,,,,,,,,,,
,8125715.0,61411491840.0,,,,,,,,,,
,8152481.0,60899201024.0,,,,,,,,,,
,8179335.0,64654688256.0,,,,,,,,,,
,8206277.0,65114763264.0,,,,,,,,,,
,8233309.0,66000166912.0,,,,,,,,,,
,8260429.0,64496549888.0,,,,,,,,,,
,8287916.0,68889927680.0,,,,,,,,,,
,8315772.0,60692111360.0,,,,,,,,,,
,8343998.0,57493372928.0,,,,,,,,,,
,8372598.0,52541636608.0,,,,,,,,,,
,8401573.0,51331174400.0,,,,,,,,,,
,8430648.0,54339215360.0,,,,,,,,,,
,8459824.0,57597472768.0,,,,,,,,,,
,8489101.0,61003796480.0,,,,,,,,,,
,8518479.0,64650948608.0,,,,,,,,,,
,8547959.0,68524457984.0,,,,,,,,,,
,8580904.0,71306690560.0,,,,,,,,,,
,8617340.0,75214348288.0,,,,,,,,,,
,8655405.0,79502696448.0,,,,,,,,,,
,8695589.0,78879211520.0,,,,,,,,,,
,8740418.0,81405992960.0,,,,,,,,,,
,8787230.0,84754243584.0,,,,,,,,,,
,8834527.0,88773435392.0,,,,,,,,,,
,8881499.0,91353399296.0,,,,,,,,,,
,8931968.0,93064265728.0,,,,,,,,,,
,8987667.0,92953198592.0,,,,,,,,,,
,9049394.0,95889580032.0,,,,,,,,,,
,9108729.0,101044314112.0,,,,,,,,,,
,9168479.0,105965813760.0,,,,,,,,,,
,9230337.0,111422799872.0,,,,,,,,,,
,9288223.0,116335812608.0,,,,,,,,,,
,9350473.0,124534267904.0,,,,,,,,,,
412.941,9412091.0,128900431872.0,222.937,188.465,0.735,412.137,,,0.804,0.804,,0.195
397.859,9466114.0,133004615680.0,203.371,192.26,1.326,396.958,,,0.884,0.884,,0.222
417.655,9515229.0,138196549632.0,199.597,212.032,5.055,416.684,,,0.704,0.704,,0.169
465.417,9556258.0,143933308928.0,206.064,246.159,12.299,464.522,,,0.722,0.722,,0.155
510.775,9592105.0,153505202176.0,200.69,284.007,25.335,510.032,,,0.68,0.68,,0.133
539.591,9629376.0,163013754880.0,189.134,309.816,39.752,538.702,,,0.727,0.727,,0.135
529.334,9666396.0,169133342720.0,156.617,317.506,54.815,528.938,,,0.396,0.396,,0.075
562.733,9700295.0,178026053632.0,149.583,343.472,69.113,562.169,,,0.532,0.532,,0.095
570.326,9727987.0,188915220480.0,125.528,360.634,83.072,569.234,,,0.506,0.876,,0.089
550.783,9749063.0,196850466816.0,134.267,317.684,97.357,549.308,,,0.71,1.054,,0.129
518.019,9763432.0,194240675840.0,100.279,301.49,96.195,497.963,,,0.541,0.806,,0.104
549.579,9773540.0,205206880256.0,104.504,314.482,101.611,520.598,,,0.322,0.504,,0.059
550.602,9786372.0,206503346176.0,105.995,309.31,99.969,515.274,,,0.662,1.451,,0.12
574.714,9800204.0,212370669568.0,108.544,330.051,99.125,537.719,,,0.659,1.489,,0.115
591.323,9814133.0,217343098880.0,120.935,328.017,108.305,557.258,,,0.692,1.697,,0.117
566.106,9828989.0,227067215872.0,121.915,303.173,103.632,528.719,,,0.822,1.78,,0.145
538.297,9843594.0,224240631808.0,126.293,277.881,95.58,499.754,,,1.127,2.056,,0.209
514.88,9857337.0,227394764800.0,126.491,263.125,79.686,469.302,,,0.985,1.132,,0.191
498.969,9866528.0,227376709632.0,107.94,238.756,82.809,429.504,,,0.994,1.064,,0.199
521.477,9873600.0,233018720256.0,125.179,231.012,85.451,441.641,,,1.038,1.115,,0.199
544.368,9880540.0,235344805888.0,124.827,234.479,85.864,445.17,,,0.849,1.018,57.322,0.156
561.724,9887822.0,238862663680.0,106.509,264.944,77.095,448.549,,0.0,1.014,1.394,58.676,0.181
578.68,9900226.0,244504592384.0,105.993,266.848,85.016,457.858,,0.018,1.269,1.74,63.367,0.219
590.204,9917989.0,256045023232.0,107.108,275.227,83.906,466.242,,0.024,1.062,1.66,65.349,0.18
594.57,9937168.0,265237135360.0,112.535,270.306,93.244,476.084,,0.021,0.902,1.532,67.547,0.152
621.353,9959565.0,273278730240.0,123.632,279.091,95.699,498.421,0.0,0.021,0.787,1.707,70.29,0.127
642.88,9987072.0,278661955584.0,118.261,299.267,102.078,519.606,0.0,0.024,0.677,1.655,71.19,0.105
641.509,10016455.0,283324055552.0,105.84,305.273,105.201,516.315,0.0,0.027,1.008,1.887,71.42,0.157
631.183,10043738.0,280980160512.0,100.259,300.306,110.093,510.658,0.0,0.024,0.751,1.557,70.08,0.119
663.908,10069182.0,290439823360.0,107.766,326.463,112.576,546.805,0.0,0.027,1.023,1.832,71.34,0.154
672.12,10095204.0,297776709632.0,102.929,325.266,124.525,552.721,0.0,0.027,0.999,2.051,73.52,0.149
713.881,10123230.0,302932623360.0,98.508,352.254,138.421,589.182,0.0,0.024,0.707,1.733,75.14,0.099
721.262,10154876.0,314603208704.0,91.962,360.931,132.045,584.938,0.0,0.024,0.902,1.803,77.88,0.125
735.386,10188541.0,321260519424.0,91.477,365.943,144.644,602.064,0.0,0.033,1.15,2.329,82.09,0.156
730.141,10224223.0,333156122624.0,80.152,353.812,154.46,588.424,0.0,0.038,1.008,2.63,83.37,0.138
743.348,10264351.0,345736773632.0,88.684,359.535,155.263,603.482,0.0,0.047,1.36,3.221,82.79,0.183
736.859,10309249.0,349022420992.0,84.474,365.036,153.376,602.887,0.0,0.109,1.296,3.31,78.63,0.176
733.474,10355569.0,355720200192.0,72.416,366.563,158.325,597.305,0.0,0.166,1.051,3.519,80.94,0.143
761.691,10402550.0,358964166656.0,70.049,387.416,168.666,626.13,0.0,0.255,0.716,3.707,83.57,0.094
764.62,10456164.0,372527267840.0,65.154,392.122,171.88,629.156,0.003,0.409,0.913,4.636,82.92,0.119
756.118,10516979.0,380849782784.0,59.866,389.986,168.935,618.787,0.003,0.65,0.825,6.553,84.1,0.109
758.241,10582970.0,390897631232.0,59.077,388.743,173.889,621.708,0.006,1.041,1.022,9.171,83.07,0.135
763.469,10653698.0,404735590400.0,53.987,392.629,175.19,621.806,0.017,1.388,1.1,10.805,86.56,0.144
775.734,10726720.0,408314871808.0,53.316,411.841,174.014,639.172,0.118,1.79,1.152,13.687,82.81,0.149
715.849,10801357.0,399533047808.0,34.345,360.922,175.741,571.008,0.464,2.782,0.916,18.292,89.67,0.128
764.721,10877948.0,412203548672.0,43.6,374.983,194.04,612.624,1.554,3.586,0.866,24.402,92.87,0.113
713.592,10955742.0,420970561536.0,41.049,350.517,165.24,556.806,3.225,6.378,0.541,29.101,89.05,0.076
684.924,11031140.0,421100945408.0,38.663,337.581,167.4,543.644,5.89,7.566,0.979,35.258,81.42,0.143
701.93,11103260.0,421204131840.0,40.908,345.841,165.33,552.079,7.206,9.989,1.036,38.324,81.72,0.148
650.872,11176727.0,428582862848.0,39.673,338.911,144.63,523.214,7.819,12.503,0.792,40.042,70.94,0.122
657.443,11248306.0,434918719488.0,38.741,348.055,158.499,545.295,8.231,15.011,0.857,44.693,68.12,0.13
709.499,11316837.0,439359012864.0,36.819,352.984,161.892,551.696,8.287,14.508,0.991,45.998,83.96,0.14
716.052,11384491.0,447723831296.0,36.07,357.468,164.115,557.653,8.803,17.353,0.719,50.562,84.93,0.1
714.219,11448598.0,454384320512.0,35.873,383.162,168.741,587.776,10.327,20.039,0.773,53.84,73.52,0.108
738.429,11510569.0,,35.962,358.851,173.869,568.682,11.209,25.715,0.796,59.656,92.31,0.108
664.032,11561716.0,,27.957,307.178,169.982,505.117,13.426,33.665,0.701,72.134,87.89,0.106
738.394,11611416.0,,30.947,341.004,169.606,541.558,14.701,31.394,1.094,70.47,99.03,0.148
680.657,11655923.0,,31.991,320.99,145.534,498.515,17.653,31.043,0.823,72.733,94.58,0.121
1.053,145147.0,,,,,,,,,,,
0.993,148782.0,,,,,,,,,,,
0.935,152420.0,,,,,,,,,,,
0.936,156070.0,,,,,,,,,,,
0.995,159739.0,,,,,,,,,,,
0.993,163453.0,,,,,,,,,,,
1.209,167212.0,,,,,,,,,,,
0.989,170995.0,,,,,,,,,,,
0.757,174831.0,,,,,,,,,,,
1.089,178711.0,,,,,,,,,,,
1.433,182603.0,,,,,,,,,,,
1.624,186478.0,,,,,,,,,,,
1.361,190312.0,,,,,,,,,,,
1.358,194192.0,,,,,,,,,,,
1.295,198430.0,,,,,,,,,,,
1.602,203572.0,,,,,,,,,,,
1.431,209857.0,,,,,,,,,,,
2.21,217127.0,,,,,,,,,,,
2.173,224917.0,,,,,,,,,,,
2.261,232750.0,,,,,,,,,,,
2.413,240420.0,,,,,,,,,,0.18,
2.657,248109.0,,,,,,,,,,0.15,
2.571,256000.0,,,,,,,,,,0.15,
2.522,264006.0,,,,,,,,,,0.17,
2.43,272141.0,,,,,,,,,,0.16,
2.602,280386.0,,,,,,,,,,0.17,
2.993,288745.0,,,,,,,,,,0.23,
2.824,297182.0,,,,,,,,,,0.24,
2.731,305687.0,,,,,,,,,,0.23,
2.847,314178.0,,,,,,,,,,0.25,
3.38,322115.0,,,,,,,,,,0.49,
2.948,329546.0,,,,,,,,,,0.43,
3.063,337067.0,,,,,,,,,,0.47,
3.338,344695.0,,,,,,,,,,0.45,
3.32,352343.0,,,,,,,,,,0.51,
3.67,359884.0,,,,,,,,,,0.54,
3.674,367327.0,,,,,,,,,,0.53,
4.083,374702.0,,,,,,,,,,0.76,
3.647,382076.0,,,,,,,,,,0.79,
3.846,389103.0,,,,,,,,,,0.88,
2.854,394931.0,,,,,,,,,,0.62,
2.975,400037.0,,,,,,,,,,0.64,
1.913,3833947.0,5935497728.0,,,,,,,,,,
1.927,3941578.0,6276125184.0,,,,,,,,,,
1.36,4054390.0,6957657088.0,,,,,,,,,,
1.973,4171533.0,6662364672.0,,,,,,,,,,
1.956,4293077.0,7197473792.0,,,,,,,,,,
2.256,4419558.0,7746780672.0,,,,,,,,,,
2.198,4551384.0,7917095424.0,,,,,,,,,,
1.742,4688794.0,7799295488.0,,,,,,,,,,
2.159,4831628.0,8040683520.0,,,,,,,,,,
2.225,4979683.0,7998171648.0,,,,,,,,,,
2.557,5133429.0,8723574784.0,,,,,,,,,,
2.988,5293055.0,9020547072.0,,,,,,,,,,
3.32,5457781.0,9209668608.0,,,,,,,,,,
3.651,5706188.0,9663858688.0,,,,,,,,,,
3.82,5923401.0,9706565632.0,,,,,,,,,,
4.123,6046512.0,10500461568.0,,,,,,,,,,
4.501,6203860.0,10810468352.0,,,,,,,,,,
4.869,6387026.0,11307899904.0,,,,,,,,,,
5.248,6584179.0,11647427584.0,,,,,,,,,,
2.577,6788596.0,12157430784.0,,,,,,,,,,
6.865,6998022.0,12746225664.0,,,,,,,,,0.08,
7.813,7212043.0,13306903552.0,,,,,,,,,0.06,
8.952,7431787.0,13793054720.0,,,,,,,,,0.06,
10.394,7659211.0,14127733760.0,,,,,,,,,0.07,
10.959,7894558.0,14599812096.0,,,,,,,,,0.08,
10.288,8149420.0,14703565824.0,,,,,,,,,0.1,
14.049,8402635.0,15130030080.0,,,,,,,,,0.14,
16.59,8647761.0,15874980864.0,,,,,,,,,0.2,
16.966,8906472.0,16519715840.0,,,,,,,,,0.21,
18.842,9172514.0,16780075008.0,,,,,,,,,0.12,
21.61,9445716.0,17023196160.0,,,,,,,,,0.11,
20.145,9726385.0,17416239104.0,,,,,,,,,0.09,
19.12,10014087.0,18305935360.0,,,,,,,,,0.05,
19.481,10308730.0,19651418112.0,,,,,,,,,0.09,
20.596,10614845.0,21043177472.0,,,,,,,,,0.22,
22.778,10932791.0,22279708672.0,,,,,,,,,0.3,
27.779,11260091.0,23337750528.0,,,,,,,,,0.25,
29.458,11596786.0,24870051840.0,,,,,,,,,0.31,
32.679,11940688.0,26682034176.0,,,,,,,,,0.19,
29.696,12290443.0,,,,,,,,,,0.2,
31.843,12643121.0,,,,,,,,,,0.23,
32.295,12996901.0,,,,,,,,,,0.24,
2.338,53583.0,,,,,,,,,,,
2.025,53930.0,,,,,,,,,,,
2.147,54362.0,,,,,,,,,,,
2.27,54783.0,,,,,,,,,,,
2.215,55217.0,,,,,,,,,,,
2.147,55632.0,,,,,,,,,,,
2.022,56014.0,,,,,,,,,,,
2.915,56388.0,,,,,,,,,,,
3.182,56758.0,,,,,,,,,,,
3.845,57133.0,,,,,,,,,,,
2.729,57490.0,,,,,,,,,,,
2.391,57897.0,,,,,,,,,,,
1.868,58344.0,,,,,,,,,,,
2.17,58763.0,,,,,,,,,,,
2.091,59138.0,,,,,,,,,,,
2.145,59486.0,,,,,,,,,,,
2.213,59857.0,,,,,,,,,,,
2.207,60248.0,,,,,,,,,,,
2.207,60624.0,,,,,,,,,,,
2.207,61004.0,,,,,,,,,,,
2.412,61390.0,,,,,,,,,,0.0,
2.447,61785.0,,,,,,,,,,0.0,
2.575,62156.0,,,,,,,,,,0.0,
2.569,62490.0,,,,,,,,,,0.0,
2.66,62759.0,,,,,,,,,,0.0,
2.801,62980.0,,,,,,,,,,0.0,
3.164,63096.0,,,,,,,,,,0.0,
3.675,63181.0,,,,,,,,,,0.0,
3.515,63277.0,,,,,,,,,,0.0,
2.766,63375.0,,,,,,,,,,0.0,
3.257,63466.0,,,,,,,,,,0.0,
2.105,63554.0,,,,,,,,,,0.0,
2.276,63581.0,,,,,,,,,,0.0,
2.287,63527.0,,,,,,,,,,0.0,
2.961,63375.0,,,,,,,,,,0.0,
2.49,63165.0,,,,,,,,,,0.0,
3.17,63090.0,,,,,,,,,,0.0,
3.126,63295.0,,,,,,,,,,0.0,
3.234,63591.0,,,,,,,,,,0.0,
3.232,63833.0,,,,,,,,,,0.0,
2.957,64051.0,,,,,,,,,,0.0,
2.985,64213.0,,,,,,,,,,0.0,
0.04,415266.0,,,,,,,,,,,
0.145,428649.0,,,,,,,,,,,
0.149,442217.0,,,,,,,,,,,
0.147,456042.0,,,,,,,,,,,
0.152,470179.0,,,,,,,,,,,
0.164,484531.0,,,,,,,,,,,
0.799,499158.0,,,,,,,,,,,
2.754,514033.0,,,,,,,,,,,
3.477,529057.0,,,,,,,,,,,
3.538,544217.0,,,,,,,,,,,
3.73,558449.0,,,,,,,,,,,
3.798,567719.0,,,,,,,,,,,
3.858,545956.0,,,,,,,,,,,
3.873,520840.0,,,,,,,,,,,
4.14,521268.0,,,,,,,,,,,
4.421,527535.0,,,,,,,,,,,
4.847,537500.0,,,,,,,,,,,
4.884,546873.0,,,,,,,,,,,
4.776,557153.0,,,,,,,,,,,
4.825,571002.0,,,,,,,,,,,
4.973,587210.0,,,,,,,,,,1.79,
5.49,603243.0,,,,,,,,,,1.92,
6.073,619055.0,,,,,,,,,,2.18,
6.764,634635.0,,,,,,,,,,2.5,
6.51,649995.0,,,,,,,,,,2.33,
7.376,663332.0,,,,,,,,,,2.62,
11.948,673273.0,,,,,,,,,,4.47,
14.93,681624.0,,,,,,,,,,6.49,
15.43,689741.0,,,,,,,,,,6.89,
16.001,697682.0,,,,,,,,,,6.93,
17.133,705523.0,,,,,,,,,,7.26,
16.67,713338.0,,,,,,,,,,6.97,
16.197,721154.0,,,,,,,,,,6.74,
17.942,728898.0,,,,,,,,,,7.53,
17.178,736362.0,,,,,,,,,,7.15,
17.99,743284.0,,,,,,,,,,7.73,
18.514,749764.0,,,,,,,,,,7.88,
18.395,756130.0,,,,,,,,,,7.65,
17.634,762104.0,,,,,,,,,,6.89,
20.915,767467.0,,,,,,,,,,8.95,
20.543,772512.0,,,,,,,,,,8.95,
21.603,777500.0,,,,,,,,,,9.0,
,1813429.0,2479552000.0,,,,,,,,,,
,1840504.0,2587229952.0,,,,,,,,,,
,1862946.0,2519025920.0,,,,,,,,,,
,1880588.0,2532546048.0,,,,,,,,,,
,1898393.0,2556460032.0,,,,,,,,,,
,1916363.0,2665149952.0,,,,,,,,,,
,1934499.0,2778798080.0,,,,,,,,,,
,1952802.0,2811424000.0,,,,,,,,,,
,1971275.0,2921728000.0,,,,,,,,,,
,1992797.0,3008122112.0,,,,,,,,,,
,2017450.0,3148617984.0,,,,,,,,,,
,2045315.0,3228144128.0,,,,,,,,,,
,2076476.0,3334542080.0,,,,,,,,,,
,2111020.0,3502422016.0,,,,,,,,,,
,2146135.0,3387634944.0,,,,,,,,,,
,2181829.0,3507898112.0,,,,,,,,,,
,2218112.0,3652253952.0,,,,,,,,,,
,2254994.0,3959011072.0,,,,,,,,,,
,2289257.0,4047899904.0,,,,,,,,,,
,2322343.0,4103687936.0,,,,,,,,,,
,2354214.0,4126752000.0,,,,,,,,,,
,2384831.0,3995688960.0,,,,,,,,,,
,2414156.0,4376372224.0,,,,,,,,,,
,2442148.0,4441696256.0,,,,,,,,,,
,2470465.0,4646248960.0,,,,,,,,,,
,2499110.0,4851871744.0,,,,,,,,,,
,2528087.0,4937373184.0,,,,,,,,,,
,2557400.0,5301323776.0,,,,,,,,,,
,2587054.0,5520108032.0,,,,,,,,,,
,2617053.0,5749620224.0,,,,,,,,,,
,2647402.0,5467556864.0,,,,,,,,,,
,2678105.0,4946999808.0,,,,,,,,,,
,2709166.0,4609186816.0,,,,,,,,,,
,2740590.0,4849827840.0,,,,,,,,,,
,2772378.0,5270588928.0,,,,,,,,,,
,2804535.0,5519419904.0,,,,,,,,,,
,2837065.0,5728869888.0,,,,,,,,,,
,2869973.0,6188218880.0,,,,,,,,,,
,2903262.0,6391098880.0,,,,,,,,,,
,2931704.0,6615591936.0,,,,,,,,,,
,2955228.0,7174230016.0,,,,,,,,,,
,2973763.0,7681382912.0,,,,,,,,,,
,2987236.0,7873580032.0,,,,,,,,,,
,2995573.0,8137769984.0,,,,,,,,,,
,3003934.0,8135496192.0,,,,,,,,,,
,3012318.0,8453100032.0,,,,,,,,,,
,3020725.0,8334752768.0,,,,,,,,,,
,3029156.0,8156051968.0,,,,,,,,,,
,3037611.0,8811650048.0,,,,,,,,,,
,3057744.0,9199672320.0,,,,,,,,,,
,3089847.0,8328510464.0,,,,,,,,,,
,3136898.0,9061147648.0,,,,,,,,,,
,3186940.0,9333291008.0,,,,,,,,,,
,3240447.0,8449113088.0,,,,,,,,,,
,3297552.0,8628764672.0,,,,,,,,,,
,3357924.0,9081515008.0,,,,,,,,,,
,3421571.0,8543092736.0,,,,,,,,,,
,3488300.0,8263801856.0,,,,,,,,,,
,3558669.0,8458587136.0,,,,,,,,,,
,3632170.0,8431187456.0,,,,,,,,,,
,3707520.0,8791226368.0,,,,,,,,,,
,3784750.0,8975158272.0,,,,,,,,,,
,3864143.0,9473567744.0,,,,,,,,,,
,3945728.0,10084080640.0,,,,,,,,,,
,4029474.0,10573263872.0,,,,,,,,,,
,4115514.0,11093693440.0,,,,,,,,,,
,4204072.0,11891658752.0,,,,,,,,,,
,4295273.0,12635159552.0,,,,,,,,,,
,4389247.0,13716874240.0,,,,,,,,,,
,4486107.0,14329906176.0,,,,,,,,,,
,4585696.0,15077029888.0,,,,,,,,,,
,4688273.0,15649304576.0,,,,,,,,,,
,4793809.0,16446270464.0,,,,,,,,,,
,4902250.0,17582471168.0,,,,,,,,,,
,5013765.0,18484709376.0,,,,,,,,,,
,5127783.0,19706406912.0,,,,,,,,,,
,5244361.0,20908283904.0,,,,,,,,,,
,5363918.0,21786902528.0,,,,,,,,,,
,5486139.0,22525603840.0,,,,,,,,,,
,5610389.0,22517149696.0,,,,,,,,,,
21.848,5736092.0,22309322752.0,,,,,,,,,,
25.067,5862996.0,22513608704.0,,,,,,,,,,
21.826,5991117.0,21530726400.0,,,,,,,,,,
22.676,6120628.0,20568700928.0,,,,,,,,,,
21.862,6251924.0,20775917568.0,,,,,,,,,,
19.681,6385634.0,20629833728.0,,,,,,,,,,
19.98,6521990.0,19972702208.0,,,,,,,,,,
19.647,6661432.0,20500709376.0,,,,,,,,,,
22.57,6804076.0,21274793984.0,,,,,,,,,,
25.571,6949147.0,21890043904.0,,,,,,,,,,
27.038,7096195.0,23021797376.0,,,,,,,,,,
26.605,7244896.0,24301006848.0,,,,,,,,,,
28.728,7394417.0,24762218496.0,,,,,,,,,,
28.343,7544494.0,25891375104.0,,,,,,,,,,
31.658,7693728.0,27164993536.0,,,,,,,,,,
36.279,7841471.0,28507105280.0,,,,,,,,,,
35.537,7989373.0,29832024064.0,,,,,,,,,,
39.856,8137627.0,31392651264.0,,,,,,,,,,
36.969,8286930.0,33052112896.0,,,,,,,,,,
41.528,8439057.0,33277726720.0,,,,,,,,,,
43.588,8592656.0,34202658816.0,,,,,,,,,3.77,
37.301,8746087.0,34862903296.0,,,,,,,,,3.85,
40.686,8900591.0,35825102848.0,,,,,,,,,4.05,
54.696,9057386.0,36884889600.0,,,,,,,,,4.17,
56.726,9216282.0,38524473344.0,,,,,,,,,4.36,
55.573,9377395.0,40332390400.0,,,,,,,,,4.69,
61.17,9542663.0,42381266944.0,,,,,,,,,5.08,
65.725,9711155.0,44428664832.0,,,,,,,,,5.51,
67.461,9880593.0,47276900352.0,,,,,,,,,5.59,
66.488,10051322.0,48987066368.0,,,,,,,,,5.9,
67.463,10223277.0,51147223040.0,,,,,,,,,6.44,
69.828,10396249.0,53942697984.0,,,,,,,,,6.87,
82.855,10569697.0,56708206592.0,,,,,,,,,7.32,
83.945,10743352.0,60559036416.0,,,,,,,,,7.65,
84.832,10916991.0,63863336960.0,,,,,,,,,8.16,
88.928,11090090.0,66965467136.0,,,,,,,,,8.63,
92.096,11263016.0,69712117760.0,,,,,,,,,8.86,
90.779,11435535.0,72636538880.0,,,,,,,,,9.17,
93.881,11606906.0,75704713216.0,,,,,,,,,9.42,
93.078,11777318.0,,,,,,,,,,9.99,
78.069,11936169.0,,,,,,,,,,9.78,
85.307,12079474.0,,,,,,,,,,10.59,
,12224114.0,,,,,,,,,,11.27,
43.597,4275737.0,16213873664.0,,,,,,,,,,
31.492,3942985.0,11076997120.0,,,,,,,,,,
33.129,3762334.0,11242947584.0,,,,,,,,,,
54.931,3750528.0,11770818560.0,,,,,,,,,,
34.169,3907749.0,17934745600.0,,,,,,,,,,
48.741,4047756.0,21766901760.0,,,,,,,,,,
57.563,4115062.0,24470433792.0,,,,,,,,,,
58.392,4153006.0,26775072768.0,,,,,,,,,,
64.674,4179355.0,27629668352.0,,,,,,,,,10.05,
64.34,4194941.0,27937523712.0,,,,,,,,,10.26,
64.667,4198410.0,28997447680.0,,,,,,,,,10.41,
56.421,4183758.0,29749018624.0,,,,,,,,,10.82,
58.27,4142858.0,31229566976.0,,,,,,,,,12.26,
53.846,4094297.0,32159545344.0,,,,,,,,,12.15,
55.036,4058086.0,33580218368.0,,,,,,,,,12.8,
52.572,4007877.0,35158286336.0,,,,,,,,,11.28,
59.439,3943390.0,36676653056.0,,,,,,,,,14.18,
71.468,3877755.0,35937406976.0,,,,,,,,,15.04,
76.505,3811093.0,35774980096.0,,,,,,,,,16.5,
74.126,3743143.0,35666186240.0,,,,,,,,,14.58,
72.109,3674376.0,35288068096.0,,,,,,,,,13.44,
73.227,3617564.0,36129705984.0,,,,,,,,,16.76,
70.906,3571070.0,36520341504.0,,,,,,,,,15.5,
71.015,3524328.0,37642616832.0,,,,,,,,,14.97,
72.588,3480985.0,38586310656.0,,,,,,,,,16.99,
72.034,3440025.0,39806906368.0,,,,,,,,,15.46,
73.247,3400132.0,41286324224.0,,,,,,,,,18.24,
69.548,3360718.0,,,,,,,,,,16.67,
64.592,3318410.0,,,,,,,,,,15.72,
75.276,3270948.0,,,,,,,,,,17.38,
,3233530.0,,,,,,,,,,16.24,
,165725.0,,,,,,,,,,,
,168032.0,,,,,,,,,,,
,170582.0,,,,,,,,,,,
,173381.0,,,,,,,,,,,
,176226.0,,,,,,,,,,,
,179118.0,,,,,,,,,,,
,182058.0,,,,,,,,,,,
,185045.0,,,,,,,,,,,
,188082.0,,,,,,,,,,,
,191132.0,,,,,,,,,,,
,194195.0,,,,,,,,,,,
,197270.0,,,,,,,,,,,
,200357.0,,,,,,,,,,,
,203456.0,,,,,,,,,,,
,206603.0,,,,,,,,,,,
,209799.0,,,,,,,,,,,
,213044.0,,,,,,,,,,,
,216340.0,,,,,,,,,,,
,219694.0,,,,,,,,,,,
,223349.0,,,,,,,,,,,
,227317.0,,,,,,,,,,,
,231606.0,,,,,,,,,,,
,236228.0,,,,,,,,,,,
,241193.0,,,,,,,,,,,
,246262.0,,,,,,,,,,,
,251437.0,,,,,,,,,,,
,256722.0,,,,,,,,,,,
,262117.0,,,,,,,,,,,
,267626.0,,,,,,,,,,,
,273204.0,,,,,,,,,,,
,278852.0,,,,,,,,,,,
,284571.0,,,,,,,,,,,
,290360.0,,,,,,,,,,,
,296221.0,,,,,,,,,,,
,302200.0,,,,,,,,,,,
,308300.0,,,,,,,,,,,
,314523.0,,,,,,,,,,,
,320871.0,,,,,,,,,,,
,327348.0,,,,,,,,,,,
,333887.0,,,,,,,,,,,
,340490.0,,,,,,,,,,,
,347156.0,,,,,,,,,,,
,353884.0,,,,,,,,,,,
,360675.0,,,,,,,,,,,
,367597.0,,,,,,,,,,,
,374651.0,,,,,,,,,,,
,381841.0,,,,,,,,,,,
,389168.0,,,,,,,,,,,
,396637.0,,,,,,,,,,,
,404733.0,,,,,,,,,,,
,413489.0,210471952.0,,,,,,,,,,
,422896.0,216851040.0,,,,,,,,,,
,432601.0,222923232.0,,,,,,,,,,
,442494.0,230017408.0,,,,,,,,,,
,452270.0,236867440.0,,,,,,,,,,
,461892.0,243921904.0,,,,,,,,,,
,471467.0,251189808.0,,,,,,,,,,
,481230.0,258203616.0,,,,,,,,,,
,491312.0,264952048.0,,,,,,,,,,
,501837.0,273395712.0,,,,,,,,,,
,512874.0,280135968.0,,,,,,,,,,
,524413.0,290136384.0,,,,,,,,,,
,536436.0,298428640.0,,,,,,,,,,
,549046.0,308051072.0,,,,,,,,,,
,562288.0,320099456.0,,,,,,,,,,
,570984.0,329317184.0,,,,,,,,,,
,574860.0,361974784.0,,,,,,,,,,
,578731.0,397995968.0,,,,,,,,,,
,582661.0,438875936.0,,,,,,,,,,
,586748.0,482089792.0,,,,,,,,,,
,592254.0,529687104.0,,,,,,,,,,
,604146.0,667407104.0,,,,,,,,,,
,626618.0,842936704.0,,,,,,,,,,
,657255.0,1021847744.0,,,,,,,,,,
,691577.0,1112449408.0,,,,,,,,,,
,727933.0,1206259840.0,,,,,,,,,,
,766429.0,1335032704.0,,,,,,,,,,
,806972.0,1476200576.0,,,,,,,,,,
,849404.0,1648605184.0,,,,,,,,,,
,893509.0,1883922816.0,,,,,,,,,,
4.322,938582.0,2114317696.0,,,,,,,,,,
4.532,982753.0,2362259200.0,,,,,,,,,,
4.228,1023019.0,2562518528.0,,,,,,,,,,
4.238,1060729.0,2867984384.0,,,,,,,,,,
4.233,1099177.0,3259569152.0,,,,,,,,,,
5.529,1138713.0,3564063232.0,,,,,,,,,,
5.879,1179266.0,3829274624.0,,,,,,,,,,
6.197,1220365.0,4148395264.0,,,,,,,,,,
7.172,1261276.0,4660648960.0,,,,,,,,,,
8.103,1301681.0,6213535232.0,,,,,,,,,,
8.951,1341480.0,6660711424.0,,,,,,,,,,
9.369,1380593.0,7315023872.0,,,,,,,,,,
11.365,1420696.0,7702511104.0,,,,,,,,,,
11.028,1462267.0,8026912768.0,,,,,,,,,,
10.978,1503551.0,8505258496.0,,,,,,,,,,
11.11,1543641.0,9306935296.0,,,,,,,,,,
10.526,1582175.0,10069415936.0,,,,,,,,,,
10.849,1619358.0,11122744320.0,,,,,,,,,,
11.631,1655707.0,11452638208.0,,,,,,,,,,
11.004,1691561.0,12841606144.0,,,,,,,,,,
14.349,1726992.0,13390984192.0,,,,,,,,,0.89,
15.084,1761940.0,13725142016.0,,,,,,,,,0.95,
15.829,1795137.0,14885487616.0,,,,,,,,,0.84,
16.18,1826866.0,15922276352.0,,,,,,,,,0.68,
15.935,1859087.0,16721032192.0,,,,,,,,,0.74,
16.937,1892819.0,17874606080.0,,,,,,,,,0.81,
18.093,1928714.0,19803983872.0,,,,,,,,,0.75,
18.578,1966980.0,21924130816.0,,,,,,,,,0.58,
19.326,2007322.0,23814438912.0,,,,,,,,,0.55,
18.072,2048997.0,22485499904.0,,,,,,,,,0.41,
18.618,2091666.0,24958828544.0,,,,,,,,,0.5,
19.529,2134043.0,27061133312.0,,,,,,,,,0.45,
19.301,2175429.0,28266780672.0,,,,,,,,,0.33,
19.16,2217285.0,31054362624.0,,,,,,,,,0.86,
19.244,2260383.0,32048893952.0,,,,,,,,,2.17,
23.448,2305177.0,31968200704.0,,,,,,,,,2.79,
25.793,2352419.0,33339518976.0,,,,,,,,,2.52,
23.73,2401848.0,34307698688.0,,,,,,,,,2.84,
23.527,2451411.0,35844341760.0,,,,,,,,,2.97,
23.667,2499705.0,,,,,,,,,,3.06,
22.518,2546404.0,,,,,,,,,,2.06,
24.293,2588424.0,,,,,,,,,,2.19,
,18058538.0,15718016000.0,,,,,,,,,,
,18463951.0,17288480768.0,,,,,,,,,,
,18869255.0,17298221056.0,,,,,,,,,,
,19274237.0,17645600768.0,,,,,,,,,,
,19687910.0,17980866560.0,,,,,,,,,,
,20110461.0,18502774784.0,,,,,,,,,,
,20542081.0,20284010496.0,,,,,,,,,,
,20982964.0,20275920896.0,,,,,,,,,,
,21433310.0,20131334144.0,,,,,,,,,,
,21892657.0,21732245504.0,,,,,,,,,,
,22361184.0,21993840640.0,,,,,,,,,,
,22839075.0,24411211776.0,,,,,,,,,,
,23326514.0,24141056000.0,,,,,,,,,,
,23823693.0,24748359680.0,,,,,,,,,,
,24331468.0,24257644544.0,,,,,,,,,,
,24850065.0,25364871168.0,,,,,,,,,,
,25379715.0,26104092672.0,,,,,,,,,,
,25920654.0,27944951808.0,,,,,,,,,,
,26470416.0,27354357760.0,,,,,,,,,,
,27027899.0,30967590912.0,,,,,,,,,,
,27593186.0,34035767296.0,,,,,,,,,,
,28166360.0,34737496064.0,,,,,,,,,,
,28747505.0,37133139968.0,,,,,,,,,,
,29336703.0,39232720896.0,,,,,,,,,,
,29937978.0,39234359296.0,,,,,,,,,,
,30551576.0,39370936320.0,,,,,,,,,,
,31177749.0,40207945728.0,,,,,,,,,,
,31816757.0,43147841536.0,,,,,,,,,,
,32468862.0,48093126656.0,,,,,,,,,,
,33134257.0,48189710336.0,,,,,,,,,,
,33813213.0,45316800512.0,,,,,,,,,,
,34506006.0,44327264256.0,,,,,,,,,,
,35212919.0,45863583744.0,,,,,,,,,,
,35934239.0,49478451200.0,,,,,,,,,,
,36670335.0,53550284800.0,,,,,,,,,,
,37421510.0,55056297984.0,,,,,,,,,,
,38188072.0,60316401664.0,,,,,,,,,,
,38970337.0,62286069760.0,,,,,,,,,,
,39768626.0,64865640448.0,,,,,,,,,,
,40633684.0,65550204928.0,,,,,,,,,,
,41568218.0,66193539072.0,,,,,,,,,,
,42575027.0,70802128896.0,,,,,,,,,,
,43657003.0,68221296640.0,,,,,,,,,,
,44817135.0,77735960576.0,,,,,,,,,,
,46008096.0,80576684032.0,,,,,,,,,,
,47230706.0,82817277952.0,,,,,,,,,,
,48485805.0,91503345664.0,,,,,,,,,,
,49774257.0,94744731648.0,,,,,,,,,,
,51096948.0,103940636672.0,,,,,,,,,,
,52489682.0,111894872064.0,,,,,,,,,,
,53955360.0,119498719232.0,,,,,,,,,,
,55591060.0,125334814720.0,,,,,,,,,,
,57283340.0,134544285696.0,,,,,,,,,,
,59025680.0,140888047616.0,,,,,,,,,,
,60827596.0,151832707072.0,,,,,,,,,,
,62701036.0,165244239872.0,,,,,,,,,,
,64644888.0,170024681472.0,,,,,,,,,,
,66660892.0,183084417024.0,,,,,,,,,,
,68735928.0,202937303040.0,,,,,,,,,,
,70880824.0,222726635520.0,,,,,,,,,,
,73092520.0,243618971648.0,,,,,,,,,,
,75330008.0,264690958336.0,,,,,,,,,,
,77599224.0,282182189056.0,,,,,,,,,,
,79915560.0,283741028352.0,,,,,,,,,,
,82262800.0,293385666560.0,,,,,,,,,,
273.87,84623752.0,300547047424.0,20.178,177.731,0.513,198.422,,,75.448,75.448,,27.549
298.78,86979288.0,320583729152.0,21.864,193.798,0.6,216.262,,,82.518,82.518,,27.618
309.579,89323288.0,334149091328.0,22.597,199.992,0.679,223.268,,,86.312,86.312,,27.88
353.486,91659248.0,366804795392.0,22.237,240.196,0.717,263.15,,,90.336,90.336,,25.556
385.812,94000384.0,401601724416.0,24.818,263.568,0.756,289.142,,,96.67,96.67,,25.056
453.364,96369888.0,443496726528.0,28.345,301.269,0.811,330.425,,,117.691,122.939,,25.96
505.227,98766288.0,493683376128.0,28.532,342.167,1.277,371.976,,,127.739,133.251,,25.283
576.983,101194392.0,552789540864.0,30.036,388.738,1.754,420.528,,,149.863,156.455,,25.974
679.622,103666904.0,629980135424.0,29.519,470.937,2.007,502.463,,,171.18,177.159,,25.188
757.394,106167376.0,681263693824.0,31.312,522.154,3.862,557.328,,,194.212,200.065,,25.642
799.321,108700512.0,716641599488.0,37.225,538.165,4.197,579.587,,,213.752,219.734,,26.742
875.158,111286504.0,790037659648.0,39.726,579.715,4.836,624.277,,,245.173,250.881,,28.015
933.365,113939888.0,828975480832.0,50.386,590.533,6.032,646.951,,,276.419,286.414,,29.615
1032.268,116664384.0,870261981184.0,57.935,646.767,7.938,712.64,,,303.819,319.629,,29.432
1126.455,119447304.0,929101316096.0,62.929,688.536,8.698,760.163,,,344.726,366.291,,30.603
1153.122,122288384.0,1014791995392.0,68.645,667.908,10.168,746.721,,,381.177,406.401,,33.056
1130.038,125168064.0,971272355840.0,67.158,643.287,9.124,719.569,,,386.671,410.469,,34.217
1188.162,128065104.0,978935414784.0,70.992,655.048,13.037,739.077,,,417.326,449.086,,35.124
1201.787,130977376.0,950507864064.0,79.837,611.245,17.629,708.712,,,447.91,493.075,,37.27
1279.698,133888776.0,1001891168256.0,98.591,610.069,20.519,729.179,,,492.614,545.857,,38.495
1371.653,136783184.0,1080097308672.0,116.548,628.436,25.74,770.724,,0.0,527.453,591.336,193.682,38.454
1446.851,139643360.0,1160963031040.0,117.993,679.394,29.987,827.373,,0.0,539.411,619.069,202.129,37.282
1486.949,142466272.0,1201712791552.0,123.555,696.634,33.475,853.664,,0.0,548.817,630.525,203.331,36.909
1532.864,145253984.0,1200534847488.0,126.268,697.739,33.698,857.704,,0.0,588.716,673.435,214.953,38.406
1576.284,148003424.0,1238775496704.0,125.291,715.059,34.549,874.9,,0.0,605.266,696.192,221.739,38.398
1565.992,150706448.0,1185475198976.0,111.621,719.214,31.455,862.29,0.0,0.0,611.233,697.354,222.82,39.032
1616.594,153336448.0,1212665823232.0,127.964,720.024,32.701,880.688,0.0,0.0,643.979,731.814,234.376,39.836
1639.306,155900784.0,1220990205952.0,124.18,723.331,37.044,884.555,0.0,0.0,660.423,749.759,241.762,40.287
1715.203,158440864.0,1296907370496.0,127.936,753.877,43.395,925.208,0.0,0.0,695.085,788.741,252.003,40.525
1798.857,160980480.0,1389944766464.0,131.332,801.578,47.392,980.302,0.0,0.0,717.676,818.399,260.041,39.896
1912.793,163515328.0,1466460143616.0,137.73,859.955,52.305,1049.99,0.0,0.0,750.795,855.655,275.601,39.251
2025.349,166037120.0,1517464190976.0,142.119,921.485,57.627,1121.231,0.0,0.006,785.778,897.23,291.246,38.797
2153.253,168546704.0,1588456587264.0,142.971,1003.697,62.625,1209.293,0.0,0.012,824.919,934.968,307.981,38.31
2229.139,171039808.0,1613655572480.0,140.04,1042.421,65.632,1248.093,0.0,0.015,861.871,971.782,321.749,38.664
2254.618,173486272.0,1641348464640.0,141.808,1044.327,77.88,1264.015,0.0,0.006,866.398,979.318,334.726,38.428
2356.764,175873712.0,1734491242496.0,151.181,1091.095,97.045,1339.321,0.0,0.003,900.117,1000.287,342.58,38.193
2297.833,178211888.0,1780379287552.0,148.788,1099.673,122.862,1371.323,0.0,0.103,786.963,886.256,323.17,34.248
2350.13,180476688.0,1857599307776.0,144.01,1077.904,145.163,1367.077,0.0,0.178,835.056,944.3,340.29,35.532
2394.621,182629280.0,1902060896256.0,149.419,1048.221,162.473,1360.113,0.0,0.177,886.324,997.334,358.9,37.013
2511.056,184722048.0,2036566851584.0,156.657,1083.564,193.225,1433.446,0.0,0.176,924.425,1045.503,381.17,36.814
2576.396,186797344.0,2127880912896.0,151.085,1101.676,201.271,1454.032,0.0,0.266,966.278,1095.285,395.72,37.505
2647.395,188820688.0,2239747850240.0,148.974,1126.731,211.698,1487.402,0.0,0.674,992.493,1122.438,411.93,37.489
2817.879,190779456.0,2405103566848.0,157.872,1183.292,218.016,1559.18,0.0,1.874,1057.573,1225.19,437.17,37.531
2939.233,192672320.0,2559006998528.0,160.132,1231.772,256.609,1648.513,0.0,3.324,1038.475,1253.053,454.69,35.331
2918.588,194517552.0,2587477671936.0,129.207,1218.802,206.686,1554.695,0.0,3.457,1091.917,1329.17,458.67,37.413
3185.037,196353504.0,2816706084864.0,168.198,1305.481,275.768,1749.447,0.0,6.041,1119.363,1396.908,510.78,35.144
3295.79,198185296.0,2965069889536.0,179.673,1351.837,274.834,1806.344,0.0,7.462,1181.623,1447.993,527.39,35.852
3392.321,199977712.0,3022025654272.0,177.8,1431.951,325.765,1935.516,0.004,13.847,1138.841,1414.605,547.16,33.571
3473.939,201721776.0,3112905998336.0,191.647,1471.003,383.828,2046.477,0.013,17.922,1065.617,1387.057,563.49,30.675
3564.418,203459648.0,3128572510208.0,203.77,1529.594,406.555,2139.918,0.044,33.079,1011.683,1384.521,581.86,28.383
3516.957,205188208.0,3270706200576.0,204.981,1436.562,429.365,2070.909,0.159,58.237,968.777,1407.973,571.57,27.546
3432.166,206859584.0,2889037381632.0,185.15,1360.291,370.879,1916.32,0.228,89.651,1019.713,1475.092,571.4,29.71
3462.993,208504960.0,2926999240704.0,195.275,1374.216,376.32,1945.812,2.214,112.768,987.09,1476.988,581.16,28.504
3475.968,210166592.0,2965401501696.0,190.978,1307.221,358.908,1857.108,9.158,128.252,1029.111,1579.067,594.14,29.606
3532.95,211782880.0,,179.512,1301.595,357.333,1838.441,17.541,147.577,1048.793,1653.713,618.66,29.686
3394.368,213196304.0,,163.133,1228.752,314.237,1706.122,28.228,149.832,1041.012,1652.831,614.37,30.669
3570.67,214326224.0,,197.908,1327.642,404.465,1930.015,43.835,189.149,949.379,1603.732,662.58,26.588
3724.87,215313504.0,,162.662,1390.7,319.762,1873.124,78.544,212.824,1113.543,1815.322,680.88,29.895
0.124,11129.0,,,,,,,,,,,
0.186,11493.0,,,,,,,,,,,
0.186,11910.0,,,,,,,,,,,
0.186,12335.0,,,,,,,,,,,
0.124,12778.0,,,,,,,,,,,
0.124,13224.0,,,,,,,,,,,
0.075,13681.0,,,,,,,,,,,
0.194,14140.0,,,,,,,,,,,
0.194,14620.0,,,,,,,,,,,
0.194,15118.0,,,,,,,,,,,
0.194,15646.0,,,,,,,,,,,
0.194,16111.0,,,,,,,,,,,
0.194,16497.0,,,,,,,,,,,
0.194,16875.0,,,,,,,,,,,
0.194,17275.0,,,,,,,,,,,
0.194,17693.0,,,,,,,,,,,
0.25,18144.0,,,,,,,,,,,
0.25,18610.0,,,,,,,,,,,
0.25,19101.0,,,,,,,,,,,
0.25,19610.0,,,,,,,,,,,
0.437,20126.0,,,,,,,,,,0.04,
0.448,20685.0,,,,,,,,,,0.04,
0.474,21308.0,,,,,,,,,,0.04,
0.506,22004.0,,,,,,,,,,0.04,
0.532,22740.0,,,,,,,,,,0.04,
0.547,23522.0,,,,,,,,,,0.09,
0.596,24344.0,,,,,,,,,,0.1,
0.618,25215.0,,,,,,,,,,0.1,
0.664,26139.0,,,,,,,,,,0.12,
0.696,27067.0,,,,,,,,,,0.15,
0.717,27578.0,,,,,,,,,,0.18,
0.735,27984.0,,,,,,,,,,0.18,
0.732,28440.0,,,,,,,,,,0.19,
0.732,28683.0,,,,,,,,,,0.19,
0.744,29000.0,,,,,,,,,,0.19,
0.747,29394.0,,,,,,,,,,0.2,
0.757,29763.0,,,,,,,,,,0.2,
0.711,30084.0,,,,,,,,,,0.14,
0.883,30359.0,,,,,,,,,,0.14,
0.705,30631.0,,,,,,,,,,0.14,
0.595,30934.0,,,,,,,,,,0.13,
0.633,31145.0,,,,,,,,,,0.14,
,16978.0,,,,,,,,,,,
,17540.0,,,,,,,,,,,
,18120.0,,,,,,,,,,,
,18719.0,,,,,,,,,,,
,19338.0,,,,,,,,,,,
,19977.0,,,,,,,,,,,
,20638.0,,,,,,,,,,,
,21286.0,,,,,,,,,,,
,21921.0,,,,,,,,,,,
,22541.0,,,,,,,,,,,
,23145.0,,,,,,,,,,,
,23354.0,,,,,,,,,,,
,23566.0,,,,,,,,,,,
,23976.0,,,,,,,,,,,
,24393.0,,,,,,,,,,,
,24818.0,,,,,,,,,,,
,25250.0,,,,,,,,,,,
,25690.0,,,,,,,,,,,
,26123.0,,,,,,,,,,,
,26549.0,,,,,,,,,,,
,26970.0,,,,,,,,,,,
,27385.0,,,,,,,,,,,
,27792.0,,,,,,,,,,,
,28193.0,,,,,,,,,,,
,28599.0,,,,,,,,,,,
,29011.0,,,,,,,,,,,
,29429.0,,,,,,,,,,,
,29854.0,,,,,,,,,,,
,30284.0,,,,,,,,,,,
,30828.0,,,,,,,,,,,
,31492.0,,,,,,,,,,,
,32280.0,,,,,,,,,,,
,33198.0,,,,,,,,,,,
,34251.0,,,,,,,,,,,
,35338.0,,,,,,,,,,,
,36459.0,,,,,,,,,,,
,37616.0,,,,,,,,,,,
,38810.0,,,,,,,,,,,
,40041.0,,,,,,,,,,,
,41121.0,,,,,,,,,,,
,42042.0,,,,,,,,,,,
,42798.0,,,,,,,,,,,
,43382.0,,,,,,,,,,,
,43786.0,,,,,,,,,,,
,44193.0,,,,,,,,,,,
,44605.0,,,,,,,,,,,
,45021.0,,,,,,,,,,,
,45440.0,,,,,,,,,,,
,45863.0,,,,,,,,,,,
,46794.0,,,,,,,,,,,
,48290.0,,,,,,,,,,,
,51113.0,,,,,,,,,,,
,54038.0,,,,,,,,,,,
,57195.0,,,,,,,,,,,
,60608.0,,,,,,,,,,,
,64283.0,,,,,,,,,,,
,68225.0,,,,,,,,,,,
,72398.0,,,,,,,,,,,
,76708.0,,,,,,,,,,,
,81067.0,,,,,,,,,,,
,85361.0,,,,,,,,,,,
,89580.0,,,,,,,,,,,
,93853.0,,,,,,,,,,,
,98292.0,,,,,,,,,,,
,102921.0,,,,,,,,,,,
,107701.0,,,,,,,,,,,
,112608.0,,,,,,,,,,,
,117645.0,,,,,,,,,,,
,122783.0,,,,,,,,,,,
,128021.0,,,,,,,,,,,
,133349.0,,,,,,,,,,,
,138679.0,,,,,,,,,,,
,143903.0,,,,,,,,,,,
,149076.0,,,,,,,,,,,
,154327.0,,,,,,,,,,,
,159667.0,,,,,,,,,,,
,165079.0,,,,,,,,,,,
,170572.0,,,,,,,,,,,
,176184.0,,,,,,,,,,,
,181964.0,,,,,,,,,,,
24.127,187931.0,,,,,,,,,,,
24.946,194106.0,,,,,,,,,,,
27.215,200642.0,,,,,,,,,,,
21.388,207541.0,,,,,,,,,,,
18.898,214701.0,,,,,,,,,,,
22.553,222134.0,,,,,,,,,,,
14.944,229827.0,,,,,,,,,,,
23.866,237727.0,,,,,,,,,,,
20.674,245746.0,,,,,,,,,,,
24.289,253824.0,,,,,,,,,,,
20.552,261936.0,,,,,,,,,,,
16.425,269869.0,,,,,,,,,,,
16.061,277427.0,,,,,,,,,,,
15.265,284723.0,,,,,,,,,,,
14.671,291950.0,,,,,,,,,,,
18.146,299108.0,,,,,,,,,,,
16.899,306210.0,,,,,,,,,,,
18.073,313224.0,,,,,,,,,,,
16.346,320156.0,,,,,,,,,,,
19.286,327058.0,,,,,,,,,,,
19.664,333937.0,,,,,,,,,,2.39,
22.357,340759.0,,,,,,,,,,2.42,
26.107,347470.0,,,,,,,,,,2.54,
27.009,354049.0,,,,,,,,,,3.0,
29.992,360472.0,,,,,,,,,,3.07,
33.787,366728.0,,,,,,,,,,3.07,
52.07,372814.0,,,,,,,,,,3.1,
54.662,378761.0,,,,,,,,,,3.19,
56.141,384579.0,,,,,,,,,,3.22,
37.245,390322.0,,,,,,,,,,3.39,
42.423,396064.0,,,,,,,,,,3.57,
43.577,401515.0,,,,,,,,,,3.5,
42.361,406637.0,,,,,,,,,,3.7,
39.397,411704.0,,,,,,,,,,4.14,
44.308,416670.0,,,,,,,,,,4.24,
48.96,421449.0,,,,,,,,,,3.94,
51.142,426001.0,,,,,,,,,,4.01,
51.35,430290.0,,,,,,,,,,3.91,
53.408,434283.0,,,,,,,,,,4.04,
52.705,438058.0,,,,,,,,,,4.64,
55.351,441736.0,,,,,,,,,,4.4,
45.994,445382.0,,,,,,,,,,4.69,
,449002.0,,,,,,,,,,,
,3956269.0,,,,,,,,,,,
,4008414.0,,,,,,,,,,,
,4059074.0,,,,,,,,,,,
,4108198.0,,,,,,,,,,,
,4157917.0,,,,,,,,,,,
,4208238.0,,,,,,,,,,,
,4259167.0,,,,,,,,,,,
,4310713.0,,,,,,,,,,,
,4362882.0,,,,,,,,,,,
,4415050.0,,,,,,,,,,,
,4467209.0,8190239744.0,,,,,,,,,,
,4519353.0,,,,,,,,,,,
,4571473.0,,,,,,,,,,,
,4623562.0,,,,,,,,,,,
,4676245.0,,,,,,,,,,,
,4729527.0,,,,,,,,,,,
,4783417.0,,,,,,,,,,,
,4837920.0,,,,,,,,,,,
,4893987.0,,,,,,,,,,,
,4956524.0,,,,,,,,,,,
,5025707.0,8084767744.0,,,,,,,,,,
,5101718.0,8205912064.0,,,,,,,,,,
,5184739.0,,,,,,,,,,,
,5274959.0,,,,,,,,,,,
,5366749.0,8953260032.0,,,,,,,,,,
,5460137.0,10894910464.0,,,,,,,,,,
,5555149.0,11284490240.0,,,,,,,,,,
,5651814.0,10923431936.0,,,,,,,,,,
,5750162.0,11358382080.0,,,,,,,,,,
,5841566.0,11638200320.0,,,,,,,,,,
,5925817.0,12240836608.0,,,,,,,,,,
,6002703.0,12505088000.0,,,,,,,,,,
,6072006.0,12019397632.0,,,,,,,,,,
,6133503.0,13016558592.0,,,,,,,,,,
,6195623.0,11910723584.0,,,,,,,,,,
,6258372.0,12778680320.0,,,,,,,,,,
,6321757.0,14290021376.0,,,,,,,,,,
,6385784.0,15698740224.0,,,,,,,,,,
,6450459.0,15681395712.0,,,,,,,,,,
,6513568.0,17672607744.0,,,,,,,,,,
,6575077.0,17884878848.0,,,,,,,,,,
,6634949.0,16021990400.0,,,,,,,,,,
,6693150.0,15566528512.0,,,,,,,,,,
,6749643.0,16018488320.0,,,,,,,,,,
,6806614.0,14368995328.0,,,,,,,,,,
,6864065.0,11870820352.0,,,,,,,,,,
,6922000.0,,,,,,,,,,,
,6980425.0,,,,,,,,,,,
,7039343.0,15685999616.0,,,,,,,,,,
,7098413.0,17268000768.0,,,,,,,,,,
,7157630.0,19083315200.0,,,,,,,,,,
,7228735.0,23008493568.0,,,,,,,,,,
,7293469.0,21948372992.0,,,,,,,,,,
,7362716.0,24411090944.0,,,,,,,,,,
,7439592.0,23962413056.0,,,,,,,,,,
,7517927.0,25677944832.0,,,,,,,,,,
,7596099.0,25697114112.0,,,,,,,,,,
,7672064.0,28416757760.0,,,,,,,,,,
,7749341.0,30894757888.0,,,,,,,,,,
,7820755.0,33358891008.0,,,,,,,,,,
,7891763.0,36520349696.0,,,,,,,,,,
,7969343.0,38897446912.0,,,,,,,,,,
,8040771.0,42083991552.0,,,,,,,,,,
,8108150.0,44009734144.0,,,,,,,,,,
,8177724.0,47473352704.0,,,,,,,,,,
119.926,8245080.0,50331992064.0,69.733,43.715,0.563,114.012,,,5.914,5.914,,4.931
128.565,8308898.0,54296723456.0,71.908,49.874,0.839,122.622,,,5.944,5.944,,4.623
149.341,8369839.0,57224216576.0,78.084,62.722,2.555,143.362,,,5.979,5.979,,4.004
166.938,8438287.0,58277543936.0,84.829,74.338,3.911,163.079,,,3.859,3.859,,2.312
186.068,8512917.0,61114011648.0,85.283,91.279,4.068,180.63,,,5.438,5.438,,2.923
209.358,8582960.0,64588677120.0,93.284,106.039,3.672,202.995,,,6.363,6.363,,3.039
217.997,8646261.0,66703388672.0,92.075,116.629,2.876,211.58,,,6.417,6.417,,2.943
224.318,8700151.0,69853151232.0,94.901,121.285,1.938,218.123,,,6.195,6.195,,2.762
233.074,8753492.0,72614658048.0,95.633,127.888,1.952,225.474,,,7.599,7.599,,3.261
240.031,8810681.0,74897571840.0,94.005,132.987,4.254,231.247,,,6.151,6.151,,2.562
265.313,8860971.0,81059299328.0,98.553,140.961,11.299,250.812,,,7.253,7.253,,2.734
281.004,8902475.0,83479281664.0,91.865,146.486,19.761,258.113,,,8.735,8.735,,3.108
296.127,8935448.0,82674409472.0,91.493,152.287,25.215,268.995,,,10.435,10.435,,3.524
306.622,8958270.0,84458676224.0,97.552,156.798,26.9,281.251,,,8.602,8.602,,2.805
318.254,8974434.0,87710556160.0,100.588,161.56,28.779,290.927,,,9.791,9.791,,3.076
335.992,8980602.0,85198544896.0,105.507,165.021,36.991,307.519,,,10.979,10.979,,3.268
331.034,8978415.0,87452688384.0,107.136,147.086,40.239,294.461,,,10.698,10.698,,3.232
339.126,8970487.0,90290364416.0,112.555,142.532,44.528,299.615,,,9.019,9.019,,2.659
341.428,8956441.0,88586043392.0,112.125,137.646,46.79,296.56,,,9.915,9.915,,2.904
339.449,8939492.0,91505852416.0,112.299,132.179,49.195,293.673,,,9.64,9.64,,2.84
336.879,8917080.0,88756019200.0,117.207,122.139,53.658,293.004,,,6.615,6.615,41.632,1.964
343.634,8892099.0,91110694912.0,120.475,128.747,53.285,302.508,,,6.878,6.878,41.82,2.002
346.295,8865756.0,91271725056.0,120.37,123.712,59.423,303.505,,,7.502,7.502,43.473,2.166
354.368,8835822.0,90700488704.0,112.136,131.346,57.724,301.207,,,7.676,7.676,45.021,2.166
351.288,8804436.0,89073467392.0,114.451,128.125,59.423,302.0,,,7.957,7.957,44.331,2.265
325.142,8767778.0,79352520704.0,96.058,118.901,63.017,277.976,0.0,0.0,5.553,5.553,41.9,1.708
263.109,8721659.0,73266159616.0,85.862,79.4,53.22,218.482,0.0,0.0,7.218,7.218,40.69,2.743
247.564,8668545.0,68357816320.0,90.289,71.275,47.121,208.685,0.0,0.0,6.1,6.1,35.44,2.464
264.06,8611541.0,68791803904.0,97.21,77.613,43.846,218.669,0.0,0.0,5.742,5.742,37.84,2.175
254.049,8548469.0,70739017728.0,88.991,73.341,43.863,206.194,0.0,0.0,4.341,4.341,37.98,1.709
273.073,8477584.0,73463005184.0,89.002,75.311,52.939,217.253,0.0,0.0,6.842,6.842,41.65,2.506
271.998,8401382.0,67407642624.0,88.623,69.351,54.084,212.059,0.0,0.0,8.631,8.631,42.68,3.173
257.208,8318965.0,67221577728.0,101.055,54.493,43.147,198.695,0.0,0.0,8.144,8.144,42.59,3.166
247.346,8234934.0,70098747392.0,96.249,57.887,36.101,190.237,0.0,0.0,9.158,9.158,41.45,3.702
217.319,8162298.0,66353733632.0,79.253,53.774,31.278,164.306,0.0,0.0,8.141,8.141,37.98,3.746
217.501,8097694.0,70102818816.0,73.194,50.755,34.068,158.017,0.0,0.0,7.904,7.904,40.6,3.634
224.82,8034863.0,72164990976.0,83.428,52.528,28.639,164.595,0.0,0.0,5.103,5.103,43.45,2.27
218.066,7974804.0,75728076800.0,76.83,52.799,25.393,155.022,0.0,0.0,6.404,6.404,42.09,2.937
225.451,7917745.0,79961358336.0,86.018,55.726,26.833,168.577,0.0,0.0,8.784,8.784,42.29,3.896
217.999,7865314.0,85445484544.0,82.196,53.975,26.199,162.37,0.0,0.003,9.129,9.132,41.4,4.188
236.2,7815221.0,91870126080.0,80.51,59.34,32.664,172.514,0.0,0.014,12.419,12.433,43.93,5.258
240.772,7766040.0,98526781440.0,81.75,60.025,33.657,175.432,0.0,0.057,12.059,12.116,45.48,5.008
232.765,7719035.0,106110869504.0,91.97,58.885,33.919,184.773,0.0,0.133,8.127,8.259,42.9,3.491
230.313,7674912.0,112832528384.0,87.665,57.867,33.921,179.453,0.0,0.343,7.936,8.35,44.56,3.446
202.215,7634737.0,109081829376.0,73.793,52.825,24.264,150.882,0.008,0.662,9.691,10.448,42.33,4.792
211.541,7592271.0,110804590592.0,80.047,47.892,26.723,154.662,0.042,1.89,14.036,16.265,45.98,6.635
224.733,7543128.0,113286381568.0,94.144,45.733,30.594,170.472,0.279,2.375,8.047,11.075,49.95,3.581
213.658,7488347.0,113317797888.0,80.428,47.573,28.512,156.513,2.232,3.348,8.845,15.612,46.48,4.14
198.108,7431169.0,114286280704.0,69.126,44.215,27.544,140.885,3.794,3.743,11.0,20.162,43.04,5.553
211.55,7372142.0,115783073792.0,73.852,47.712,27.361,148.925,3.404,3.605,12.466,21.377,46.92,5.893
224.68,7309255.0,119894269952.0,76.237,53.301,30.003,159.541,3.721,3.909,15.228,25.387,48.7,6.777
213.117,7245982.0,123884560384.0,66.225,54.21,31.25,151.685,3.716,3.815,10.386,20.905,44.56,4.874
218.174,7182430.0,128228638720.0,71.0,56.917,32.137,160.054,3.734,4.003,7.526,18.421,44.93,3.45
218.818,7117424.0,132183449600.0,63.447,56.656,30.229,150.332,3.553,3.487,13.616,27.547,46.54,6.223
211.548,7052536.0,,59.153,59.418,28.309,146.88,3.736,3.472,7.722,22.792,43.8,3.65
195.374,6979181.0,,48.342,53.384,29.206,130.933,3.857,3.879,7.407,22.542,40.22,3.791
221.84,6885864.0,,60.908,56.081,33.02,150.009,3.838,3.751,12.61,30.434,47.3,5.684
231.777,6781955.0,,72.747,61.56,27.035,161.341,5.224,3.906,9.823,29.283,50.58,4.238
1.769,6932969.0,7360690176.0,,,,,,,,,,
1.764,7123735.0,7678602752.0,,,,,,,,,,
1.764,7321819.0,7851839488.0,,,,,,,,,,
1.764,7531194.0,7760300544.0,,,,,,,,,,
1.769,7751478.0,7886109184.0,,,,,,,,,,
1.705,7979187.0,8913468416.0,,,,,,,,,,
2.018,8207833.0,10319538176.0,,,,,,,,,,
2.108,8434994.0,10142656512.0,,,,,,,,,,
2.21,8663721.0,10990388224.0,,,,,,,,,,
1.981,8895235.0,10858848256.0,,,,,,,,,,
2.039,9131362.0,10752295936.0,,,,,,,,,,
2.359,9365072.0,11509846016.0,,,,,,,,,,
2.386,9598555.0,11312543744.0,,,,,,,,,,
2.647,9840080.0,11471090688.0,,,,,,,,,,
2.952,10091260.0,11400564736.0,,,,,,,,,,
3.018,10353268.0,11823049728.0,,,,,,,,,,
3.211,10621215.0,12896056320.0,,,,,,,,,,
5.068,10897363.0,13326248960.0,,,,,,,,,,
4.553,11201067.0,13917968384.0,,,,,,,,,,
4.688,11533557.0,14604707840.0,,,,,,,,,,
4.259,11882896.0,14546977792.0,,,,,,,,,0.32,
4.733,12249767.0,15179807744.0,,,,,,,,,0.32,
4.959,12632278.0,15543233536.0,,,,,,,,,0.36,
5.487,13030600.0,16390236160.0,,,,,,,,,0.45,
4.943,13445981.0,16718429184.0,,,,,,,,,0.47,
5.249,13876134.0,17737646080.0,,,,,,,,,0.49,
5.175,14316247.0,18406715392.0,,,,,,,,,0.52,
7.331,14757072.0,18724202496.0,,,,,,,,,0.58,
8.007,15197917.0,19365615616.0,,,,,,,,,0.58,
7.522,15650018.0,19506448384.0,,,,,,,,,0.66,
8.21,16116851.0,20688340992.0,,,,,,,,,0.64,
9.353,16602652.0,21589788672.0,,,,,,,,,0.69,
11.028,17113736.0,22989312000.0,,,,,,,,,0.87,
13.222,17636414.0,24276594688.0,,,,,,,,,0.99,
12.313,18169844.0,25255886848.0,,,,,,,,,1.12,
15.649,18718022.0,26236008448.0,,,,,,,,,1.43,
15.036,19275504.0,27615414272.0,,,,,,,,,1.55,
17.427,19835860.0,29315420160.0,,,,,,,,,1.64,
19.381,20392730.0,31315025920.0,,,,,,,,,1.65,
19.84,20951638.0,,,,,,,,,,1.72,
18.918,21522632.0,,,,,,,,,,1.64,
19.995,22100690.0,,,,,,,,,,1.75,
,1627830.0,,,,,,,,,,,
,1614655.0,,,,,,,,,,,
,1600612.0,,,,,,,,,,,
,1585716.0,,,,,,,,,,,
,1570956.0,,,,,,,,,,,
,1556331.0,,,,,,,,,,,
,1541839.0,,,,,,,,,,,
,1527479.0,,,,,,,,,,,
,1513251.0,,,,,,,,,,,
,1500342.0,,,,,,,,,,,
,1488732.0,,,,,,,,,,,
,1478402.0,,,,,,,,,,,
,1469331.0,,,,,,,,,,,
,1461501.0,,,,,,,,,,,
,1453710.0,,,,,,,,,,,
,1445958.0,,,,,,,,,,,
,1438244.0,,,,,,,,,,,
,1430569.0,,,,,,,,,,,
,1424847.0,,,,,,,,,,,
,1424519.0,,,,,,,,,,,
,1429644.0,,,,,,,,,,,
,1440281.0,,,,,,,,,,,
,1456493.0,,,,,,,,,,,
,1478340.0,,,,,,,,,,,
,1500515.0,,,,,,,,,,,
,1523023.0,,,,,,,,,,,
,1545868.0,,,,,,,,,,,
,1569056.0,,,,,,,,,,,
,1592592.0,,,,,,,,,,,
,1616153.0,,,,,,,,,,,
,1639735.0,,,,,,,,,,,
,1663333.0,,,,,,,,,,,
,1686942.0,,,,,,,,,,,
,1710560.0,,,,,,,,,,,
,1734508.0,,,,,,,,,,,
,1758791.0,,,,,,,,,,,
,1783414.0,,,,,,,,,,,
,1808382.0,,,,,,,,,,,
,1833699.0,,,,,,,,,,,
,1860879.0,,,,,,,,,,,
,1889974.0,,,,,,,,,,,
,1921040.0,,,,,,,,,,,
,1954132.0,,,,,,,,,,,
,1989306.0,,,,,,,,,,,
,2025113.0,,,,,,,,,,,
,2061566.0,,,,,,,,,,,
,2098674.0,,,,,,,,,,,
,2136450.0,,,,,,,,,,,
,2174906.0,,,,,,,,,,,
,2214122.0,,,,,,,,,,,
,2254121.0,1405700608.0,,,,,,,,,,
,2303256.0,1485475456.0,,,,,,,,,,
,2351540.0,1530956928.0,,,,,,,,,,
,2399100.0,1595031040.0,,,,,,,,,,
,2446765.0,1683704192.0,,,,,,,,,,
,2495202.0,1736391808.0,,,,,,,,,,
,2544266.0,1800938880.0,,,,,,,,,,
,2593848.0,1869930112.0,,,,,,,,,,
,2643156.0,1921836288.0,,,,,,,,,,
,2693642.0,2034099456.0,,,,,,,,,,
,2746633.0,2063691904.0,,,,,,,,,,
,2815976.0,1779904128.0,,,,,,,,,,
,2887397.0,1945978112.0,,,,,,,,,,
,2948131.0,2024692224.0,,,,,,,,,,
,3033227.0,2146734720.0,,,,,,,,,,
,3118139.0,2228968960.0,,,,,,,,,,
,3193389.0,2329584640.0,,,,,,,,,,
,3274496.0,2544875520.0,,,,,,,,,,
,3352406.0,2516573440.0,,,,,,,,,,
,3424431.0,2480923136.0,,,,,,,,,,
,3497842.0,3145068288.0,,,,,,,,,,
,3582080.0,3244323584.0,,,,,,,,,,
,3579196.0,3056965376.0,,,,,,,,,,
,3571455.0,3260400896.0,,,,,,,,,,
,3660036.0,3249841920.0,,,,,,,,,,
,3749235.0,3246179840.0,,,,,,,,,,
,3830894.0,3584117504.0,,,,,,,,,,
,3927429.0,3911103232.0,,,,,,,,,,
,4039416.0,4095032832.0,,,,,,,,,,
,4137435.0,4165106688.0,,,,,,,,,,
0.467,4312846.0,4081883648.0,,,,,,,,,,
0.528,4490745.0,4516507136.0,,,,,,,,,,
0.464,4602275.0,4482358784.0,,,,,,,,,,
0.588,4726511.0,4616672768.0,,,,,,,,,,
0.757,4842271.0,4605245440.0,,,,,,,,,,
0.784,4948031.0,5124898304.0,,,,,,,,,,
0.822,5041711.0,5315582464.0,,,,,,,,,,
0.948,5157770.0,5518938112.0,,,,,,,,,,
1.361,5271844.0,5769869312.0,,,,,,,,,,
1.511,5373706.0,5847419392.0,,,,,,,,,,
1.591,5483800.0,6041848320.0,,,,,,,,,,
1.794,5594838.0,6316030464.0,,,,,,,,,,
1.657,5743083.0,6377442304.0,,,,,,,,,,
1.858,5555227.0,5844277760.0,,,,,,,,,,
1.946,5586415.0,5760142336.0,,,,,,,,,,
1.879,5932789.0,5429588480.0,,,,,,,,,,
1.957,5930512.0,4794534912.0,,,,,,,,,,
1.958,5923863.0,4657583104.0,,,,,,,,,,
1.981,6035347.0,4813570048.0,,,,,,,,,,
1.951,6180189.0,4732759552.0,,,,,,,,,,
1.652,6307665.0,4647177728.0,,,,,,,,,0.1,
1.407,6465731.0,4722946048.0,,,,,,,,,0.11,
1.331,6648951.0,4917697536.0,,,,,,,,,0.13,
1.079,6860854.0,4852463616.0,,,,,,,,,0.1,
1.244,7120502.0,5086686720.0,,,,,,,,,0.09,
1.079,7388869.0,5144958976.0,,,,,,,,,0.09,
1.25,7658194.0,5422210048.0,,,,,,,,,0.09,
1.956,7944613.0,5601360896.0,,,,,,,,,0.12,
1.287,8278112.0,5894788608.0,,,,,,,,,0.11,
1.299,8709371.0,6197654016.0,,,,,,,,,0.12,
1.822,9126612.0,6558969344.0,,,,,,,,,0.14,
2.143,9455737.0,6787359744.0,,,,,,,,,0.14,
2.018,9795479.0,7086795776.0,,,,,,,,,0.15,
2.201,10149583.0,7430922240.0,,,,,,,,,0.18,
2.058,10494920.0,7764239872.0,,,,,,,,,0.19,
2.078,10727153.0,7340438016.0,,,,,,,,,0.18,
2.273,10903329.0,7129464832.0,,,,,,,,,0.19,
2.754,11155592.0,7354276864.0,,,,,,,,,0.29,
3.342,11493476.0,7314108928.0,,,,,,,,,0.27,
3.673,11874838.0,,,,,,,,,,0.36,
3.532,12220229.0,,,,,,,,,,0.35,
3.689,12551215.0,,,,,,,,,,0.36,
,12889583.0,,,,,,,,,,0.36,
6916.875,,,3459.188,1994.849,1216.758,6670.796,0.0,0.0,240.799,240.799,,3.481
7356.216,,,3585.219,2136.247,1357.374,7078.841,,,271.52,271.52,,3.691
7730.988,,,3640.72,2327.543,1494.425,7462.688,,,261.903,261.903,,3.388
8020.227,,,3608.97,2481.116,1613.604,7703.69,,,307.645,307.645,,3.836
8374.417,,,3660.708,2638.379,1724.434,8023.521,,,340.589,340.589,,4.067
8809.916,,,3630.394,2904.442,1894.847,8429.683,,,367.781,367.781,,4.175
9242.354,,,3703.805,3079.17,2071.218,8854.193,,,372.873,372.873,,4.034
9716.784,,,3807.327,3339.661,2178.483,9325.471,,,363.411,363.411,,3.74
10210.021,,,3848.096,3590.398,2369.149,9807.643,,,361.773,361.773,,3.543
10774.621,,,3866.987,3944.171,2512.157,10323.314,,,390.411,390.411,,3.623
11306.364,,,3977.059,4134.596,2740.969,10852.624,,,372.542,372.542,,3.295
11747.266,,,3972.753,4248.621,3016.267,11237.641,,,401.367,401.367,,3.417
12274.353,,,4044.115,4418.75,3231.969,11694.834,,,434.719,434.719,,3.542
12805.889,,,4019.64,4689.105,3446.476,12155.222,,,501.804,501.804,,3.919
13156.517,,,4048.735,4771.343,3658.601,12478.68,,,508.67,508.67,,3.866
13451.627,,,3925.49,5001.702,3770.774,12697.965,,,543.903,543.903,,4.043
13738.253,,,3900.584,5045.311,3993.042,12938.938,,,552.2,552.2,,4.019
14080.254,,,3960.327,5008.479,4310.458,13279.264,,,516.518,516.518,,3.668
14377.112,,,3970.486,4935.318,4621.894,13527.699,,,533.328,533.328,,3.71
14920.483,,,3933.012,4936.029,5043.178,13912.219,,,600.233,600.233,,4.023
11984.144,,,2854.359,3917.506,4341.588,11113.453,,,573.928,573.928,1213.718,4.789
12255.632,,,2948.259,3967.745,4456.04,11372.044,,,577.208,577.208,1265.841,4.71
12623.481,,,2998.835,3977.71,4698.34,11674.885,,,582.462,582.462,1321.837,4.614
12884.827,,,2977.579,3953.728,4951.384,11882.69,,,605.945,605.945,1344.297,4.703
12902.393,,,2875.714,3984.682,5062.318,11922.714,,,588.904,588.904,1357.639,4.564
12747.406,,,2673.044,4003.709,5110.077,11786.83,0.0,0.0,624.63,624.828,1363.653,4.9
12527.785,,,2475.718,3879.363,5205.241,11560.322,0.0,0.0,625.28,625.477,1343.325,4.991
11960.797,,,2331.767,3596.994,5052.377,10981.137,0.0,0.0,638.711,638.902,1265.638,5.34
11071.312,,,2101.509,2970.578,5001.421,10073.508,0.0,0.0,658.164,658.345,1195.778,5.945
10099.557,,,1880.561,2573.19,4697.723,9151.474,0.0,0.0,669.255,669.439,1095.189,6.627
9499.773,,,1738.259,2267.441,4558.915,8564.614,0.0,0.0,651.47,651.647,1068.325,6.858
9189.219,,,1681.799,1990.997,4612.146,8284.941,0.0,0.0,587.897,588.069,1046.585,6.398
8670.445,,,1533.064,1964.15,4274.73,7771.944,0.0,0.0,585.052,585.224,1025.339,6.748
8653.004,,,1447.384,1883.641,4436.258,7767.283,0.0,0.0,586.483,586.658,1013.279,6.778
8764.187,,,1438.251,1891.02,4482.27,7811.542,0.0,0.0,600.754,600.929,1034.143,6.855
8852.07,,,1467.06,1874.001,4517.85,7858.911,0.0,0.006,616.326,616.564,1071.699,6.963
9030.94,,,1481.872,1885.87,4632.826,8000.568,0.0,0.009,638.4,638.739,1089.075,7.069
9007.275,,,1493.089,1842.031,4663.421,7998.542,0.0,0.018,605.144,605.654,1093.269,6.718
9212.213,,,1526.634,1919.129,4744.841,8190.604,0.0,0.025,596.595,597.655,1129.697,6.476
9364.555,,,1497.051,1901.267,4908.078,8306.396,0.0,0.023,650.641,651.926,1156.951,6.948
9388.296,,,1440.125,1903.633,4985.125,8328.883,0.0,0.022,640.035,641.315,1180.583,6.817
9742.543,,,1485.124,2007.237,5182.689,8675.051,0.0,0.025,631.712,633.144,1226.637,6.484
9867.982,,,1480.941,2010.566,5290.828,8782.335,0.0,0.03,643.027,644.423,1257.038,6.516
9867.938,,,1595.266,2048.639,5192.539,8836.443,0.0,0.023,583.556,585.097,1281.95,5.914
9451.703,,,1461.026,1954.973,4979.131,8395.129,0.0,0.031,609.701,611.51,1226.236,6.451
9835.035,,,1469.359,2010.876,5290.293,8770.529,0.001,0.027,601.851,603.986,1283.983,6.119
10264.569,,,1547.89,2190.731,5472.34,9210.961,0.005,0.035,586.898,589.054,1308.507,5.718
10395.003,,,1622.403,2282.962,5430.249,9335.614,0.017,0.05,584.133,586.19,1330.408,5.619
10233.625,,,1534.247,2264.775,5349.814,9148.836,0.051,0.058,625.312,627.456,1323.675,6.11
10331.557,,,1496.964,2358.265,5397.772,9253.002,0.481,0.34,599.102,602.243,1337.935,5.799
10088.301,,,1434.804,2272.548,5284.361,8991.713,1.107,0.886,580.136,584.256,1340.887,5.751
10309.377,,,1457.068,2324.556,5379.618,9161.243,1.714,1.403,631.428,636.941,1369.322,6.125
10437.128,,,1433.388,2319.416,5512.449,9265.253,2.092,1.615,639.639,646.411,1383.047,6.128
10855.958,,,1495.259,2382.011,5799.562,9676.832,2.52,2.194,646.386,654.459,1416.357,5.954
10799.88,,,1452.198,2417.861,5728.685,9598.744,4.441,3.572,654.91,666.955,1425.901,6.064
10478.531,,,1356.588,2307.876,5549.553,9214.016,8.926,6.568,691.342,712.575,1399.955,6.598
11306.678,,,1404.048,2432.209,6169.005,10005.262,11.518,12.265,693.295,723.468,1490.867,6.132
10655.215,,,1353.05,2526.71,5512.274,9392.034,12.752,18.535,645.994,684.677,1501.575,6.063
1.323,6198963.0,9092188160.0,,,,,,,,,,
1.394,6364474.0,9211223040.0,,,,,,,,,,
1.524,6619704.0,9905037312.0,,,,,,,,,,
1.663,6881965.0,10619108352.0,,,,,,,,,,
1.821,7133905.0,11330466816.0,,,,,,,,,,
1.832,7376090.0,12046064640.0,,,,,,,,,,
1.847,7661320.0,12748870656.0,,,,,,,,,,
1.862,7975606.0,12486216704.0,,,,,,,,,,
2.009,8269784.0,12803095552.0,,,,,,,,,,
2.018,8570931.0,13115360256.0,,,,,,,,,,
2.042,8910806.0,13119770624.0,,,,,,,,,,
2.167,9259362.0,13798756352.0,,,,,,,,,,
2.18,9718217.0,14441154560.0,,,,,,,,,,
2.18,10243554.0,14671015936.0,,,,,,,,,,
2.186,10636353.0,15506534400.0,,,,,,,,,,
6.208,10919528.0,16129537024.0,,,,,,,,,,
6.823,11182613.0,16617856000.0,,,,,,,,,,
8.036,11431578.0,17146214400.0,,,,,,,,,,
9.393,11669087.0,17590364160.0,,,,,,,,,,
9.67,11899010.0,19232620544.0,,,,,,,,,,
8.961,12118844.0,20441458688.0,,,,,,,,,0.47,
9.493,12338198.0,21596243968.0,,,,,,,,,0.51,
9.473,12561783.0,22487644160.0,,,,,,,,,0.69,
10.279,12787714.0,23847374848.0,,,,,,,,,0.71,
10.59,13016377.0,25709400064.0,,,,,,,,,0.76,
12.052,13246588.0,28450983936.0,,,,,,,,,0.9,
13.046,13477781.0,30787633152.0,,,,,,,,,1.11,
15.308,13714798.0,33155622912.0,,,,,,,,,1.41,
16.066,13943897.0,34556530688.0,,,,,,,,,1.39,
19.817,14155742.0,34483417088.0,,,,,,,,,1.17,
22.857,14363534.0,34988625920.0,,,,,,,,,0.93,
23.667,14573894.0,36605583360.0,,,,,,,,,0.99,
26.375,14786650.0,39288827904.0,,,,,,,,,1.37,
27.991,14999691.0,42198171648.0,,,,,,,,,1.73,
30.905,15210817.0,45181947904.0,,,,,,,,,2.99,
35.449,15417527.0,48358453248.0,,,,,,,,,4.26,
44.198,15624586.0,51749834752.0,,,,,,,,,5.43,
46.705,15830694.0,55370772480.0,,,,,,,,,6.77,
58.892,16025242.0,59541852160.0,,,,,,,,,7.96,
65.957,16207746.0,,,,,,,,,,8.45,
64.253,16396864.0,,,,,,,,,,8.45,
66.938,16589031.0,,,,,,,,,,8.69,
,3216679.0,,,,,,,,,,,
,3193523.0,,,,,,,,,,,
,3167551.0,,,,,,,,,,,
,3138804.0,,,,,,,,,,,
,3110318.0,,,,,,,,,,,
,3082089.0,,,,,,,,,,,
,3054115.0,,,,,,,,,,,
,3026394.0,,,,,,,,,,,
,2998924.0,,,,,,,,,,,
,2974195.0,,,,,,,,,,,
,2952166.0,,,,,,,,,,,
,2932802.0,,,,,,,,,,,
,2916064.0,,,,,,,,,,,
,2901916.0,,,,,,,,,,,
,2887835.0,,,,,,,,,,,
,2873822.0,,,,,,,,,,,
,2859876.0,,,,,,,,,,,
,2845996.0,,,,,,,,,,,
,2833732.0,,,,,,,,,,,
,2831409.0,,,,,,,,,,,
,2839117.0,,,,,,,,,,,
,2856945.0,,,,,,,,,,,
,2884985.0,,,,,,,,,,,
,2923328.0,,,,,,,,,,,
,2962182.0,,,,,,,,,,,
,3001552.0,,,,,,,,,,,
,3041445.0,,,,,,,,,,,
,3081868.0,,,,,,,,,,,
,3122828.0,,,,,,,,,,,
,3164073.0,,,,,,,,,,,
,3205602.0,,,,,,,,,,,
,3247416.0,,,,,,,,,,,
,3289516.0,,,,,,,,,,,
,3331901.0,,,,,,,,,,,
,3374832.0,,,,,,,,,,,
,3418317.0,,,,,,,,,,,
,3462361.0,,,,,,,,,,,
,3506974.0,,,,,,,,,,,
,3552161.0,,,,,,,,,,,
,3600852.0,,,,,,,,,,,
,3653142.0,,,,,,,,,,,
,3709128.0,,,,,,,,,,,
,3768907.0,,,,,,,,,,,
,3832582.0,,,,,,,,,,,
,3897332.0,,,,,,,,,,,
,3963176.0,,,,,,,,,,,
,4030132.0,,,,,,,,,,,
,4098220.0,,,,,,,,,,,
,4167458.0,,,,,,,,,,,
,4239958.0,,,,,,,,,,,
,4315823.0,5229722624.0,,,,,,,,,,
,4381983.0,5417063424.0,,,,,,,,,,
,4449599.0,5620173312.0,,,,,,,,,,
,4519193.0,5824486912.0,,,,,,,,,,
,4592382.0,6040445952.0,,,,,,,,,,
,4670545.0,6263419904.0,,,,,,,,,,
,4753924.0,6493817344.0,,,,,,,,,,
,4840930.0,6732063232.0,,,,,,,,,,
,4931690.0,6978685952.0,,,,,,,,,,
,5028164.0,7234105344.0,,,,,,,,,,
,5117606.0,7437215744.0,,,,,,,,,,
,5200364.0,7528596992.0,,,,,,,,,,
,5303847.0,7757674496.0,,,,,,,,,,
,5427516.0,8048988160.0,,,,,,,,,,
,5556211.0,8333998080.0,,,,,,,,,,
,5690089.0,8502576640.0,,,,,,,,,,
,5829584.0,8896456704.0,,,,,,,,,,
,5975093.0,9142134784.0,,,,,,,,,,
,6127201.0,9741293568.0,,,,,,,,,,
,6286226.0,10221153280.0,,,,,,,,,,
,6452787.0,10527337472.0,,,,,,,,,,
,6627357.0,10841244672.0,,,,,,,,,,
,6809472.0,11317897216.0,,,,,,,,,,
,6998691.0,11480018944.0,,,,,,,,,,
,7194702.0,11988956160.0,,,,,,,,,,
,7397421.0,12613605376.0,,,,,,,,,,
,7598028.0,12847951872.0,,,,,,,,,,
,7796826.0,13583540224.0,,,,,,,,,,
,8013278.0,14322934784.0,,,,,,,,,,
,8243382.0,15104234496.0,,,,,,,,,,
13.799,8519894.0,16648723456.0,,,,,,,,,,
15.146,8829055.0,19480160256.0,,,,,,,,,,
17.687,9046988.0,20950722560.0,,,,,,,,,,
17.649,9240673.0,22424580096.0,,,,,,,,,,
17.949,9508581.0,24174473216.0,,,,,,,,,,
19.104,9804266.0,26344695808.0,,,,,,,,,,
20.465,10112711.0,28252385280.0,,,,,,,,,,
19.425,10433912.0,26852610048.0,,,,,,,,,,
19.448,10759581.0,25616631808.0,,,,,,,,,,
22.573,11089225.0,23322585088.0,,,,,,,,,,
22.776,11430519.0,22937075712.0,,,,,,,,,,
22.984,11777721.0,22472519680.0,,,,,,,,,,
23.085,12128609.0,22168713216.0,,,,,,,,,,
20.424,12486776.0,21846622208.0,,,,,,,,,,
21.804,12848863.0,21686028288.0,,,,,,,,,,
22.328,13211643.0,22791555072.0,,,,,,,,,,
22.235,13575327.0,24336672768.0,,,,,,,,,,
23.355,13941183.0,26071126016.0,,,,,,,,,,
23.357,14314604.0,27818774528.0,,,,,,,,,,
22.891,14698975.0,29453676544.0,,,,,,,,,,
23.778,15091598.0,31207909376.0,,,,,,,,,3.45,
23.702,15493256.0,33174106112.0,,,,,,,,,3.5,
23.353,15914029.0,35058536448.0,,,,,,,,,3.26,
25.017,16354324.0,37066948608.0,,,,,,,,,3.64,
26.078,16809406.0,39050518528.0,,,,,,,,,4.06,
25.168,17275174.0,40566829056.0,,,,,,,,,3.95,
28.519,17751338.0,42544930816.0,,,,,,,,,4.39,
30.068,18251868.0,44641144832.0,,,,,,,,,5.05,
30.522,18777082.0,46686605312.0,,,,,,,,,5.48,
32.761,19319276.0,48395714560.0,,,,,,,,,5.57,
37.493,19878044.0,50826797056.0,,,,,,,,,5.71,
39.491,20448880.0,53836398592.0,,,,,,,,,5.73,
39.402,21032684.0,56362106880.0,,,,,,,,,5.3,
34.619,21632852.0,59554578432.0,,,,,,,,,6.15,
43.296,22299590.0,63390306304.0,,,,,,,,,6.67,
43.457,23012650.0,67430903808.0,,,,,,,,,7.7,
42.343,23711626.0,70686400512.0,,,,,,,,,6.92,
43.016,24393182.0,73195061248.0,,,,,,,,,7.84,
43.803,25076752.0,76168241152.0,,,,,,,,,8.28,
44.352,25782342.0,,,,,,,,,,8.35,
46.575,26491090.0,,,,,,,,,,8.29,
43.344,27198632.0,,,,,,,,,,8.05,
,5414425.0,25320480768.0,,,,,,,,,,
,5526732.0,27331231744.0,,,,,,,,,,
,5660474.0,30001500160.0,,,,,,,,,,
,5816421.0,30890283008.0,,,,,,,,,,
,5976663.0,31336632320.0,,,,,,,,,,
,6141319.0,35010547712.0,,,,,,,,,,
,6310511.0,38508658688.0,,,,,,,,,,
,6484363.0,40743493632.0,,,,,,,,,,
,6663003.0,38793220096.0,,,,,,,,,,
,6835990.0,42916040704.0,,,,,,,,,,
,7002961.0,46585430016.0,,,,,,,,,,
,7163537.0,49758150656.0,,,,,,,,,,
,7317326.0,53039153152.0,,,,,,,,,,
,7463921.0,55654977536.0,,,,,,,,,,
,7613451.0,51924688896.0,,,,,,,,,,
,7765975.0,55264677888.0,,,,,,,,,,
,7921554.0,60832882688.0,,,,,,,,,,
,8080249.0,63343882240.0,,,,,,,,,,
,8245222.0,59279544320.0,,,,,,,,,,
,8408944.0,54758486016.0,,,,,,,,,,
,8571309.0,54142889984.0,,,,,,,,,,
,8732206.0,48308826112.0,,,,,,,,,,
,8891519.0,55375314944.0,,,,,,,,,,
,9049130.0,58664529920.0,,,,,,,,,,
,9209535.0,59548565504.0,,,,,,,,,,
,9372783.0,66059980800.0,,,,,,,,,,
,9538925.0,69622784000.0,,,,,,,,,,
,9708012.0,76526026752.0,,,,,,,,,,
,9880096.0,83322109952.0,,,,,,,,,,
,10041248.0,83202572288.0,,,,,,,,,,
,10191122.0,80432472064.0,,,,,,,,,,
,10329362.0,68012974080.0,,,,,,,,,,
,10455609.0,63166488576.0,,,,,,,,,,
,10569491.0,58656866304.0,,,,,,,,,,
,10684614.0,64889491456.0,,,,,,,,,,
,10800991.0,70134530048.0,,,,,,,,,,
,10918635.0,73911484416.0,,,,,,,,,,
,11037560.0,80861331456.0,,,,,,,,,,
,11157781.0,82981191680.0,,,,,,,,,,
,11296195.0,87932002304.0,,,,,,,,,,
,11453308.0,100014219264.0,,,,,,,,,,
,11629639.0,113984610304.0,,,,,,,,,,
,11825718.0,134172491776.0,,,,,,,,,,
,12042086.0,140255363072.0,,,,,,,,,,
,12262412.0,145547558912.0,,,,,,,,,,
,12486770.0,141033472000.0,,,,,,,,,,
,12715233.0,139580424192.0,,,,,,,,,,
,12947875.0,145755504640.0,,,,,,,,,,
,13184774.0,148419985408.0,,,,,,,,,,
,13449459.0,151660937216.0,,,,,,,,,,
,13743068.0,162840739840.0,,,,,,,,,,
,14085723.0,172068421632.0,,,,,,,,,,
,14485746.0,184612798464.0,,,,,,,,,,
,14901533.0,193223622656.0,,,,,,,,,,
,15323199.0,191887998976.0,,,,,,,,,,
,15733926.0,209810259968.0,,,,,,,,,,
,16167046.0,226794192896.0,,,,,,,,,,
,16650052.0,233362309120.0,,,,,,,,,,
,17113392.0,237535641600.0,,,,,,,,,,
,17524910.0,247152361472.0,,,,,,,,,,
,17909358.0,254857904128.0,,,,,,,,,,
,18273690.0,262380470272.0,,,,,,,,,,
,18622354.0,280743739392.0,,,,,,,,,,
,18971014.0,294939623424.0,,,,,,,,,,
,19326326.0,314154778624.0,,,,,,,,,,
1389.036,19688808.0,335067021312.0,179.986,642.818,216.684,1039.488,,,349.185,349.185,,25.139
1478.791,20055242.0,356785356800.0,176.45,677.262,237.225,1090.938,,,387.366,387.366,,26.195
1546.292,20408046.0,367635431424.0,174.822,723.106,251.917,1149.846,,,396.012,396.012,,25.61
1645.59,20731928.0,386855305216.0,189.93,769.793,280.521,1240.243,,,402.742,402.742,,24.474
1745.348,21033938.0,407256006656.0,183.37,801.545,313.496,1298.412,,,445.435,445.435,,25.521
1868.563,21434580.0,417751990272.0,196.873,854.8,346.339,1398.011,,,467.609,467.609,,25.025
1927.145,21888686.0,441056624640.0,187.127,877.85,369.665,1434.642,,,480.395,480.395,,24.928
2074.272,22222228.0,464342122496.0,176.578,924.333,415.795,1516.706,,,537.105,537.105,,25.894
2252.543,22502026.0,497617436672.0,181.858,1009.633,442.179,1633.67,,,575.59,575.59,,25.553
2323.399,22812430.0,517951848448.0,184.777,1027.002,446.98,1658.759,,,622.94,622.94,,26.812
2288.937,23136250.0,529610735616.0,179.765,1013.222,461.582,1654.568,,,598.702,598.702,,26.156
2396.989,23442118.0,558634696704.0,212.829,1037.889,465.677,1716.395,,,628.919,631.176,,26.238
2535.542,23715310.0,577419673600.0,271.956,1046.014,488.442,1806.412,,,650.972,654.385,,25.674
2584.216,23962686.0,600763269120.0,223.622,1079.692,493.109,1796.423,,,695.644,699.257,,26.919
2660.205,24219116.0,625737072640.0,211.747,1121.585,500.634,1833.966,,,721.863,726.157,,27.136
2711.693,24511512.0,634113622016.0,257.891,1101.603,497.491,1856.985,,,742.642,746.792,,27.387
2695.77,24815780.0,653774422016.0,263.317,1043.373,482.727,1789.417,,,786.603,792.662,,29.179
2614.628,25101514.0,633852985344.0,278.245,947.269,511.207,1736.721,,,762.297,769.125,,29.155
2600.305,25360732.0,652317687808.0,291.115,890.696,487.49,1669.3,,,786.417,793.073,,30.243
2766.163,25602080.0,689733500928.0,324.271,899.106,541.115,1764.493,,,846.063,853.523,,30.586
2857.275,25843920.0,727013326848.0,311.691,903.023,567.6,1782.314,,0.003,897.875,903.231,459.016,31.424
2884.924,26116076.0,746074603520.0,288.883,923.065,546.254,1758.202,,0.003,918.544,924.501,468.584,31.839
2977.613,26436886.0,776472494080.0,310.484,952.629,552.869,1815.983,,0.003,935.018,942.401,496.398,31.402
3096.846,26815068.0,814240038912.0,333.419,1002.798,608.475,1944.692,,0.003,909.082,917.018,506.016,29.355
3127.392,27244408.0,833918730240.0,332.718,1041.871,657.781,2032.37,,0.003,858.857,869.959,498.093,27.462
3008.582,27657206.0,835996811264.0,315.603,962.808,637.604,1916.016,0.0,0.006,874.332,886.96,480.593,29.061
3020.828,28015762.0,820551417856.0,305.496,912.673,642.011,1860.179,0.0,0.006,908.612,921.335,506.995,30.078
3101.725,28347644.0,830132649984.0,311.209,936.497,680.554,1928.26,0.006,0.174,931.968,946.402,518.627,30.047
3180.007,28668168.0,854596321280.0,276.31,948.579,722.082,1946.971,0.006,0.174,952.783,968.34,530.232,29.962
3301.156,28981190.0,895509659648.0,292.969,968.858,747.529,2009.356,0.006,0.174,969.465,987.947,553.055,29.367
3381.887,29289430.0,922093223936.0,306.234,1016.647,772.519,2095.4,0.011,0.174,987.811,1010.782,557.869,29.209
3474.036,29593856.0,939604049920.0,312.526,1041.771,785.582,2139.88,0.017,0.183,1048.525,1072.758,571.622,30.182
3491.245,29882752.0,982580592640.0,326.636,1073.684,801.056,2201.377,0.021,0.183,1031.042,1057.32,572.341,29.532
3441.169,30144816.0,1023603507200.0,349.216,1094.422,787.573,2231.21,0.03,0.183,978.379,1008.516,561.991,28.432
3550.909,30399776.0,1079504207872.0,335.69,1115.552,841.914,2293.156,0.039,0.479,1020.164,1050.671,577.774,28.73
3647.49,30683316.0,1138677121024.0,355.188,1109.182,892.207,2356.577,0.049,0.781,1054.936,1085.778,588.42,28.922
3572.098,31002768.0,1162073341952.0,369.123,1140.463,840.422,2350.008,0.058,0.967,973.938,1007.382,572.37,27.265
3693.393,31322400.0,1200474947584.0,371.271,1183.052,874.665,2428.989,0.066,1.182,1019.475,1054.336,583.93,27.603
3711.021,31619456.0,1225605382144.0,370.357,1227.187,897.848,2495.393,0.066,2.001,974.846,1008.656,572.38,26.269
3768.068,31911670.0,1267051659264.0,349.854,1280.921,878.198,2508.973,0.041,2.723,975.146,1010.894,582.41,25.879
3793.256,32215914.0,1311262900224.0,348.345,1245.67,875.917,2469.933,0.049,4.488,1036.429,1072.182,606.47,27.323
3771.95,32531864.0,1349429624832.0,337.433,1256.413,870.735,2464.582,0.06,7.037,1004.107,1041.744,592.63,26.62
3915.844,32862458.0,1381196103680.0,352.77,1290.123,936.564,2579.457,0.074,8.503,1039.494,1084.499,612.97,26.546
3869.268,33218542.0,1398902882304.0,335.23,1245.212,925.439,2505.881,0.098,10.646,1060.762,1106.266,614.84,27.415
3717.698,33593920.0,1361508171776.0,280.078,1214.623,897.275,2391.977,0.304,18.548,1029.638,1085.967,595.13,27.696
3752.479,33963416.0,1407421775872.0,286.985,1266.489,915.721,2469.195,0.709,24.215,975.296,1043.5,581.82,25.991
3893.982,34323536.0,1455579594752.0,258.726,1268.156,1005.508,2532.39,1.577,28.107,1036.492,1115.566,611.54,26.618
3905.844,34691876.0,1479801044992.0,245.41,1285.495,994.235,2525.139,2.415,31.015,1042.668,1132.844,612.27,26.695
3999.052,35063696.0,1514897276928.0,239.337,1277.714,1054.407,2571.458,4.085,30.376,1067.788,1158.95,637.73,26.701
4007.746,35404616.0,1552197222400.0,227.599,1274.656,1098.415,2600.671,5.744,34.723,1036.234,1130.124,636.09,25.856
4033.862,35732120.0,1565171122176.0,228.959,1277.979,1103.324,2610.263,7.796,72.62,1029.236,1162.338,638.95,25.515
3979.017,36113532.0,1586146836480.0,213.098,1273.506,1051.926,2538.53,10.795,82.809,1031.817,1181.741,644.88,25.931
4039.605,36554344.0,1636443488256.0,221.605,1260.565,1097.818,2579.988,9.511,83.867,1050.112,1202.723,644.7,25.995
4076.074,37035260.0,1669401542656.0,181.723,1300.689,1162.044,2644.456,10.046,88.556,1020.97,1177.656,635.89,25.048
4051.717,37522584.0,,170.179,1297.276,1168.621,2636.076,10.754,86.659,1006.336,1161.445,627.92,24.837
3807.712,37888704.0,,148.405,1103.03,1136.408,2387.842,11.242,93.928,1015.178,1174.12,624.08,26.661
3843.694,38155012.0,,138.155,1142.541,1169.731,2450.428,13.519,90.947,1001.649,1162.296,625.95,26.06
3928.505,38454328.0,,107.233,1185.242,1216.283,2508.757,15.678,97.835,1038.782,1202.987,638.42,26.442
1.2,317249.0,400192000.0,,,,,,,,,,
1.197,321638.0,434100000.0,,,,,,,,,,
0.513,326326.0,446880000.0,,,,,,,,,,
0.513,330981.0,489104000.0,,,,,,,,,,
0.629,335481.0,507312000.0,,,,,,,,,,
0.627,339890.0,552214016.0,,,,,,,,,,
0.192,344284.0,566886016.0,,,,,,,,,,
0.204,348726.0,592342016.0,,,,,,,,,,
0.282,353237.0,628238016.0,,,,,,,,,,
0.344,358160.0,663299968.0,,,,,,,,,,
0.344,364572.0,668099968.0,,,,,,,,,,
0.344,372733.0,689942656.0,,,,,,,,,,
0.407,381957.0,722536192.0,,,,,,,,,,
0.412,391764.0,790274624.0,,,,,,,,,,
0.49,401664.0,861446208.0,,,,,,,,,,
0.48,411394.0,941287744.0,,,,,,,,,,
0.542,421018.0,1024669376.0,,,,,,,,,,
0.54,430662.0,1122095872.0,,,,,,,,,,
0.543,440223.0,1238844928.0,,,,,,,,,,
0.543,449630.0,1412383360.0,,,,,,,,,,
1.366,458258.0,1540942336.0,,,,,,,,,0.14,
1.521,465970.0,1663976320.0,,,,,,,,,0.16,
1.653,473237.0,1787223040.0,,,,,,,,,0.18,
1.643,480095.0,1904397568.0,,,,,,,,,0.18,
1.796,486591.0,2022409344.0,,,,,,,,,0.21,
2.802,492841.0,2194575616.0,,,,,,,,,0.23,
2.977,498895.0,2457336064.0,,,,,,,,,0.24,
3.318,504742.0,2720555264.0,,,,,,,,,0.26,
3.363,510342.0,2956642816.0,,,,,,,,,0.27,
3.185,515643.0,2969179648.0,,,,,,,,,0.28,
3.41,521219.0,3071163648.0,,,,,,,,,0.32,
4.058,527528.0,3248219904.0,,,,,,,,,0.35,
3.641,533877.0,3287052032.0,,,,,,,,,0.36,
3.583,539949.0,3310254080.0,,,,,,,,,0.39,
3.865,546083.0,3375217920.0,,,,,,,,,0.41,
3.818,552169.0,3421235968.0,,,,,,,,,0.41,
3.988,558399.0,3549154048.0,,,,,,,,,0.43,
4.231,564959.0,3695577600.0,,,,,,,,,0.46,
4.282,571209.0,3882678784.0,,,,,,,,,0.46,
4.261,577037.0,,,,,,,,,,0.46,
4.049,582646.0,,,,,,,,,,0.43,
4.262,587936.0,,,,,,,,,,0.45,
0.413,17123.0,,,,,,,,,,,
0.471,17927.0,,,,,,,,,,,
0.471,18752.0,,,,,,,,,,,
0.412,19597.0,,,,,,,,,,,
0.472,20457.0,,,,,,,,,,,
0.471,21340.0,,,,,,,,,,,
0.445,22220.0,,,,,,,,,,,
0.47,23095.0,,,,,,,,,,,
1.145,23982.0,,,,,,,,,,,
1.142,24911.0,,,,,,,,,,,
1.214,26050.0,,,,,,,,,,,
1.202,27362.0,,,,,,,,,,,
1.219,28701.0,,,,,,,,,,,
1.155,30061.0,,,,,,,,,,,
1.333,31439.0,,,,,,,,,,,
1.428,32823.0,,,,,,,,,,,
1.432,34216.0,,,,,,,,,,,
1.428,35603.0,,,,,,,,,,,
1.428,36969.0,,,,,,,,,,,
1.428,38319.0,,,,,,,,,,,
2.083,39683.0,,,,,,,,,,0.4,
2.109,41073.0,,,,,,,,,,0.42,
2.186,42480.0,,,,,,,,,,0.45,
2.215,43881.0,,,,,,,,,,0.46,
2.093,45311.0,,,,,,,,,,0.49,
2.155,46750.0,,,,,,,,,,0.39,
2.186,48199.0,,,,,,,,,,0.49,
2.612,49666.0,,,,,,,,,,0.55,
2.682,51140.0,,,,,,,,,,0.58,
2.489,52620.0,,,,,,,,,,0.6,
2.501,54095.0,,,,,,,,,,0.59,
2.633,55513.0,,,,,,,,,,0.59,
2.432,56884.0,,,,,,,,,,0.59,
2.401,58232.0,,,,,,,,,,0.6,
2.441,59580.0,,,,,,,,,,0.61,
2.582,60935.0,,,,,,,,,,0.62,
2.548,62274.0,,,,,,,,,,0.65,
2.955,63601.0,,,,,,,,,,0.66,
2.759,64904.0,,,,,,,,,,0.65,
3.343,66152.0,,,,,,,,,,0.7,
2.826,67327.0,,,,,,,,,,0.69,
3.01,68157.0,,,,,,,,,,0.73,
3234.455,,,,,,,,,,,,
3229.24,,,,,,,,,,,,
3284.643,,,,,,,,,,,,
3268.541,,,,,,,,,,,,
3440.975,,,,,,,,,,,,
3520.637,,,,,,,,,,,,
3739.636,,,,,,,,,,,,
3794.483,,,,,,,,,,,,
3901.286,,,,,,,,,,,,
4026.87,,,,,,,,,,,,
4246.389,,,,,,,,,,,,
4251.247,,,,,,,,,,,,
4347.536,,,,,,,,,,,,
4571.892,,,,,,,,,,,,
4786.068,,,,,,,,,,,,
5012.22,,,,,,,,,,,,
5274.162,,,,,,,,,,,,
5536.966,,,,,,,,,,,,
5731.66,,,,,,,,,,,,
5714.442,,,,,,,,,,,,
6111.132,,,,,,,,,,,,
6171.964,,,,,,,,,,,,
6168.981,,,,,,,,,,,,
6292.499,,,,,,,,,,,,
6621.072,,,,,,,,,,,,
6811.079,,,,,,,,,,,,
7134.143,,,,,,,,,,,,
7312.296,,,,,,,,,,,,
7568.195,,,,,,,,,,,,
7440.778,,,,,,,,,,,,
7858.356,,,,,,,,,,,,
8126.064,,,,,,,,,,,,
8361.751,,,,,,,,,,,,
8488.624,,,,,,,,,,,,
8556.681,,,,,,,,,,,,
8556.429,,,,,,,,,,,,
8487.003,,,,,,,,,,,,
8453.896,,,,,,,,,,,,
8417.114,,,,,,,,,,,,
8335.638,,,,,,,,,,,,
7567.621,,,,,,,,,,,,
7889.395,,,,,,,,,,,,
0.804,2415284.0,2898665984.0,,,,,,,,,,
0.981,2441014.0,2941446912.0,,,,,,,,,,
1.051,2467639.0,2993423872.0,,,,,,,,,,
1.1,2495102.0,2810014976.0,,,,,,,,,,
1.056,2523549.0,3012834048.0,,,,,,,,,,
1.026,2553074.0,3115672064.0,,,,,,,,,,
1.256,2583635.0,3224549888.0,,,,,,,,,,
1.163,2615596.0,3065438976.0,,,,,,,,,,
1.166,2657237.0,3129940992.0,,,,,,,,,,
1.166,2724112.0,3209999872.0,,,,,,,,,,
1.24,2809223.0,3155954944.0,,,,,,,,,,
1.3,2898059.0,3196204544.0,,,,,,,,,,
1.25,2991733.0,3153286912.0,,,,,,,,,,
1.364,3089148.0,3141613568.0,,,,,,,,,,
1.431,3187851.0,3299692288.0,,,,,,,,,,
1.434,3276707.0,3468004608.0,,,,,,,,,,
1.503,3363576.0,3208680448.0,,,,,,,,,,
1.503,3458477.0,3401098240.0,,,,,,,,,,
1.496,3555074.0,3555833088.0,,,,,,,,,,
1.497,3655366.0,3763942144.0,,,,,,,,,,
1.446,3759174.0,3836505856.0,,,,,,,,,0.1,
1.485,3844780.0,3861482752.0,,,,,,,,,0.1,
1.468,3930654.0,3833969152.0,,,,,,,,,0.1,
1.381,4026853.0,3563805696.0,,,,,,,,,0.1,
1.479,4115146.0,3659297536.0,,,,,,,,,0.15,
1.482,4208845.0,3745739008.0,,,,,,,,,0.16,
1.538,4294352.0,3921727744.0,,,,,,,,,0.17,
1.528,4375582.0,4078141440.0,,,,,,,,,0.16,
1.236,4467237.0,4185491968.0,,,,,,,,,0.16,
1.189,4564544.0,4261637888.0,,,,,,,,,0.16,
1.212,4660066.0,4410454016.0,,,,,,,,,0.16,
1.323,4732037.0,4499550208.0,,,,,,,,,0.18,
1.349,4773306.0,4632211968.0,,,,,,,,,0.18,
0.993,4802437.0,2929689088.0,,,,,,,,,0.14,
1.143,4798739.0,2960957952.0,,,,,,,,,0.17,
1.431,4819341.0,3105792000.0,,,,,,,,,0.17,
1.507,4904182.0,3243622912.0,,,,,,,,,0.17,
1.507,4996741.0,3412740608.0,,,,,,,,,0.15,
1.541,5094795.0,3581982464.0,,,,,,,,,0.15,
1.559,5209329.0,,,,,,,,,,0.15,
1.5,5343024.0,,,,,,,,,,0.15,
1.561,5457165.0,,,,,,,,,,0.15,
43.879,,,0.004,39.865,,,,,4.01,4.01,,
45.498,,,0.018,41.065,,,,,4.415,4.415,,
47.687,,,0.026,42.676,,,,,4.985,4.985,,
49.55,,,0.019,44.016,,,,,5.515,5.515,,
52.024,,,0.033,45.74,,,,,6.106,6.106,,
54.568,,,0.011,47.507,,,,,6.921,6.921,,
56.65,,,0.018,49.296,0.0,49.315,0.0,0.0,6.875,7.216,,12.135
60.192,,,0.081,52.136,0.0,52.216,0.0,0.0,7.318,7.768,,12.158
65.828,,,0.115,57.412,0.0,57.527,0.0,0.0,7.797,8.17,,11.844
70.122,,,0.048,60.822,0.0,60.87,0.0,0.0,8.68,9.178,,12.379
77.279,,,0.013,68.033,0.0,68.046,0.0,0.0,8.142,9.162,,10.536
82.006,,,0.008,71.186,0.0,71.194,0.0,0.0,8.638,10.761,,10.534
86.724,,,0.016,76.006,0.0,76.021,0.0,0.0,8.656,10.703,,9.981
91.0,,,0.016,77.015,0.0,77.031,0.0,0.0,11.78,13.968,,12.946
94.041,,,0.024,77.781,0.0,77.805,0.0,0.0,14.357,16.236,,15.266
91.187,,,0.179,72.574,0.0,72.754,0.0,0.0,16.431,18.433,,18.018
90.717,,,0.176,70.221,0.0,70.397,0.0,0.0,17.062,20.32,,18.808
90.224,,,0.04,70.169,0.0,70.209,0.0,0.0,16.507,20.015,,18.295
90.484,,,0.032,69.118,0.0,69.15,0.0,0.0,18.321,21.334,,20.247
94.639,,,0.009,70.41,0.0,70.419,0.0,0.0,20.609,24.22,,21.776
98.294,,,0.263,71.702,0.0,71.965,0.0,0.0,23.595,26.329,11.155,24.004
101.786,,,0.272,71.42,0.0,71.693,0.0,0.0,27.57,30.093,11.576,27.086
108.372,,,0.293,76.774,0.0,77.067,0.0,0.0,28.635,31.305,12.647,26.423
107.837,,,0.151,74.585,0.0,74.736,0.0,0.0,30.499,33.101,12.987,28.283
114.651,,,0.395,77.883,0.0,78.278,0.0,0.0,32.924,36.373,13.886,28.716
118.707,,,0.28,80.389,0.0,80.669,0.0,0.0,34.427,38.038,14.494,29.001
125.515,,,0.394,87.678,0.0,88.072,0.0,0.0,33.495,37.443,15.272,26.686
137.306,,,0.363,99.702,0.0,100.065,0.0,0.0,31.896,37.241,17.281,23.23
147.539,,,0.469,106.465,0.0,106.934,0.0,0.0,35.554,40.606,18.229,24.098
156.295,,,0.47,116.511,0.0,116.981,0.0,0.0,34.347,39.314,18.772,21.976
168.496,,,0.367,129.08,0.0,129.446,0.0,0.0,33.894,39.05,19.819,20.115
171.262,,,0.926,126.041,0.0,126.966,0.0,0.067,39.109,44.296,20.11,22.835
180.588,,,0.497,136.651,0.0,137.148,0.0,0.224,37.748,43.44,21.097,20.903
200.339,,,0.78,156.645,0.0,157.425,0.0,0.19,37.995,42.914,23.225,18.965
207.26,,,1.026,154.501,0.0,155.527,0.0,0.295,44.341,51.733,24.747,21.394
214.994,,,3.028,157.797,0.0,160.825,0.0,0.517,45.436,54.169,26.618,21.133
221.86,,,3.213,168.969,0.0,172.182,0.0,0.527,40.282,49.678,28.499,18.156
227.285,,,4.136,170.535,0.0,174.672,0.0,0.742,42.211,52.613,30.117,18.572
236.833,,,4.203,177.953,0.0,182.156,0.0,0.668,43.768,54.677,32.148,18.481
245.154,,,4.349,183.123,0.0,187.472,0.0,0.736,46.209,57.682,33.974,18.849
246.896,,,3.577,181.922,0.0,185.499,0.002,0.579,49.153,61.397,35.82,19.908
260.761,,,3.821,192.479,0.0,196.3,0.002,0.774,51.176,64.462,37.95,19.626
271.437,,,4.156,202.092,0.0,206.248,0.002,0.68,50.703,65.189,39.967,18.68
280.233,,,4.747,204.352,0.0,209.1,0.002,0.557,56.38,71.134,40.883,20.119
274.727,,,3.379,202.192,0.0,205.571,0.002,1.177,52.632,69.156,41.612,19.158
286.601,,,4.302,204.702,0.0,209.005,0.003,1.448,59.108,77.596,42.975,20.624
293.469,,,6.462,209.94,0.0,216.403,0.003,2.046,57.865,77.066,44.371,19.718
305.964,,,8.431,213.702,0.0,222.134,0.006,3.096,61.518,83.83,46.117,20.106
310.834,,,10.964,215.62,0.0,226.585,0.008,3.677,59.637,84.249,47.545,19.186
320.177,,,11.696,221.905,0.0,233.601,0.035,5.673,58.351,86.576,48.85,18.225
352.64,,,14.807,244.126,0.0,258.933,1.603,8.443,60.567,93.707,51.66,17.175
368.548,,,16.217,253.623,0.0,269.84,3.151,8.833,61.267,98.708,53.346,16.624
381.983,,,11.512,261.028,0.0,272.539,3.887,8.542,72.466,109.444,53.739,18.971
388.85,,,14.468,258.13,1.818,274.415,4.761,11.735,71.299,114.435,56.497,18.336
408.72,,,19.687,280.014,4.793,304.494,5.851,11.599,56.895,104.226,59.144,13.92
373.088,,,15.856,238.304,3.555,257.715,6.795,9.527,70.722,115.372,56.84,18.956
419.818,,,19.693,271.378,2.805,293.876,7.959,10.438,78.095,125.942,61.247,18.602
436.53,,,12.979,288.882,6.254,308.115,7.728,9.513,82.436,128.415,63.139,18.884
,,,,,,,,,,,,
,,,,,,,,,,,,
,,,,,,,,,,,,
,,,,,,,,,,,,
,,,,,,,,,,,,
,,,,,,,,,,,,
,,,,,,,,,,,,
,,,,,,,,,,,,
,,,,,,,,,,,,
,,,,,,,,,,,,
,,,,,,,,,,,,
,,,,,,,,,,,,
,,,,,,,,,,,,
,,,,,,,,,,,,
,,,,,,,,,,,,
,,,,,,,,,,,,
,,,,,,,,,,,,
,,,,,,,,,,,,
,,,,,,,,,,,,
,,,,,,,,,,,,
,,,,,,,,,,,,
,,,,,,,,,,,,
,,,,,,,,,,,,
,,,,,,,,,,,,
,,,,,,,,,,,,
,,,,,,,,,,,,
,,,,,,,,,,,,
,,,,,,,,,,,,
,,,,,,,,,,,,
,,,,,,,,,,,,
,,,,,,,,,,,,
,,,,,,,,,,,,
,,,,,,,,,,,,
,,,,,,,,,,,,
,,,,,,,,,,,,
,,,,,,,,,,,,
,,,,,,,,,,,,
,,,,,,,,,,,,
,,,,,,,,,,,,
,,,,,,,,,,,,
,,,,,,,,,,,,
,,,,,,,,,,,,
,,,,,,,,,,,,
,,,,,,,,,,,,
,,,,,,,,,,,,
,,,,,,,,,,,,
,,,,,,,,,,,,
,,,,,,,,,,,,
,,,,,,,,,,,,
,,,,,,,,,,,,
,,,,,,,,,,,,
,,,,,,,,,,,,
,,,,,,,,,,,,
,,,,,,,,,,,,
,,,,,,,,,,,,
,,,,,,,,,,,,
,,,,,,,,,,,,
,,,,,,,,,,,,
,,,,,,,,,,,,
,,,,,,,,,,,,
,,,,,,,,,,,,
,,,,,,,,,,,,
,,,,,,,,,,,,
,,,,,,,,,,,,
,,,,,,,,,,,,
,,,,,,,,,,,,
,,,,,,,,,,,,
,,,,,,,,,,,,
,,,,,,,,,,,,
,,,,,,,,,,,,
,,,,,,,,,,,,
,,,,,,,,,,,,
,,,,,,,,,,,,
,,,,,,,,,,,,
,,,,,,,,,,,,
,,,,,,,,,,,,
,,,,,,,,,,,,
,,,,,,,,,,,,
,,,,,,,,,,,,
,,,,,,,,,,,,
,,,,,,,,,,,,
,,,,,,,,,,,,
,,,,,,,,,,,,
,,,,,,,,,,,,
,,,,,,,,,,,,
,,,,,,,,,,,,
,,,,,,,,,,,,
,,,,,,,,,,,,
,,,,,,,,,,,,
,,,,,,,,,,,,
,,,,,,,,,,,,
,,,,,,,,,,,,
,,,,,,,,,,,,
,,,,,,,,,,,,
,,,,,,,,,,,,
,,,,,,,,,,,,
,,,,,,,,,,,,
,,,,,,,,,,,,
,,,,,,,,,,,,
,,,,,,,,,,,,
,,,,,,,,,,,,
,,,,,,,,,,,,
,,,,,,,,,,,,
,,,,,,,,,,,,
,,,,,,,,,,,,
,,,,,,,,,,,,
,,,,,,,,,,,,
,,,,,,,,,,,,
,,,,,,,,,,,,
,,,,,,,,,,,,
,,,,,,,,,,,,
,,,,,,,,,,,,
,,,,,,,,,,,,
,,,,,,,,,,,,
,,,,,,,,,,,,
,,,,,,,,,,,,
,,,,,,,,,,,,
1.208,4408239.0,2636553984.0,,,,,,,,,,
1.144,4409228.0,2352283648.0,,,,,,,,,,
1.144,4622833.0,2480027136.0,,,,,,,,,,
1.144,4859174.0,2868360448.0,,,,,,,,,,
0.544,4920557.0,3020129536.0,,,,,,,,,,
0.663,4967592.0,3252398848.0,,,,,,,,,,
1.144,5118163.0,3451800320.0,,,,,,,,,,
1.017,5300856.0,3574575872.0,,,,,,,,,,
0.618,5483044.0,3844987904.0,,,,,,,,,,
0.677,5670621.0,3914715392.0,,,,,,,,,,
1.419,5827070.0,4042256384.0,,,,,,,,,,
1.388,6042433.0,4243508480.0,,,,,,,,,,
1.391,6302934.0,4384569344.0,,,,,,,,,,
0.668,6448279.0,4228387072.0,,,,,,,,,,
0.73,6593004.0,4512686080.0,,,,,,,,,,
0.73,6888862.0,4614553088.0,,,,,,,,,,
0.732,7200292.0,4763192832.0,,,,,,,,,,
0.791,7450883.0,5091476480.0,,,,,,,,,,
0.791,7709112.0,5510487040.0,,,,,,,,,,
0.791,7981888.0,5546915840.0,,,,,,,,,,
1.032,8259144.0,5599909376.0,,,,,,,,,0.09,
0.991,8538806.0,6336876544.0,,,,,,,,,0.1,
0.978,8838371.0,6982869504.0,,,,,,,,,0.1,
0.967,9196374.0,8110154752.0,,,,,,,,,0.11,
1.018,9613509.0,11032176640.0,,,,,,,,,0.12,
1.096,10005013.0,12146548736.0,,,,,,,,,0.12,
1.113,10365620.0,12214650880.0,,,,,,,,,0.13,
1.228,10722738.0,14704552960.0,,,,,,,,,0.12,
1.288,11098672.0,15257525248.0,,,,,,,,,0.14,
1.404,11496138.0,17078455296.0,,,,,,,,,0.18,
1.557,11894734.0,19870312448.0,,,,,,,,,0.19,
2.229,12317729.0,19903760384.0,,,,,,,,,0.19,
3.859,12754912.0,22282383360.0,,,,,,,,,0.23,
4.003,13216769.0,24345667584.0,,,,,,,,,0.26,
4.16,13697128.0,30490775552.0,,,,,,,,,0.27,
4.219,14140277.0,32955875328.0,,,,,,,,,0.28,
4.182,14592587.0,31254114304.0,,,,,,,,,0.29,
6.732,15085893.0,30510266368.0,,,,,,,,,0.3,
7.133,15604213.0,31212918784.0,,,,,,,,,0.3,
7.389,16126868.0,,,,,,,,,,0.31,
6.2,16644707.0,,,,,,,,,,0.29,
6.205,17179744.0,,,,,,,,,,0.31,
,17723312.0,,,,,,,,,,,
,3144546.0,10019174400.0,,,,,,,,,,
,3185985.0,10227504128.0,,,,,,,,,,
,3227194.0,10916515840.0,,,,,,,,,,
,3268159.0,10362765312.0,,,,,,,,,,
,3309640.0,11305700352.0,,,,,,,,,,
,3351643.0,10881920000.0,,,,,,,,,,
,3394174.0,11634895872.0,,,,,,,,,,
,3437240.0,12222480384.0,,,,,,,,,,
,3480848.0,13040879616.0,,,,,,,,,,
,3525079.0,13257759744.0,,,,,,,,,,
,3569943.0,14876744704.0,,,,,,,,,,
,3615449.0,15029273600.0,,,,,,,,,,
,3661606.0,16301952000.0,,,,,,,,,,
,3708422.0,16592316416.0,,,,,,,,,,
,3755832.0,14126369792.0,,,,,,,,,,
,3803843.0,13379817472.0,,,,,,,,,,
,3852462.0,16330000384.0,,,,,,,,,,
,3901698.0,16598632448.0,,,,,,,,,,
,3946949.0,16723667968.0,,,,,,,,,,
,3994434.0,14171333632.0,,,,,,,,,,
,4044201.0,15815304192.0,,,,,,,,,,
,4096300.0,14047063040.0,,,,,,,,,,
,4150784.0,14558038016.0,,,,,,,,,,
,4207703.0,17451124736.0,,,,,,,,,,
,4265403.0,18719342592.0,,,,,,,,,,
,4323894.0,19464910848.0,,,,,,,,,,
,4383188.0,18925549568.0,,,,,,,,,,
,4443294.0,18544064512.0,,,,,,,,,,
,4504225.0,23221260288.0,,,,,,,,,,
,4569171.0,23863158784.0,,,,,,,,,,
,4638243.0,20801015808.0,,,,,,,,,,
,4711552.0,16912128000.0,,,,,,,,,,
,4789213.0,12982949888.0,,,,,,,,,,
,4871343.0,16183314432.0,,,,,,,,,,
,4954882.0,19415412736.0,,,,,,,,,,
,5039853.0,20863375360.0,,,,,,,,,,
,5126282.0,21572304896.0,,,,,,,,,,
,5214192.0,24342487040.0,,,,,,,,,,
,5303610.0,24716249088.0,,,,,,,,,,
,5396359.0,25346183168.0,,,,,,,,,,
,5492530.0,26174912512.0,,,,,,,,,,
,5592215.0,26223740928.0,,,,,,,,,,
,5695510.0,27084926976.0,,,,,,,,,,
,5802513.0,27857731584.0,,,,,,,,,,
,5911526.0,28383840256.0,,,,,,,,,,
,6022587.0,30830256128.0,,,,,,,,,,
,6135735.0,33472208896.0,,,,,,,,,,
,6251009.0,29882306560.0,,,,,,,,,,
,6368448.0,34832236544.0,,,,,,,,,,
,6492585.0,34082990080.0,,,,,,,,,,
,6623650.0,35814096896.0,,,,,,,,,,
,6748677.0,37517848576.0,,,,,,,,,,
,6882965.0,39872872448.0,,,,,,,,,,
,7024139.0,42735439872.0,,,,,,,,,,
,7171411.0,41239904256.0,,,,,,,,,,
,7323198.0,42759069696.0,,,,,,,,,,
,7480643.0,43296378880.0,,,,,,,,,,
,7641939.0,47633264640.0,,,,,,,,,,
,7806577.0,50235248640.0,,,,,,,,,,
,7973551.0,47425589248.0,,,,,,,,,,
,8141826.0,51436253184.0,,,,,,,,,,
,8313539.0,53814652928.0,,,,,,,,,,
,8486124.0,56294055936.0,,,,,,,,,,
,8656007.0,59768950784.0,,,,,,,,,,
,8825044.0,60978696192.0,,,,,,,,,,
72.433,8994942.0,61339717632.0,13.549,41.014,6.178,60.741,,,11.692,11.692,,16.142
77.675,9161650.0,68132622336.0,13.956,44.943,6.451,65.35,,,12.325,12.325,,15.867
79.188,9326270.0,70277718016.0,13.956,46.932,5.718,66.606,,,12.582,12.582,,15.889
78.859,9491502.0,72715534336.0,13.956,49.474,4.887,68.317,,,10.542,10.542,,13.368
84.996,9656302.0,75313209344.0,13.956,52.71,6.432,73.097,,,11.899,11.899,,13.999
89.744,9820483.0,76775333888.0,14.921,55.665,6.422,77.008,,,12.736,12.736,,14.191
97.109,9984377.0,83697033216.0,14.41,61.72,6.549,82.678,,,14.22,14.431,,14.643
98.945,10145762.0,82793308160.0,11.909,63.948,5.963,81.82,,,16.944,17.126,,17.124
95.742,10307850.0,78292279296.0,12.933,61.42,4.682,79.035,,,16.544,16.707,,17.28
95.927,10472748.0,79171403776.0,12.258,59.826,4.878,76.962,,,18.818,18.965,,19.617
86.828,10639534.0,69003132928.0,9.792,52.451,5.533,67.776,,,18.889,19.052,,21.755
90.164,10804876.0,71648444416.0,9.885,54.491,6.041,70.418,,,19.513,19.746,,21.642
94.378,10969865.0,78841257984.0,10.641,56.657,6.217,73.515,,,20.607,20.863,,21.835
98.103,11137754.0,85389959168.0,10.374,60.191,5.806,76.371,,,21.441,21.732,,21.856
103.576,11304332.0,92570918912.0,11.479,62.902,6.872,81.253,,,22.024,22.324,,21.263
106.976,11469825.0,100109713408.0,12.677,63.652,7.038,83.367,,,23.274,23.61,,21.757
107.583,11637615.0,106358276096.0,12.653,63.548,6.93,83.132,,,24.099,24.451,,22.401
100.631,11807411.0,92080693248.0,8.432,58.229,7.175,73.835,,,26.359,26.796,,26.193
104.541,11976519.0,89603039232.0,10.106,57.604,7.742,75.452,,,28.426,29.09,,27.191
108.525,12147764.0,94938079232.0,13.63,56.839,7.918,78.387,,,29.496,30.138,,27.179
109.9,12326395.0,96833634304.0,13.642,54.994,7.908,76.544,,,32.734,33.356,14.04,29.785
114.165,12514509.0,102072827904.0,12.956,58.101,7.234,78.29,,,34.981,35.875,14.82,30.641
119.833,12712786.0,108707266560.0,13.351,60.68,7.018,81.05,,,37.917,38.783,15.637,31.642
133.717,12918395.0,116634124288.0,18.608,67.068,9.863,95.539,,,37.134,38.178,16.915,27.771
147.822,13128625.0,129084506112.0,25.144,75.092,15.386,115.622,,,31.176,32.2,17.811,21.09
155.681,13342876.0,133955190784.0,30.291,79.356,16.52,126.167,0.0,0.0,26.44,29.514,18.398,16.983
174.964,13561946.0,143692185600.0,24.886,88.483,19.456,132.825,0.0,0.0,38.842,42.14,19.963,22.2
194.194,13782300.0,161116241920.0,21.518,95.85,21.762,139.13,0.0,0.0,49.5,55.064,22.35,25.49
205.228,13998387.0,170977050624.0,21.71,104.487,22.534,148.73,0.0,0.0,50.911,56.498,24.013,24.807
215.481,14210680.0,179196395520.0,25.606,112.214,21.734,159.554,0.0,0.0,50.226,55.927,25.276,23.309
232.236,14416799.0,196500488192.0,27.605,123.356,20.827,171.788,0.0,0.0,54.449,60.447,28.027,23.446
245.845,14615489.0,209711316992.0,38.253,130.983,21.167,190.402,0.0,0.0,49.895,55.443,30.791,20.295
281.059,14809289.0,222079385600.0,49.798,140.883,28.799,219.48,0.0,0.0,56.015,61.579,33.292,19.93
281.476,14996745.0,227644669952.0,46.854,144.018,39.771,230.643,0.0,0.0,47.126,50.832,35.495,16.743
293.115,15176418.0,224247365632.0,48.351,145.661,54.328,248.339,0.0,0.0,40.147,44.776,38.384,13.697
307.391,15351803.0,232506474496.0,37.364,139.075,70.141,246.58,0.0,0.0,56.422,60.812,38.9,18.355
313.345,15523973.0,238843494400.0,29.315,135.445,79.502,244.261,0.0,0.021,63.691,69.084,40.62,20.326
320.801,15693798.0,242409652224.0,29.547,137.692,80.177,247.417,0.0,0.02,67.679,73.385,42.37,21.097
322.49,15859114.0,249686491136.0,28.25,136.518,86.739,251.507,0.0,0.02,65.551,70.983,45.14,20.327
344.299,16017966.0,262973259776.0,32.723,150.501,94.15,277.375,0.0,0.014,60.426,66.924,48.66,17.551
357.327,16175315.0,276230012928.0,32.07,155.212,91.078,278.36,0.0,0.02,73.233,78.967,50.62,20.495
369.682,16334573.0,291801038848.0,40.038,160.489,84.284,284.811,0.0,0.02,80.283,84.871,53.57,21.717
369.299,16495543.0,304165388288.0,47.522,200.304,49.681,297.506,0.0,0.032,63.155,71.792,55.98,17.101
369.306,16661463.0,312737595392.0,50.818,211.086,27.651,289.555,0.0,0.107,68.189,79.751,56.37,18.464
354.372,16833450.0,305748115456.0,46.458,198.599,27.949,273.006,0.0,0.221,70.319,81.366,56.69,19.843
363.948,17004166.0,321390903296.0,52.229,182.13,57.398,291.756,0.0,0.903,60.395,72.191,58.26,16.594
385.712,17173568.0,338634309632.0,66.986,189.076,58.365,314.428,0.0,0.931,56.58,71.284,62.04,14.669
402.747,17341770.0,356694163456.0,78.099,196.136,53.008,327.243,0.001,1.12,55.283,75.503,65.76,13.726
413.759,17509926.0,370745311232.0,87.788,195.073,53.126,335.986,0.018,1.486,54.255,77.773,68.17,13.113
409.534,17687108.0,377993625600.0,88.558,193.475,43.989,326.022,1.243,3.91,62.431,83.512,69.95,15.244
414.23,17870122.0,386428796928.0,85.055,190.194,48.243,323.492,3.663,5.695,63.612,90.738,71.75,15.357
433.903,18083880.0,392579481600.0,86.261,200.917,59.163,346.341,6.827,6.564,52.713,87.562,73.36,12.149
450.347,18368582.0,397188366336.0,89.69,204.001,56.146,349.837,10.368,9.649,56.754,100.51,74.22,12.602
468.278,18701452.0,412833611776.0,86.562,211.4,56.367,354.328,13.543,9.493,61.822,113.95,76.74,13.202
473.979,19039484.0,,87.085,210.552,65.131,362.767,16.607,12.904,56.516,111.212,77.39,11.924
442.478,19300318.0,,73.146,192.556,62.354,328.056,19.999,14.713,57.045,114.422,77.75,12.892
476.857,19493184.0,,81.111,211.375,68.229,360.715,28.13,19.96,47.289,116.142,81.51,9.917
496.812,19603736.0,,61.168,221.373,74.595,357.137,37.69,24.417,58.003,139.675,83.22,11.675
,395929430.0,388799987712.0,,,,,,,,,,
,397991980.0,,,,,,,,,,,
,400101986.0,,,,,,,,,,,
,402259874.0,,,,,,,,,,,
,404429383.0,,,,,,,,,,,
,406610574.0,,,,,,,,,,,
,408803510.0,,,,,,,,,,,
,411008255.0,,,,,,,,,,,
,413224872.0,,,,,,,,,,,
,415905832.0,,,,,,,,,,,
,419058430.0,,,,,,,,,,,
,422690056.0,387034120192.0,,,,,,,,,,
,426808190.0,,,,,,,,,,,
,431420404.0,430582890496.0,,,,,,,,,,
,436082439.0,,,,,,,,,,,
,440794834.0,,,,,,,,,,,
,445558131.0,,,,,,,,,,,
,450372881.0,,,,,,,,,,,
,455336427.0,,,,,,,,,,,
,459658818.0,,,,,,,,,,,
,463330522.0,,,,,,,,,,,
,466341893.0,,,,,,,,,,,
,468683169.0,,,,,,,,,,,
,470344471.0,,,,,,,,,,,
,472011663.0,,,,,,,,,,,
,473684764.0,,,,,,,,,,,
,475363795.0,,,,,,,,,,,
,477048778.0,,,,,,,,,,,
,478739734.0,,,,,,,,,,,
,480666438.0,488734818304.0,,,,,,,,,,
,482831090.0,494868004864.0,,,,,,,,,,
,485235901.0,500029587456.0,,,,,,,,,,
,487883101.0,515662970880.0,,,,,,,,,,
,490774936.0,461499990016.0,,,,,,,,,,
,493683911.0,470972727296.0,,,,,,,,,,
,496610129.0,508829040640.0,,,,,,,,,,
,499553692.0,540976349184.0,,,,,,,,,,
,502514702.0,528001761280.0,,,,,,,,,,
,505493263.0,514876014592.0,,,,,,,,,,
,508423146.0,,,,,,,,,,,
,511303712.0,,,,,,,,,,,
,514134316.0,,,,,,,,,,,
,516914309.0,,,,,,,,,,,
,519643036.0,,,,,,,,,,,
,522386167.0,,,,,,,,,,,
,525143778.0,,,,,,,,,,,
,527915947.0,,,,,,,,,,,
,530702750.0,,,,,,,,,,,
,533504263.0,,,,,,,,,,,
,537916245.0,,,,,,,,,,,
,543979200.0,436905181184.0,,,,,,,,,,
,553614016.0,529605984256.0,,,,,,,,,,
,564954496.0,595648774144.0,,,,,,,,,,
,577378688.0,672668254208.0,,,,,,,,,,
,589936000.0,624480157696.0,,,,,,,,,,
,603320128.0,681084977152.0,,,,,,,,,,
,616283008.0,738921873408.0,,,,,,,,,,
,630003008.0,761702580224.0,,,,,,,,,,
,643791552.0,766244683776.0,,,,,,,,,,
,652179200.0,743927578624.0,,,,,,,,,,
,654170688.0,705092976640.0,,,,,,,,,,
,655260352.0,577128431616.0,,,,,,,,,,
,664614656.0,616503050240.0,,,,,,,,,,
,683903552.0,705534361600.0,,,,,,,,,,
,704593792.0,804504928256.0,,,,,,,,,,
1536.194,723846336.0,896126812160.0,1330.704,129.063,11.087,1470.854,,,65.341,65.341,,4.253
1669.308,742948544.0,927339380736.0,1423.512,165.8,13.505,1602.817,,,66.491,66.491,,3.983
1501.068,761006272.0,933378326528.0,1265.344,163.693,14.715,1443.752,,,57.317,57.317,,3.818
1516.696,780371968.0,912372793344.0,1255.924,179.035,14.11,1449.068,,,67.628,67.628,,4.459
1845.186,801430976.0,1006175584256.0,1516.61,240.044,19.754,1776.409,,,68.778,68.778,,3.727
2361.698,822534464.0,1144004411392.0,1929.65,332.046,28.926,2290.621,,,71.077,71.077,,3.01
2800.124,843285440.0,1216237797376.0,2224.877,451.578,37.694,2714.149,0.0,0.0,85.975,85.975,,3.07
3018.837,862840384.0,1233564991488.0,2352.924,519.696,48.781,2921.401,0.0,0.0,97.436,97.436,,3.228
3186.893,881652096.0,1334375219200.0,2383.743,633.983,60.27,3077.997,0.0,0.0,108.897,108.897,,3.417
3286.762,899367680.0,1367631593472.0,2358.564,729.073,75.892,3163.529,0.0,0.0,123.232,123.232,,3.749
3680.441,915124672.0,1460733607936.0,2658.211,804.078,89.196,3551.485,0.0,0.0,128.956,128.956,,3.504
3874.827,929375936.0,1413710479360.0,2723.165,919.186,101.794,3744.146,0.0,0.0,130.681,130.681,,3.373
4225.152,942581312.0,1493489287168.0,2995.539,971.042,122.153,4088.734,0.0,0.0,136.418,136.418,,3.229
4632.033,955138944.0,1667551723520.0,3289.196,1076.637,138.38,4504.213,0.0,0.0,127.819,127.819,,2.759
4771.826,968298944.0,1801380298752.0,3402.705,1079.299,146.241,4628.246,0.0,0.0,143.579,143.579,,3.009
4827.534,982372480.0,1893783568384.0,3539.019,972.533,143.823,4655.374,0.0,0.0,172.159,172.159,,3.566
4763.85,997259520.0,1949955260416.0,3520.195,921.531,128.402,4570.128,0.0,0.0,193.722,193.722,,4.066
4976.87,1013483200.0,2128598007808.0,3724.838,911.753,120.238,4756.829,0.0,0.0,220.041,220.041,,4.421
5297.698,1029226880.0,2278862356480.0,3989.004,930.099,123.06,5042.164,0.0,0.0,255.534,255.534,,4.823
5685.145,1044172224.0,2534000295936.0,4338.266,964.89,125.278,5428.434,0.0,0.0,256.71,256.71,,4.515
6150.371,1060240000.0,2752673742848.0,4736.265,1010.6,130.317,5877.182,0.0,0.0,273.189,273.189,410.69,4.442
6444.106,1077770496.0,2931539050496.0,4951.424,1074.421,138.682,6164.527,0.0,0.0,279.579,279.579,449.53,4.339
6950.239,1096851840.0,3177306652672.0,5372.242,1142.234,139.993,6654.468,0.0,0.0,295.771,295.771,497.267,4.256
7467.112,1115889792.0,3354463305728.0,5771.224,1229.358,143.722,7144.303,0.0,0.0,322.809,322.809,545.21,4.323
7836.437,1134414720.0,3380560265216.0,6046.902,1287.727,151.674,7486.303,0.0,0.0,350.134,350.134,584.81,4.468
7938.249,1153704192.0,3385121570816.0,6134.517,1274.572,154.183,7563.272,0.006,0.006,374.781,374.977,621.2,4.721
8337.61,1170626176.0,3508947910656.0,6433.427,1379.144,156.118,7968.69,0.006,0.027,368.704,368.921,677.55,4.422
8773.708,1183813376.0,3755037425664.0,6731.497,1495.912,159.142,8386.55,0.009,0.388,386.437,387.158,753.94,4.404
9457.634,1195855616.0,4126169628672.0,7170.356,1663.776,168.969,9003.102,0.012,0.627,449.007,449.981,811.59,4.748
10048.812,1207286656.0,4438753280000.0,7641.667,1690.638,176.971,9509.277,0.015,1.135,495.086,497.665,927.8,4.927
10352.658,1218144384.0,4810000039936.0,7736.85,1825.631,178.795,9741.276,0.021,1.822,563.543,574.968,1007.03,5.443
10907.449,1228298880.0,5127589593088.0,8095.389,2023.029,187.362,10305.78,0.027,0.278,555.825,560.985,1081.31,5.096
10981.134,1237801472.0,5291338891264.0,7931.912,2221.545,197.985,10351.442,0.033,0.585,579.511,588.779,1135.55,5.277
11000.566,1246836096.0,5338703069184.0,7871.717,2287.591,204.163,10363.471,0.041,1.051,588.116,597.086,1167.0,5.346
11386.067,1255433216.0,5578502963200.0,8099.032,2437.245,216.631,10752.908,0.05,1.401,581.285,590.742,1239.3,5.105
11800.283,1264099072.0,5952682590208.0,8211.406,2626.896,246.957,11085.259,0.065,1.744,657.664,667.533,1355.6,5.573
12470.062,1272739584.0,6329737412608.0,8635.754,2683.249,276.458,11595.461,0.091,2.113,815.031,825.347,1480.79,6.536
13580.49,1280926080.0,6814493573120.0,9467.457,2895.598,294.136,12657.19,0.14,2.444,840.537,852.921,1654.0,6.189
15818.756,1288873344.0,7248622387200.0,11283.059,3234.762,341.747,14859.567,0.186,2.891,822.707,838.57,1910.58,5.201
18509.135,1296816768.0,7830953263104.0,13155.28,3777.772,399.84,17332.893,0.219,3.682,1018.791,1036.686,2203.31,5.504
21027.164,1304887552.0,8602940080128.0,15405.105,3838.487,469.751,19713.344,0.241,5.572,1136.824,1167.95,2500.26,5.406
23048.367,1313086592.0,9489543593984.0,16918.381,4116.769,577.838,21612.988,0.27,10.562,1239.988,1285.634,2865.72,5.38
25049.293,1321513216.0,10358205972480.0,18423.912,4313.567,710.779,23448.26,0.322,15.493,1372.143,1432.453,3281.54,5.478
26019.0,1330167168.0,10799147909120.0,18715.92,4408.092,819.329,23943.34,0.427,36.812,1789.895,1891.234,3495.76,6.879
27158.898,1339125632.0,11572544012288.0,19605.02,4580.298,902.24,25087.559,0.779,77.121,1719.316,1883.614,3714.64,6.331
29055.609,1348191360.0,12858808074240.0,20340.541,5214.49,1088.74,26643.771,1.946,137.113,1974.5,2212.766,4187.31,6.796
31336.535,1357095424.0,13673158410240.0,22143.604,5390.733,1351.629,28885.965,7.2,204.416,1898.078,2219.735,4691.35,6.057
32624.225,1366560768.0,14358127050752.0,22422.357,5654.299,1508.776,29585.432,9.856,282.556,2365.726,2780.102,4967.26,7.251
33852.562,1376100352.0,15304425996288.0,22902.131,5907.47,1718.785,30528.387,22.822,376.828,2479.073,3032.571,5408.64,7.323
34729.508,1385189632.0,16220856254464.0,22804.703,6142.517,1883.631,30830.85,63.697,432.813,2870.808,3552.34,5768.31,8.266
35134.855,1393715456.0,16710945996800.0,22329.041,6609.896,1946.895,30885.832,106.32,499.793,3001.359,3806.155,5787.8,8.542
35278.277,1401889664.0,17255473610752.0,21675.779,6823.578,2094.411,30593.768,178.098,644.793,3087.34,4136.883,6090.97,8.751
36649.703,1410275968.0,17575081672704.0,21915.443,7183.172,2412.522,31511.137,313.5,810.629,3100.576,4504.977,6558.26,8.46
38415.93,1417069440.0,18151620214784.0,22352.146,7534.662,2839.26,32726.068,468.029,967.807,3171.928,4940.908,7120.6,8.257
40206.684,1421864064.0,,22922.236,7915.177,3083.768,33921.184,590.458,1068.36,3354.375,5403.476,7461.49,8.343
41513.812,1424929792.0,,23402.553,7984.453,3366.173,34753.18,685.724,1225.164,3471.19,5837.744,7735.27,8.362
43873.07,1425893504.0,,24315.475,8200.554,3802.679,36318.707,855.653,1716.017,3401.68,6531.148,8484.02,7.753
44275.914,1425887360.0,,24559.486,7821.524,3757.047,36138.059,1115.113,1988.45,3397.424,7092.607,8839.13,7.673
,4034733.0,4353822208.0,,,,,,,,,,
,4112556.0,4413477888.0,,,,,,,,,,
,4194368.0,4486636032.0,,,,,,,,,,
,4280293.0,4548536832.0,,,,,,,,,,
,4367979.0,4620043776.0,,,,,,,,,,
,4457462.0,4696163840.0,,,,,,,,,,
,4548777.0,4827840000.0,,,,,,,,,,
,4641963.0,5151876096.0,,,,,,,,,,
,4737057.0,5448520192.0,,,,,,,,,,
,4837936.0,5737221120.0,,,,,,,,,,
,4944811.0,6073379840.0,,,,,,,,,,
,5057903.0,6377220096.0,,,,,,,,,,
,5177435.0,6704846848.0,,,,,,,,,,
,5303643.0,6997664768.0,,,,,,,,,,
,5432927.0,7312759808.0,,,,,,,,,,
,5565363.0,7693475840.0,,,,,,,,,,
,5701026.0,8144267776.0,,,,,,,,,,
,5839997.0,8527428096.0,,,,,,,,,,
,5981524.0,9061104640.0,,,,,,,,,,
,6126807.0,9865224192.0,,,,,,,,,,
,6275946.0,10605590528.0,,,,,,,,,,
,6429040.0,11275606016.0,,,,,,,,,,
,6586195.0,12103689216.0,,,,,,,,,,
,6747518.0,12948370432.0,,,,,,,,,,
,6912793.0,13763999744.0,,,,,,,,,,
,7082116.0,14122000384.0,,,,,,,,,,
,7255586.0,15471047680.0,,,,,,,,,,
,7433305.0,16868370432.0,,,,,,,,,,
,7615377.0,18107000832.0,,,,,,,,,,
,7786555.0,18762579968.0,,,,,,,,,,
,7946343.0,18597900288.0,,,,,,,,,,
,8094230.0,18484772864.0,,,,,,,,,,
,8229689.0,19522535424.0,,,,,,,,,,
,8352177.0,20617314304.0,,,,,,,,,,
,8476488.0,20183166976.0,,,,,,,,,,
,8602649.0,22447853568.0,,,,,,,,,,
,8730688.0,23624439808.0,,,,,,,,,,
,8860633.0,23999809536.0,,,,,,,,,,
,8992512.0,25566476288.0,,,,,,,,,,
,9142620.0,27135594496.0,,,,,,,,,,
,9311615.0,27714654208.0,,,,,,,,,,
,9500171.0,28181647360.0,,,,,,,,,,
,9708983.0,28239319040.0,,,,,,,,,,
,9938765.0,28360079360.0,,,,,,,,,,
,10173986.0,30282119168.0,,,,,,,,,,
,10414773.0,31689662464.0,,,,,,,,,,
,10661259.0,34558033920.0,,,,,,,,,,
,10913579.0,35922178048.0,,,,,,,,,,
,11171870.0,37032976384.0,,,,,,,,,,
,11456827.0,39081963520.0,,,,,,,,,,
,11769747.0,39782572032.0,,,,,,,,,,
,12087061.0,41004056576.0,,,,,,,,,,
,12419969.0,43585871872.0,,,,,,,,,,
,12767245.0,46268366848.0,,,,,,,,,,
,13130655.0,49475969024.0,,,,,,,,,,
,13512614.0,51404935168.0,,,,,,,,,,
,13911411.0,53465743360.0,,,,,,,,,,
,14329364.0,55423410176.0,,,,,,,,,,
,14760804.0,56811536384.0,,,,,,,,,,
,15211086.0,60891009024.0,,,,,,,,,,
,15687692.0,63491854336.0,,,,,,,,,,
,16182421.0,66711826432.0,,,,,,,,,,
,16691286.0,70335873024.0,,,,,,,,,,
,17210954.0,72640512000.0,,,,,,,,,,
,17739760.0,77135757312.0,,,,,,,,,,
97.673,18275818.0,79917506560.0,23.423,54.82,8.951,87.194,,,10.479,10.479,,10.729
109.927,18811410.0,84161191936.0,23.423,65.526,9.336,98.285,,,11.642,11.642,,10.591
115.861,19343968.0,87712751616.0,25.702,65.63,11.55,102.882,,,12.979,12.979,,11.202
120.285,19872508.0,93093543936.0,23.411,70.64,11.771,105.823,,,14.463,14.463,,12.024
121.783,20392264.0,99003203584.0,24.993,67.855,12.854,105.702,,,16.08,16.08,,13.204
133.433,20905256.0,105691070464.0,26.086,76.956,12.493,115.535,,,17.898,17.898,,13.413
132.013,21405412.0,111964217344.0,20.286,79.728,13.004,113.019,,,18.994,18.994,,14.388
152.193,21898060.0,120559378432.0,21.077,94.192,15.885,131.154,,,21.039,21.039,,13.824
147.196,22396324.0,128657104896.0,21.465,86.374,16.46,124.299,,,22.897,22.897,,15.555
164.66,22897878.0,136089665536.0,25.957,95.579,17.126,138.662,,,25.998,25.998,,15.789
155.635,23403732.0,139249500160.0,26.385,83.726,16.142,126.253,,,28.778,29.382,,18.491
162.258,23913004.0,145807687680.0,25.806,88.363,17.205,131.373,,,30.239,30.884,,18.637
167.654,24443926.0,151869472768.0,26.455,90.425,19.255,136.135,,,30.906,31.519,,18.434
176.187,25003606.0,164779720704.0,26.739,89.245,23.851,139.834,,,35.695,36.353,,20.26
183.328,25579328.0,173587382272.0,26.972,90.738,25.722,143.431,,,39.208,39.897,,21.387
190.734,26176206.0,180717961216.0,28.287,90.631,28.372,147.29,,,42.72,43.444,,22.397
193.446,26785992.0,184572133376.0,28.82,91.132,30.635,150.587,,,42.182,42.859,,21.806
199.038,27405200.0,186378551296.0,30.008,90.201,33.031,153.241,,,45.06,45.798,,22.639
209.62,28042326.0,189368025088.0,33.075,93.802,36.56,163.436,,,45.436,46.183,,21.676
212.379,28689038.0,196136140800.0,34.434,90.142,36.306,160.881,,,50.683,51.497,,23.865
219.453,29326256.0,202554130432.0,35.515,92.125,36.432,164.072,,,54.529,55.381,29.375,24.848
229.963,29960106.0,214958407680.0,35.068,93.894,37.071,166.033,,,63.081,63.93,31.653,27.431
251.271,30603052.0,226482438144.0,44.094,99.942,37.636,181.673,,,68.743,69.598,33.68,27.358
251.092,31256726.0,235710464000.0,35.175,104.761,37.778,177.714,,,72.504,73.378,35.473,28.875
264.485,31923126.0,243368624128.0,40.753,107.604,36.059,184.416,,,79.194,80.069,37.021,29.943
252.481,32601396.0,253538205696.0,18.582,114.3,37.419,170.302,0.0,0.0,81.305,82.18,38.246,32.202
259.169,33272632.0,259479420928.0,23.369,114.373,38.583,176.324,0.0,0.0,81.986,82.844,40.124,31.634
268.506,33939044.0,270671757312.0,39.087,124.484,37.966,201.537,0.0,0.0,65.883,66.969,36.613,24.537
292.186,34614732.0,286074437632.0,40.982,128.175,39.417,208.574,0.0,0.0,82.371,83.613,41.691,28.191
316.39,35295460.0,300754567168.0,46.909,134.271,38.996,220.176,0.0,0.0,94.796,96.214,45.024,29.962
323.725,35970104.0,316298592256.0,41.977,144.16,41.472,227.61,0.0,0.0,94.592,96.115,47.483,29.22
336.599,36632576.0,322721906688.0,32.541,153.027,45.103,230.67,0.0,0.0,104.345,105.928,48.371,31.0
342.17,37291948.0,333737754624.0,38.541,152.274,56.74,247.554,0.0,0.0,93.073,94.615,49.906,27.201
346.521,37944416.0,335547990016.0,36.653,151.263,65.886,253.802,0.0,0.0,91.021,92.719,50.283,26.267
322.875,38585040.0,321381171200.0,29.272,135.582,56.909,221.763,0.0,0.0,99.652,101.111,47.775,30.864
314.184,39215136.0,330667819008.0,31.438,132.678,57.358,221.474,0.005,0.0,91.122,92.711,42.19,29.003
316.865,39837876.0,336149970944.0,30.958,131.995,59.39,222.343,0.008,0.0,92.93,94.521,42.47,29.328
316.936,40454056.0,344483168256.0,25.461,130.76,59.987,216.208,0.014,0.0,99.147,100.728,44.08,31.283
322.863,41057688.0,357898059776.0,28.225,130.624,57.5,216.349,0.019,0.0,104.916,106.515,45.6,32.495
339.531,41648272.0,376905891840.0,24.699,141.366,61.348,227.413,0.023,0.15,110.454,112.117,48.78,32.531
334.302,42220944.0,394523869184.0,15.562,140.033,64.463,220.059,0.027,0.142,112.306,114.242,49.35,33.594
385.987,42772912.0,420866916352.0,44.33,149.525,67.647,261.502,0.0,0.179,121.094,124.484,52.73,31.373
392.271,43306592.0,449786937344.0,39.032,153.089,71.616,263.738,0.0,0.141,125.1,128.533,54.2,31.891
408.48,43815316.0,465645797376.0,51.642,150.896,72.751,275.289,0.0,0.152,129.715,133.191,54.96,31.755
403.782,44313916.0,473234341888.0,47.501,151.373,83.793,282.667,0.0,0.161,114.047,121.115,55.85,28.245
424.601,44816104.0,491900633088.0,55.907,159.78,87.451,303.138,0.0,0.107,112.57,121.463,56.62,26.512
443.797,45308896.0,524200738816.0,45.266,168.507,85.15,298.923,0.0,0.114,133.595,144.874,58.92,30.103
471.933,45782420.0,545385086976.0,54.56,180.108,94.659,329.327,0.0,0.15,130.466,142.606,60.54,27.645
485.04,46237928.0,571946893312.0,58.69,188.608,104.773,352.07,0.0,0.157,120.907,132.969,72.19,24.927
510.586,46677944.0,597109833728.0,62.167,199.766,113.841,375.773,0.0,0.19,121.21,134.813,69.05,23.739
483.403,47119728.0,615339524096.0,57.78,179.192,112.117,349.089,0.0,0.184,120.327,134.314,76.22,24.892
544.617,47625960.0,627381370880.0,63.547,220.749,120.685,404.981,0.0,0.136,125.253,139.637,74.56,22.998
549.702,48351668.0,635907473408.0,48.428,216.454,118.305,383.187,0.013,0.008,152.566,166.515,77.46,27.754
558.419,49276968.0,651900551168.0,45.463,219.654,127.299,392.416,0.032,0.115,149.884,166.003,79.19,26.841
563.192,50187404.0,,53.642,219.412,128.708,401.762,0.348,0.167,143.494,161.43,78.15,25.479
512.586,50930656.0,,47.48,185.176,131.227,363.883,0.501,0.027,130.887,148.703,77.14,25.535
574.299,51516560.0,,31.459,238.474,126.266,396.199,0.845,0.158,158.3,178.1,80.91,27.564
609.344,51874028.0,,28.493,266.994,125.85,421.337,1.31,0.195,167.736,188.007,84.52,27.527
0.192,328336.0,362100000.0,,,,,,,,,,
0.191,337991.0,376188000.0,,,,,,,,,,
0.191,347063.0,400144000.0,,,,,,,,,,
0.191,356152.0,419384992.0,,,,,,,,,,
0.192,365671.0,436832000.0,,,,,,,,,,
0.191,375661.0,445046016.0,,,,,,,,,,
0.107,386072.0,453544000.0,,,,,,,,,,
0.225,396895.0,460748992.0,,,,,,,,,,
0.226,408068.0,473472000.0,,,,,,,,,,
0.225,419591.0,466468000.0,,,,,,,,,,
0.267,431128.0,469560000.0,,,,,,,,,,
0.257,442286.0,484441600.0,,,,,,,,,,
0.258,452997.0,534666848.0,,,,,,,,,,
0.257,463325.0,558102848.0,,,,,,,,,,
0.257,473485.0,536542944.0,,,,,,,,,,
0.257,483767.0,563630464.0,,,,,,,,,,
0.258,494289.0,563951168.0,,,,,,,,,,
0.257,505041.0,595856768.0,,,,,,,,,,
0.313,515974.0,611159232.0,,,,,,,,,,
0.313,526450.0,631495296.0,,,,,,,,,,
0.438,536762.0,656399296.0,,,,,,,,,0.02,
0.458,547757.0,680582080.0,,,,,,,,,0.03,
0.46,559053.0,705937280.0,,,,,,,,,0.03,
0.588,570142.0,731630272.0,,,,,,,,,0.03,
0.646,581161.0,755848576.0,,,,,,,,,0.04,
0.621,592691.0,788522816.0,,,,,,,,,0.04,
0.722,604664.0,888321664.0,,,,,,,,,0.04,
0.477,616901.0,908328192.0,,,,,,,,,0.04,
0.486,629476.0,956653440.0,,,,,,,,,0.04,
0.593,642498.0,1004144768.0,,,,,,,,,0.04,
0.705,656032.0,1011389056.0,,,,,,,,,0.04,
0.633,670081.0,1067838016.0,,,,,,,,,0.05,
0.658,684564.0,1112132992.0,,,,,,,,,0.05,
0.785,699397.0,1217488000.0,,,,,,,,,0.05,
0.701,714617.0,1263249024.0,,,,,,,,,0.05,
0.757,730221.0,1324576000.0,,,,,,,,,0.05,
0.887,746239.0,1353090048.0,,,,,,,,,0.05,
1.137,761672.0,1384111232.0,,,,,,,,,0.09,
1.237,776322.0,1416032128.0,,,,,,,,,0.09,
1.333,790993.0,,,,,,,,,,0.1,
1.272,806168.0,,,,,,,,,,0.13,
1.342,821632.0,,,,,,,,,,0.14,
,607115.0,,,,,,,,,,,
,602542.0,,,,,,,,,,,
,597397.0,,,,,,,,,,,
,591689.0,,,,,,,,,,,
,586035.0,,,,,,,,,,,
,580436.0,,,,,,,,,,,
,574889.0,,,,,,,,,,,
,569396.0,,,,,,,,,,,
,563954.0,,,,,,,,,,,
,559008.0,,,,,,,,,,,
,554548.0,,,,,,,,,,,
,550569.0,,,,,,,,,,,
,547063.0,,,,,,,,,,,
,544024.0,,,,,,,,,,,
,541001.0,,,,,,,,,,,
,537996.0,,,,,,,,,,,
,535007.0,,,,,,,,,,,
,532034.0,,,,,,,,,,,
,528842.0,,,,,,,,,,,
,527863.0,,,,,,,,,,,
,529118.0,,,,,,,,,,,
,532626.0,,,,,,,,,,,
,538408.0,,,,,,,,,,,
,546484.0,,,,,,,,,,,
,554681.0,,,,,,,,,,,
,563001.0,,,,,,,,,,,
,571446.0,,,,,,,,,,,
,580018.0,,,,,,,,,,,
,588718.0,,,,,,,,,,,
,597428.0,,,,,,,,,,,
,606145.0,,,,,,,,,,,
,614868.0,,,,,,,,,,,
,623596.0,,,,,,,,,,,
,632326.0,,,,,,,,,,,
,641179.0,,,,,,,,,,,
,650155.0,,,,,,,,,,,
,659258.0,,,,,,,,,,,
,668487.0,,,,,,,,,,,
,677846.0,,,,,,,,,,,
,687893.0,,,,,,,,,,,
,698649.0,,,,,,,,,,,
,710132.0,,,,,,,,,,,
,722365.0,,,,,,,,,,,
,735368.0,,,,,,,,,,,
,748604.0,,,,,,,,,,,
,762079.0,,,,,,,,,,,
,775797.0,,,,,,,,,,,
,789761.0,,,,,,,,,,,
,803977.0,,,,,,,,,,,
,819090.0,,,,,,,,,,,
,835136.0,1398939392.0,,,,,,,,,,
,853259.0,1450224896.0,,,,,,,,,,
,872091.0,1502887808.0,,,,,,,,,,
,891714.0,1557881728.0,,,,,,,,,,
,912138.0,1615341440.0,,,,,,,,,,
,933422.0,1675407872.0,,,,,,,,,,
,955727.0,1736390528.0,,,,,,,,,,
,979068.0,1800036608.0,,,,,,,,,,
,1003503.0,1868409088.0,,,,,,,,,,
,1029056.0,1938843904.0,,,,,,,,,,
,1055696.0,2003425792.0,,,,,,,,,,
,1083432.0,2069710208.0,,,,,,,,,,
,1112347.0,2136717056.0,,,,,,,,,,
,1142606.0,2207655680.0,,,,,,,,,,
,1174274.0,2281648384.0,,,,,,,,,,
,1207417.0,2358845696.0,,,,,,,,,,
,1242124.0,2483153408.0,,,,,,,,,,
,1278323.0,2614348288.0,,,,,,,,,,
,1316130.0,2751623936.0,,,,,,,,,,
,1355712.0,2896268544.0,,,,,,,,,,
,1396991.0,3048689664.0,,,,,,,,,,
,1440168.0,3324551424.0,,,,,,,,,,
,1485280.0,3461062656.0,,,,,,,,,,
,1532076.0,4060542208.0,,,,,,,,,,
,1580286.0,4028233984.0,,,,,,,,,,
,1624940.0,3990269184.0,,,,,,,,,,
,1665421.0,4175549184.0,,,,,,,,,,
,1706186.0,3868349696.0,,,,,,,,,,
,1747211.0,4102596352.0,,,,,,,,,,
,1788229.0,4566231040.0,,,,,,,,,,
3.329,1829262.0,5148435456.0,,,,,,,,,,
3.983,1870545.0,6248568320.0,,,,,,,,,,
3.633,1911638.0,7730808832.0,,,,,,,,,,
3.289,1951854.0,8179162112.0,,,,,,,,,,
3.371,2001746.0,8786887680.0,,,,,,,,,,
4.873,2062565.0,8706874368.0,,,,,,,,,,
4.475,2124873.0,8124672000.0,,,,,,,,,,
5.418,2188660.0,8162838016.0,,,,,,,,,,
4.384,2253337.0,8324278272.0,,,,,,,,,,
5.079,2319181.0,8492042752.0,,,,,,,,,,
5.644,2385433.0,8597208064.0,,,,,,,,,,
5.163,2452681.0,9009690624.0,,,,,,,,,,
4.939,2520964.0,9460320256.0,,,,,,,,,,
4.45,2594181.0,9584776192.0,,,,,,,,,,
4.22,2669220.0,9269115904.0,,,,,,,,,,
4.314,2742316.0,9864780800.0,,,,,,,,,,
4.586,2816600.0,10738714624.0,,,,,,,,,,
4.474,2875047.0,10724889600.0,,,,,,,,,,
4.168,2937169.0,11368402944.0,,,,,,,,,,
3.488,3016661.0,11329485824.0,,,,,,,,,,
3.847,3134034.0,12472091648.0,,,,,,,,,0.29,
4.722,3254105.0,13249297408.0,,,,,,,,,0.33,
4.37,3331170.0,14180940800.0,,,,,,,,,0.39,
4.997,3424664.0,14627809280.0,,,,,,,,,0.4,
5.301,3543018.0,15504126976.0,,,,,,,,,0.39,
7.166,3672845.0,17078566912.0,,,,,,,,,0.42,
8.545,3813325.0,18567819264.0,,,,,,,,,0.44,
10.515,3956337.0,18699022336.0,,,,,,,,,0.4,
11.968,4089607.0,20269996032.0,,,,,,,,,0.48,
14.525,4257234.0,22298685440.0,,,,,,,,,0.52,
19.793,4437883.0,24809039872.0,,,,,,,,,0.76,
23.777,4584223.0,26249132032.0,,,,,,,,,1.24,
24.389,4713260.0,27252115456.0,,,,,,,,,1.64,
30.832,4828073.0,28145424384.0,,,,,,,,,1.65,
29.332,4944865.0,30068551680.0,,,,,,,,,1.68,
29.581,5064390.0,30428346368.0,,,,,,,,,2.67,
28.268,5186830.0,29575751680.0,,,,,,,,,2.83,
21.171,5312347.0,29051668480.0,,,,,,,,,2.85,
19.617,5441061.0,29513590784.0,,,,,,,,,2.97,
16.009,5570736.0,,,,,,,,,,3.66,
13.569,5702183.0,,,,,,,,,,3.83,
13.703,5835814.0,,,,,,,,,,4.02,
,5970430.0,,,,,,,,,,,
0.123,17675.0,,,,,,,,,,,
0.245,17582.0,,,,,,,,,,,
0.245,17425.0,,,,,,,,,,,
0.245,17204.0,,,,,,,,,,,
0.245,16940.0,,,,,,,,,,,
0.245,16677.0,,,,,,,,,,,
0.184,16518.0,,,,,,,,,,,
0.184,16577.0,,,,,,,,,,,
0.184,16756.0,,,,,,,,,,,
0.184,16942.0,,,,,,,,,,,
0.184,17147.0,,,,,,,,,,,
0.126,17333.0,,,,,,,,,,,
0.184,17481.0,,,,,,,,,,,
0.184,17583.0,,,,,,,,,,,
0.184,17682.0,,,,,,,,,,,
0.184,17758.0,,,,,,,,,,,
0.184,17823.0,,,,,,,,,,,
0.184,17606.0,,,,,,,,,,,
0.184,17092.0,,,,,,,,,,,
0.184,16523.0,,,,,,,,,,,
0.274,15920.0,,,,,,,,,,0.02,
0.261,15320.0,,,,,,,,,,0.02,
0.142,15049.0,,,,,,,,,,0.03,
0.131,15100.0,,,,,,,,,,0.03,
0.221,15135.0,,,,,,,,,,0.03,
0.354,15168.0,,,,,,,,,,0.03,
0.378,15225.0,,,,,,,,,,0.03,
0.319,15533.0,,,,,,,,,,0.03,
0.327,16091.0,,,,,,,,,,0.03,
0.302,16658.0,,,,,,,,,,0.03,
0.358,17237.0,,,,,,,,,,0.03,
0.402,17795.0,,,,,,,,,,0.03,
0.426,18029.0,,,,,,,,,,0.03,
0.426,17940.0,,,,,,,,,,0.03,
0.451,17842.0,,,,,,,,,,0.03,
0.422,17720.0,,,,,,,,,,0.03,
0.44,17572.0,,,,,,,,,,0.03,
0.474,17417.0,,,,,,,,,,0.04,
0.5,17276.0,,,,,,,,,,0.05,
0.501,17133.0,,,,,,,,,,0.04,
0.471,17050.0,,,,,,,,,,0.04,
0.493,17028.0,,,,,,,,,,0.05,
16.158,2414306.0,17997543424.0,,,,,,,,,,
16.671,2481345.0,17587703808.0,,,,,,,,,,
16.265,2550786.0,16366901248.0,,,,,,,,,,
17.907,2622540.0,16819422208.0,,,,,,,,,,
17.223,2696205.0,18139500544.0,,,,,,,,,,
17.493,2771467.0,18289864704.0,,,,,,,,,,
17.073,2847855.0,19298686976.0,,,,,,,,,,
18.889,2924597.0,20217436160.0,,,,,,,,,,
20.433,3001463.0,20903190528.0,,,,,,,,,,
22.237,3079008.0,22103439360.0,,,,,,,,,,
21.781,3158257.0,22906634240.0,,,,,,,,,,
23.249,3239419.0,23389726720.0,,,,,,,,,,
27.458,3321943.0,25502582784.0,,,,,,,,,,
29.872,3405376.0,27271077888.0,,,,,,,,,,
30.262,3489158.0,28453398528.0,,,,,,,,,,
30.763,3572855.0,29581651968.0,,,,,,,,,,
31.054,3656235.0,29906411520.0,,,,,,,,,,
34.869,3739425.0,31522734080.0,,,,,,,,,,
35.772,3821428.0,33667012608.0,,,,,,,,,,
41.079,3901431.0,34945409024.0,,,,,,,,,,
42.575,3979189.0,36231462912.0,,,,,,,,,6.85,
43.342,4053223.0,37440827392.0,,,,,,,,,6.89,
45.12,4122628.0,38616899584.0,,,,,,,,,7.42,
46.038,4188609.0,40200847360.0,,,,,,,,,7.29,
47.469,4252803.0,41880821760.0,,,,,,,,,7.97,
49.338,4315894.0,43440771072.0,,,,,,,,,8.15,
51.487,4378170.0,46517063680.0,,,,,,,,,8.58,
54.407,4440023.0,50239516672.0,,,,,,,,,8.93,
55.11,4501921.0,52501716992.0,,,,,,,,,9.36,
53.607,4563131.0,51914768384.0,,,,,,,,,9.22,
54.481,4622250.0,54407368704.0,,,,,,,,,9.47,
54.77,4679927.0,56666828800.0,,,,,,,,,9.7,
55.292,4736593.0,59384729600.0,,,,,,,,,10.05,
55.67,4791541.0,60731088896.0,,,,,,,,,10.11,
56.809,4844293.0,62954872832.0,,,,,,,,,10.11,
59.283,4895241.0,65928048640.0,,,,,,,,,10.76,
60.836,4945205.0,68781793280.0,,,,,,,,,10.85,
63.171,4993849.0,71436771328.0,,,,,,,,,11.27,
64.535,5040738.0,73336987648.0,,,,,,,,,11.44,
66.162,5084527.0,,,,,,,,,,11.43,
58.846,5123107.0,,,,,,,,,,11.74,
61.629,5153959.0,,,,,,,,,,12.71,
,5180836.0,,,,,,,,,,12.63,
,1505099.0,,,,,,,,,,,
,1514625.0,,,,,,,,,,,
,1523307.0,,,,,,,,,,,
,1531131.0,,,,,,,,,,,
,1538993.0,,,,,,,,,,,
,1546894.0,,,,,,,,,,,
,1554833.0,,,,,,,,,,,
,1562811.0,,,,,,,,,,,
,1570828.0,,,,,,,,,,,
,1579518.0,,,,,,,,,,,
,1588890.0,,,,,,,,,,,
,1598952.0,,,,,,,,,,,
,1609714.0,,,,,,,,,,,
,1621185.0,,,,,,,,,,,
,1632735.0,,,,,,,,,,,
,1644365.0,,,,,,,,,,,
,1656077.0,,,,,,,,,,,
,1667869.0,,,,,,,,,,,
,1677876.0,,,,,,,,,,,
,1691000.0,,,,,,,,,,,
,1707305.0,,,,,,,,,,,
,1726856.0,,,,,,,,,,,
,1749721.0,,,,,,,,,,,
,1775966.0,,,,,,,,,,,
,1802606.0,,,,,,,,,,,
,1829645.0,,,,,,,,,,,
,1857089.0,,,,,,,,,,,
,1884946.0,,,,,,,,,,,
,1913220.0,,,,,,,,,,,
,1941524.0,,,,,,,,,,,
,1969853.0,,,,,,,,,,,
,1998202.0,,,,,,,,,,,
,2026565.0,,,,,,,,,,,
,2054937.0,,,,,,,,,,,
,2083706.0,,,,,,,,,,,
,2112878.0,,,,,,,,,,,
,2142458.0,,,,,,,,,,,
,2172453.0,,,,,,,,,,,
,2202867.0,,,,,,,,,,,
,2235519.0,,,,,,,,,,,
,2270472.0,,,,,,,,,,,
,2307792.0,,,,,,,,,,,
,2347546.0,,,,,,,,,,,
,2389801.0,,,,,,,,,,,
,2432818.0,,,,,,,,,,,
,2476609.0,,,,,,,,,,,
,2521188.0,,,,,,,,,,,
,2566569.0,,,,,,,,,,,
,2612767.0,,,,,,,,,,,
,2669371.0,,,,,,,,,,,
,2736917.0,4745218048.0,,,,,,,,,,
,2814326.0,4919865856.0,,,,,,,,,,
,2893690.0,5102610432.0,,,,,,,,,,
,2976276.0,5287693824.0,,,,,,,,,,
,3062946.0,5481269248.0,,,,,,,,,,
,3154287.0,5683028992.0,,,,,,,,,,
,3251080.0,5894115328.0,,,,,,,,,,
,3353895.0,6111600128.0,,,,,,,,,,
,3463233.0,6339347456.0,,,,,,,,,,
,3580599.0,6572869120.0,,,,,,,,,,
,3708671.0,7159306240.0,,,,,,,,,,
,3848343.0,7832816128.0,,,,,,,,,,
,3998295.0,8177584640.0,,,,,,,,,,
,4156459.0,9515745280.0,,,,,,,,,,
,4321374.0,11224263680.0,,,,,,,,,,
,4492892.0,10978052096.0,,,,,,,,,,
,4671204.0,11842560000.0,,,,,,,,,,
,4856686.0,12018790400.0,,,,,,,,,,
,5050117.0,13895568384.0,,,,,,,,,,
,5255150.0,14503653376.0,,,,,,,,,,
,5477085.0,16078717952.0,,,,,,,,,,
,5718872.0,16881039360.0,,,,,,,,,,
,5979988.0,17817495552.0,,,,,,,,,,
,6257381.0,19227564032.0,,,,,,,,,,
,6548928.0,19781459968.0,,,,,,,,,,
,6853986.0,19770904576.0,,,,,,,,,,
,7142694.0,22128316416.0,,,,,,,,,,
,7415901.0,23179390976.0,,,,,,,,,,
,7700819.0,25469898752.0,,,,,,,,,,
,7996373.0,25962590208.0,,,,,,,,,,
21.429,8303818.0,27953881088.0,,,,,,,,,,
23.81,8621617.0,28926660608.0,,,,,,,,,,
22.591,8948124.0,28992516096.0,,,,,,,,,,
21.812,9282053.0,27868327936.0,,,,,,,,,,
19.083,9621410.0,26931154944.0,,,,,,,,,,
22.637,9964075.0,28257155072.0,,,,,,,,,,
23.058,10309440.0,29115383808.0,,,,,,,,,,
25.313,10663504.0,28640501760.0,,,,,,,,,,
26.266,11043200.0,28134703104.0,,,,,,,,,,
26.348,11462955.0,27953506304.0,,,,,,,,,,
22.706,11910540.0,26018496512.0,,,,,,,,,,
19.198,12369273.0,26972065792.0,,,,,,,,,,
18.641,12838315.0,27466940416.0,,,,,,,,,,
20.957,13316449.0,28127549440.0,,,,,,,,,,
21.621,13802283.0,29026816000.0,,,,,,,,,,
23.59,14299727.0,31414493184.0,,,,,,,,,,
27.442,14810945.0,34617700352.0,,,,,,,,,,
28.011,15335461.0,37316419584.0,,,,,,,,,,
28.275,15858988.0,39915278336.0,,,,,,,,,,
36.547,16345895.0,41352077312.0,,,,,,,,,,
36.759,16799664.0,41297571840.0,,,,,,,,,4.6,
36.418,17245470.0,42194145280.0,,,,,,,,,4.68,
35.398,17683904.0,42379194368.0,,,,,,,,,5.06,
31.913,18116450.0,42761699328.0,,,,,,,,,4.87,
34.139,18544900.0,44320833536.0,,,,,,,,,5.17,
37.921,18970216.0,46182465536.0,,,,,,,,,5.31,
32.368,19394062.0,48080166912.0,,,,,,,,,5.29,
34.65,19817700.0,50213699584.0,,,,,,,,,5.27,
38.117,20244452.0,52843520000.0,,,,,,,,,5.44,
37.211,20677762.0,55909339136.0,,,,,,,,,5.56,
38.057,21120040.0,58372517888.0,,,,,,,,,5.62,
35.414,21562916.0,57054912512.0,,,,,,,,,5.77,
43.206,22010708.0,62949928960.0,,,,,,,,,6.62,
47.847,22469272.0,69149548544.0,,,,,,,,,7.2,
50.551,22995554.0,75601084416.0,,,,,,,,,7.82,
50.25,23596738.0,82779693056.0,,,,,,,,,8.16,
57.063,24213620.0,89471442944.0,,,,,,,,,8.94,
56.87,24848024.0,96056541184.0,,,,,,,,,10.08,
57.004,25493990.0,102581665792.0,,,,,,,,,9.55,
61.711,26147544.0,,,,,,,,,,10.02,
61.194,26811792.0,,,,,,,,,,10.57,
65.14,27478250.0,,,,,,,,,,10.98,
100.82,4873705.0,58374078464.0,9.403,54.276,25.523,89.202,0.0,0.0,11.583,11.618,8.86,11.489
83.79,4844526.0,45560401920.0,5.287,38.496,23.636,67.419,0.0,0.0,16.338,16.37,8.59,19.499
80.523,4798318.0,40296484864.0,4.647,38.496,24.5,67.644,0.0,0.0,12.86,12.879,8.9,15.971
84.006,4792409.0,37941878784.0,3.95,40.674,25.868,70.492,0.0,0.0,13.454,13.514,9.57,16.015
84.863,4819431.0,41058422784.0,2.472,41.962,24.339,68.773,0.0,0.0,16.071,16.09,8.77,18.937
87.85,4807100.0,44384567296.0,2.032,46.489,22.495,71.017,0.0,0.0,16.804,16.833,9.27,19.128
94.241,4758624.0,47434641408.0,1.664,44.091,25.207,70.962,0.0,0.0,23.25,23.279,11.17,24.671
93.359,4711373.0,51344322560.0,2.829,47.088,26.13,76.047,0.0,0.0,17.308,17.312,10.23,18.54
98.731,4659937.0,53359112192.0,2.705,53.075,25.118,80.897,0.0,0.0,17.805,17.834,11.45,18.034
102.114,4605329.0,53571235840.0,2.399,52.553,25.467,80.419,0.0,0.0,21.666,21.695,12.98,21.218
96.55,4548438.0,54951510016.0,5.021,46.749,25.695,77.465,0.0,0.0,19.081,19.084,11.26,19.763
101.516,4506760.0,56076091392.0,5.589,47.907,26.925,80.421,0.0,0.0,21.094,21.094,12.77,20.779
101.622,4482874.0,59660337152.0,6.794,50.182,27.567,84.543,0.0,0.0,17.079,17.079,12.71,16.807
106.32,4461141.0,63955259392.0,7.556,55.534,27.402,90.491,0.0,0.0,15.828,15.828,13.19,14.887
110.541,4443351.0,67606573056.0,8.024,52.103,28.418,88.545,0.0,0.006,21.977,21.996,13.89,19.881
109.285,4429687.0,71536394240.0,7.951,53.633,27.482,89.066,0.0,0.029,20.146,20.219,13.06,18.434
107.95,4417562.0,76142043136.0,7.381,54.472,27.179,89.033,0.0,0.054,18.828,18.917,12.92,17.441
108.455,4405542.0,81332862976.0,8.014,55.77,31.23,95.014,0.0,0.099,13.289,13.441,12.54,12.253
107.864,4393666.0,84280721408.0,8.247,52.885,30.27,91.402,0.0,0.112,16.242,16.463,12.78,15.058
106.489,4382142.0,79251070976.0,5.893,51.65,27.95,85.493,0.0,0.151,20.69,20.996,13.35,19.429
108.264,4368680.0,79107170304.0,7.94,43.888,30.614,82.442,0.0,0.386,25.33,25.822,14.79,23.397
94.448,4351838.0,80079052800.0,8.173,41.735,29.892,79.799,0.0,0.554,13.881,14.649,11.23,14.697
87.595,4331592.0,78321270784.0,7.329,37.4,28.066,72.795,0.007,0.901,13.262,14.799,10.59,15.141
96.073,4308854.0,77479518208.0,7.852,35.978,26.538,70.368,0.031,1.41,23.498,25.705,13.95,24.458
96.009,4283968.0,77088243712.0,7.521,37.663,23.486,68.669,0.095,1.978,24.398,27.339,13.44,25.413
91.02,4254821.0,78221434880.0,7.044,39.127,24.212,70.384,0.154,2.144,17.21,20.636,11.25,18.908
94.731,4223748.0,80230187008.0,7.571,39.293,25.244,72.108,0.175,2.715,18.343,22.623,12.62,19.364
94.783,4192468.0,82748776448.0,4.563,42.002,28.997,75.561,0.209,3.204,14.125,19.222,11.79,14.902
98.16,4160488.0,84978688000.0,4.248,40.695,26.658,71.602,0.198,3.533,20.374,26.558,13.55,20.756
95.813,4129749.0,,4.9,39.724,27.981,72.605,0.219,3.868,15.357,23.208,12.66,16.029
91.378,4096872.0,,4.201,34.047,29.368,67.616,0.251,4.519,14.871,23.763,13.24,16.274
98.312,4060139.0,,4.83,35.995,28.252,69.077,0.39,5.395,18.651,29.235,15.12,18.971
94.585,4030361.0,,4.783,39.967,24.37,69.12,0.421,5.994,14.132,25.465,14.12,14.942
,1719649.0,,,,,,,,,,,
,1752299.0,,,,,,,,,,,
,1795364.0,2982000128.0,,,,,,,,,,
,1849179.0,3229445888.0,,,,,,,,,,
,1904606.0,3399110912.0,,,,,,,,,,
,1961695.0,3636249088.0,,,,,,,,,,
,2020494.0,3785827072.0,,,,,,,,,,
,2081056.0,4208346112.0,,,,,,,,,,
,2143432.0,3840911872.0,,,,,,,,,,
,2208104.0,4456626176.0,,,,,,,,,,
,2275154.0,4591111168.0,,,,,,,,,,
,2344667.0,4315569152.0,,,,,,,,,,
,2416730.0,4574519808.0,,,,,,,,,,
,2491434.0,5153719808.0,,,,,,,,,,
,2568448.0,5447711232.0,,,,,,,,,,
,2647842.0,5547409920.0,,,,,,,,,,
,2729689.0,5991335936.0,,,,,,,,,,
,2814066.0,6247150080.0,,,,,,,,,,
,2899928.0,6510055936.0,,,,,,,,,,
,2985028.0,6924736000.0,,,,,,,,,,
,3069258.0,7126865920.0,,,,,,,,,,
,3152504.0,7097065984.0,,,,,,,,,,
,3234648.0,7211749888.0,,,,,,,,,,
,3315565.0,7324993024.0,,,,,,,,,,
,3398506.0,7783815168.0,,,,,,,,,,
,3483522.0,8785920000.0,,,,,,,,,,
,3570664.0,8554689024.0,,,,,,,,,,
,3659987.0,8672430080.0,,,,,,,,,,
,3751544.0,8401574912.0,,,,,,,,,,
,3839507.0,9381193728.0,,,,,,,,,,
,3923683.0,9124385792.0,,,,,,,,,,
,4003873.0,6873780224.0,,,,,,,,,,
,4079868.0,6489935872.0,,,,,,,,,,
,4151457.0,6297059840.0,,,,,,,,,,
,4224302.0,6950159872.0,,,,,,,,,,
,4298425.0,7635788800.0,,,,,,,,,,
,4373849.0,8204856832.0,,,,,,,,,,
,4450596.0,8896994304.0,,,,,,,,,,
,4528690.0,9161532416.0,,,,,,,,,,
,4614150.0,9182873600.0,,,,,,,,,,
,4707248.0,9447054336.0,,,,,,,,,,
,4808265.0,10187729920.0,,,,,,,,,,
,4917491.0,10339391488.0,,,,,,,,,,
,5035224.0,9887751168.0,,,,,,,,,,
,5155776.0,11031475200.0,,,,,,,,,,
,5279214.0,11220299776.0,,,,,,,,,,
,5405607.0,12118795264.0,,,,,,,,,,
,5535026.0,13189120000.0,,,,,,,,,,
,5667544.0,13206876160.0,,,,,,,,,,
,5798132.0,13368051712.0,,,,,,,,,,
,5926656.0,15260829696.0,,,,,,,,,,
,6047906.0,15696287744.0,,,,,,,,,,
,6170597.0,17086751744.0,,,,,,,,,,
,6296741.0,16002819072.0,,,,,,,,,,
,6426524.0,16329194496.0,,,,,,,,,,
,6559586.0,16833078272.0,,,,,,,,,,
,6695382.0,17845620736.0,,,,,,,,,,
,6833754.0,19405002752.0,,,,,,,,,,
,6974869.0,19761485824.0,,,,,,,,,,
,7119352.0,20744404992.0,,,,,,,,,,
,7267396.0,21038837760.0,,,,,,,,,,
,7418523.0,21887111168.0,,,,,,,,,,
,7574268.0,21573396480.0,,,,,,,,,,
,7736355.0,21933570048.0,,,,,,,,,,
,7902291.0,24038696960.0,,,,,,,,,,
,8067660.0,24117280768.0,,,,,,,,,,
,8230454.0,25432225792.0,,,,,,,,,,
,8390964.0,28396969984.0,,,,,,,,,,
,8550289.0,26749036544.0,,,,,,,,,,
,8709654.0,26416676864.0,,,,,,,,,,
,8869642.0,25423968256.0,,,,,,,,,,
,9025715.0,27402708992.0,,,,,,,,,,
,9169294.0,28723990528.0,,,,,,,,,,
,9297927.0,31374000128.0,,,,,,,,,,
,9413106.0,33025959936.0,,,,,,,,,,
,9514307.0,34668371968.0,,,,,,,,,,
,9600861.0,35656548352.0,,,,,,,,,,
,9672548.0,37306540032.0,,,,,,,,,,
,9729986.0,39617818624.0,,,,,,,,,,
,9774711.0,40596013056.0,,,,,,,,,,
133.394,9809115.0,39614689280.0,,,,,,,,,,
135.572,9848561.0,42900520960.0,,,,,,,,,,
146.746,9908882.0,43936702464.0,,,,,,,,,,
135.08,9984591.0,46518333440.0,,,,,,,,,,
139.965,10065537.0,50424131584.0,,,,,,,,,,
142.309,10149048.0,51630080000.0,,,,,,,,,,
146.047,10235476.0,51678724096.0,,,,,,,,,,
143.856,10326905.0,50233470976.0,,,,,,,,,,
145.933,10425438.0,51847708672.0,,,,,,,,,,
148.813,10527187.0,52350599168.0,,,,,,,,,,
145.703,10626679.0,49943662592.0,,,,,,,,,,
135.581,10713809.0,42598297600.0,,,,,,,,,,
120.641,10783745.0,36651618304.0,,,,,,,,,,
117.904,10840934.0,28833505280.0,,,,,,,,,,
119.188,10887204.0,29226991616.0,,,,,,,,,,
121.513,10926708.0,31242330112.0,,,,,,,,,,
125.305,10963036.0,35625750528.0,,,,,,,,,,
137.901,10998130.0,37729136640.0,,,,,,,,,,
131.183,11033762.0,37789593600.0,,,,,,,,,,
113.502,11070093.0,40250896384.0,,,,,,,,,,
109.77,11105799.0,44692111360.0,,,,,,,,,14.19,
101.09,11139130.0,47301967872.0,,,,,,,,,14.44,
102.3,11170054.0,48976941056.0,,,,,,,,,14.81,
103.838,11199215.0,50659545088.0,,,,,,,,,14.92,
105.136,11225296.0,51357048832.0,,,,,,,,,14.75,
103.455,11246113.0,53114044416.0,,,,,,,,,14.45,
100.836,11260636.0,61018247168.0,,,,,,,,,15.5,
101.842,11269890.0,63463485440.0,,,,,,,,,16.6,
116.499,11276607.0,67603095552.0,,,,,,,,,16.67,
117.373,11283184.0,70355910656.0,,,,,,,,,16.71,
133.373,11290420.0,74083581952.0,,,,,,,,,16.39,
119.801,11298713.0,78036992000.0,,,,,,,,,16.73,
130.39,11309292.0,80388153344.0,,,,,,,,,17.37,
125.375,11321583.0,83013746688.0,,,,,,,,,18.17,
127.568,11332030.0,85723463680.0,,,,,,,,,18.32,
127.914,11339888.0,88467243008.0,,,,,,,,,19.22,
99.813,11342012.0,89440002048.0,,,,,,,,,19.38,
106.089,11336405.0,90759331840.0,,,,,,,,,19.39,
111.234,11328243.0,92551012352.0,,,,,,,,,19.64,
108.711,11316699.0,,,,,,,,,,19.53,
101.787,11300695.0,,,,,,,,,,18.6,
103.891,11256373.0,,,,,,,,,,19.75,
4.68,617353.0,2850609920.0,,4.68,,,,,0.0,0.0,,
5.339,622575.0,3024385024.0,,5.339,,,,,0.0,0.0,,
5.787,627698.0,3435760896.0,,5.787,,,,,0.0,0.0,,
6.427,632456.0,3593772032.0,,6.427,,,,,0.0,0.0,,
7.59,636830.0,3928192512.0,,7.59,,,,,0.0,0.0,,
8.005,640804.0,4050213888.0,,8.005,,,,,0.0,0.0,,
9.549,644416.0,4575363584.0,,9.549,,,,,0.0,0.0,,
10.737,647632.0,4890776576.0,,10.737,,,,,0.0,0.0,,
11.519,650706.0,5016050688.0,,11.519,,,,,0.0,0.0,,
10.213,648594.0,4166472192.0,,10.213,,,,,0.0,0.0,,
8.53,644990.0,3374843904.0,,8.53,,,,,0.0,0.0,,
8.673,648876.0,3981887232.0,,8.673,,,,,0.0,0.0,,
9.797,656421.0,4610073600.0,,9.797,,,,,0.0,0.0,,
10.044,663977.0,4962457088.0,,10.044,,,,,0.0,0.0,,
10.193,671622.0,5452556288.0,,10.193,,,,,0.0,0.0,,
10.279,679336.0,5774560768.0,,10.279,,,,,0.0,0.0,,
9.856,687179.0,5950994944.0,,9.856,,,,,0.0,0.0,,
11.814,696237.0,6324783104.0,,11.814,,,,,0.0,0.0,,
12.431,707484.0,6661699072.0,,12.431,,,,,0.0,0.0,,
12.612,719687.0,7250066944.0,,12.612,,,,,0.0,0.0,,
13.565,731670.0,7589592576.0,1.082,12.484,,,,,0.0,0.0,1.319,
14.143,743451.0,7878649856.0,0.663,13.481,,,,,0.0,0.0,1.423,
17.281,755031.0,8435044864.0,1.407,15.874,,,,,0.0,0.0,1.501,
17.845,766417.0,9131655168.0,0.849,16.996,,,,,0.0,0.0,1.647,
18.312,777599.0,9870456832.0,0.756,17.556,,,,,0.0,0.0,1.831,
19.275,788501.0,10601790464.0,0.709,18.565,,,0.0,0.0,0.0,0.0,1.97,
19.512,799067.0,10779906048.0,0.523,18.989,,,0.0,0.0,0.0,0.0,2.08,
22.797,810435.0,11898679296.0,0.965,21.831,,,0.0,0.0,0.0,0.0,2.43,
23.69,825993.0,12093020160.0,0.814,22.876,,,0.0,0.0,0.0,0.0,2.59,
23.732,844452.0,12925316096.0,1.116,22.616,,,0.0,0.0,0.0,0.0,2.68,
25.231,862419.0,14339872768.0,1.244,23.986,,,0.0,0.0,0.0,0.0,2.5,
25.605,880064.0,14666458112.0,1.163,24.442,,,0.0,0.0,0.0,0.0,2.61,
25.852,897476.0,15182803968.0,0.884,24.968,,,0.0,0.0,0.0,0.0,2.73,
27.447,914667.0,16126405632.0,0.163,27.284,,,0.0,0.0,0.0,0.0,2.99,
28.881,931612.0,17062067200.0,0.279,28.602,,,0.0,0.0,0.0,0.0,3.14,
30.261,948238.0,18206158848.0,0.419,29.842,,,0.0,0.0,,,3.37,
30.61,964838.0,19037272064.0,0.616,29.993,,,0.0,0.0,,,3.55,
30.186,982202.0,19867287552.0,0.512,29.674,,,0.0,0.0,,,3.79,
32.088,1000355.0,20548239360.0,0.512,31.577,,,0.0,0.0,,,4.05,
31.228,1018688.0,21687285760.0,0.512,30.714,,,0.001,0.001,,,4.2,
34.993,1037070.0,22703857664.0,0.512,34.478,,,0.002,0.001,,,4.38,
34.412,1055445.0,23948568576.0,0.351,34.057,0.0,34.408,0.003,0.001,,,4.65,
34.987,1073875.0,25336385536.0,0.319,34.647,0.0,34.966,0.005,0.001,,,4.87,
35.855,1092402.0,26560141312.0,0.261,35.382,,,0.008,0.001,,,5.07,
35.004,1110979.0,26331576320.0,0.138,34.592,,,0.011,0.001,,,5.21,
34.056,1129693.0,26927026176.0,0.17,33.504,,,0.019,0.086,,,5.33,
33.725,1145090.0,27264894976.0,0.08,32.946,,,0.033,0.314,,,4.92,
31.605,1156556.0,26403463168.0,0.003,30.69,,,0.06,0.507,,,4.72,
28.278,1166972.0,24831176704.0,0.003,27.187,,,0.128,0.63,,,4.29,
28.294,1176997.0,24451190784.0,0.026,27.27,,,0.226,0.498,,,4.34,
29.184,1187286.0,24862126080.0,0.039,27.931,,,0.341,0.597,,,4.54,
31.737,1197889.0,25590757376.0,0.005,30.465,,,0.391,0.607,,,4.89,
32.596,1208527.0,26706794496.0,0.035,31.276,,,0.458,0.563,,,5.0,
32.462,1218834.0,27790155776.0,0.158,30.945,,,0.508,0.584,,,5.06,
32.493,1228840.0,,0.194,30.785,,,0.575,0.629,,,5.15,
28.281,1237540.0,,0.162,26.23,,,0.776,0.631,,,4.85,
29.842,1244193.0,,0.48,27.052,,,1.225,0.645,,,5.12,
31.738,1251492.0,,0.381,28.72,,,1.671,0.585,,,5.26,
468.778,9702728.0,,410.841,47.047,4.29,462.179,,,6.599,6.599,,1.408
472.285,9731810.0,,409.632,51.942,4.49,466.064,,,6.22,6.22,,1.317
464.94,9754254.0,,396.141,57.799,5.394,459.334,,,5.606,5.606,,1.206
484.892,9770101.0,,410.062,63.84,6.651,480.554,,,4.339,4.339,,0.895
505.533,9782559.0,,426.205,68.493,7.294,501.992,,,3.541,3.541,,0.701
526.872,9795750.0,85688639488.0,431.473,82.329,8.012,521.814,,,5.057,5.057,,0.96
553.701,9816554.0,90161725440.0,449.534,90.64,9.955,550.129,,,3.572,3.572,,0.645
556.845,9851274.0,94933131264.0,443.126,99.171,10.81,553.108,,,3.738,3.738,,0.671
560.165,9900301.0,99378511872.0,433.601,111.494,11.872,556.968,,,3.197,3.197,,0.571
566.171,9960863.0,104186945536.0,431.996,114.321,14.475,560.793,,,5.379,5.379,,0.95
589.3,10025718.0,110000275456.0,441.219,126.145,16.572,583.936,,,5.364,5.364,,0.91
605.729,10088047.0,114359902208.0,449.825,133.331,18.296,601.453,,,4.276,4.276,,0.706
625.648,10144498.0,118223716352.0,459.548,139.491,20.793,619.832,,,5.816,5.816,,0.93
634.403,10195871.0,123116437504.0,461.339,144.353,23.299,628.991,,,5.411,5.411,,0.853
641.109,10241207.0,124798623744.0,461.478,146.71,26.141,634.329,,,6.78,6.78,,1.058
620.836,10270060.0,126921728000.0,447.185,136.446,30.111,613.742,,,7.094,7.094,,1.143
616.225,10283841.0,126726004736.0,445.371,134.553,30.207,610.131,,,6.094,6.094,,0.989
609.005,10293692.0,124767551488.0,448.825,123.244,31.998,604.066,,,4.938,4.938,,0.811
609.977,10298165.0,126785028096.0,446.301,120.673,37.542,604.516,,,4.894,4.894,,0.802
630.302,10299713.0,129617870848.0,454.71,128.278,39.96,622.948,,,3.838,3.838,,0.609
631.51,10302326.0,132537131008.0,444.836,125.868,49.063,619.767,,,4.941,4.941,58.121,0.782
638.553,10302678.0,136190033920.0,442.824,120.888,51.846,615.558,,,5.547,5.547,60.606,0.869
653.255,10302081.0,139350917120.0,437.672,121.374,56.556,615.602,,,7.289,7.289,62.196,1.116
656.114,10304147.0,142237368320.0,442.801,116.662,56.916,616.379,,,6.207,6.207,64.334,0.946
636.0,10304498.0,144679288832.0,425.751,111.417,58.738,595.905,,,4.858,4.858,65.131,0.764
546.744,10301190.0,146168283136.0,345.944,100.626,61.031,507.601,0.0,0.0,3.433,3.433,62.27,0.628
497.639,10303359.0,130869280768.0,316.914,84.191,58.89,459.994,0.0,0.0,3.22,3.22,60.3,0.647
482.979,10310956.0,131887431680.0,295.923,80.681,67.451,444.054,0.0,0.0,4.146,4.166,59.05,0.858
478.929,10318915.0,133712371712.0,287.88,81.684,68.932,438.495,0.0,0.0,4.048,4.605,58.67,0.845
466.515,10321309.0,139362828288.0,272.467,84.473,67.33,424.269,0.0,0.0,4.317,5.423,58.4,0.925
486.214,10311702.0,149915926528.0,272.724,95.195,76.195,444.114,0.0,0.0,5.92,7.397,60.58,1.218
502.922,10295653.0,158347427840.0,272.119,99.645,87.687,459.45,0.0,0.0,5.822,7.01,63.83,1.158
482.32,10279042.0,159287115776.0,255.68,95.023,89.189,439.893,0.0,0.0,5.024,6.975,64.21,1.042
468.271,10263837.0,160811499520.0,237.002,98.085,89.38,424.468,0.0,0.0,4.128,6.41,64.62,0.882
448.987,10249145.0,165213880320.0,215.944,97.64,89.86,403.444,0.0,0.0,4.971,7.642,64.17,1.107
474.504,10234712.0,174508441600.0,246.717,94.429,87.227,428.373,0.0,0.0,5.198,7.569,72.9,1.096
485.272,10230273.0,182134898688.0,242.13,99.92,93.414,435.464,0.0,0.001,6.034,8.228,74.22,1.243
486.757,10238170.0,187506016256.0,237.631,96.751,90.272,424.654,0.0,0.005,7.274,9.619,76.0,1.494
514.55,10248039.0,196738662400.0,241.522,103.531,91.205,436.258,0.0,0.011,4.011,6.292,82.79,0.779
527.825,10261003.0,209118199808.0,241.888,114.085,90.573,446.547,0.0,0.029,5.819,8.484,83.79,1.102
519.632,10280122.0,225438384128.0,233.697,119.157,89.591,442.445,0.0,0.061,6.815,9.242,81.93,1.311
529.455,10304822.0,244024344576.0,241.975,117.51,88.313,447.798,0.0,0.14,7.257,10.539,83.66,1.371
523.705,10337831.0,260810031104.0,241.515,116.692,84.186,442.393,0.005,0.354,5.908,10.298,87.77,1.128
513.619,10378586.0,271304294400.0,229.05,117.232,83.428,429.71,0.036,0.688,5.688,12.314,83.28,1.108
492.811,10421515.0,261474025472.0,211.576,113.179,79.133,403.889,0.248,0.804,6.785,16.009,81.64,1.377
513.649,10464750.0,270895333376.0,218.381,106.873,93.849,419.103,1.709,0.931,7.742,20.001,85.24,1.507
501.976,10496379.0,279860772864.0,214.989,108.282,79.19,402.461,6.019,1.095,5.415,24.645,86.67,1.079
499.438,10511065.0,277620523008.0,206.149,106.936,79.737,392.822,5.891,1.14,5.838,26.829,86.61,1.169
490.221,10514547.0,276285980672.0,196.505,102.039,80.787,379.33,5.54,1.31,7.453,30.483,85.94,1.52
479.937,10517178.0,283780743168.0,190.436,107.977,71.898,370.31,5.763,1.291,5.174,30.792,85.01,1.078
470.716,10523801.0,296649588736.0,189.861,104.877,75.395,370.132,6.105,1.542,4.835,31.222,82.52,1.027
464.374,10527584.0,303850717184.0,191.266,98.473,81.6,371.338,5.713,1.33,5.358,31.115,82.01,1.154
490.581,10531315.0,317076144128.0,187.278,115.296,83.748,386.322,5.846,1.573,4.975,31.887,85.78,1.014
489.023,10534598.0,326100320256.0,186.013,116.114,79.828,381.955,6.194,1.612,4.306,31.103,86.86,0.881
477.903,10536876.0,,167.363,117.604,83.249,368.216,6.029,1.845,5.295,33.18,85.77,1.108
442.566,10530951.0,,145.435,102.484,84.624,332.543,5.875,1.836,5.631,34.309,80.15,1.272
466.523,10510748.0,,150.807,112.964,90.694,354.465,5.634,1.574,6.302,34.894,83.73,1.351
464.277,10493990.0,,163.592,114.839,73.764,352.195,5.985,1.672,5.457,34.471,85.11,1.175
,12140000.0,33463351296.0,,,,,,,,,,
,,,,,,,,,,,,
,,,,,,,,,,,,
,,,,,,,,,,,,
,,,,,,,,,,,,
,,,,,,,,,,,,
,,,,,,,,,,,,
,,,,,,,,,,,,
,,,,,,,,,,,,
,,,,,,,,,,,,
,12980000.0,41211215872.0,,,,,,,,,,
,,,,,,,,,,,,
,,,,,,,,,,,,
,13240000.0,44251545600.0,,,,,,,,,,
,,,,,,,,,,,,
,,,,,,,,,,,,
,,,,,,,,,,,,
,,,,,,,,,,,,
,,,,,,,,,,,,
,,,,,,,,,,,,
,12980000.0,39988297728.0,,,,,,,,,,
,13010000.0,43225583616.0,,,,,,,,,,
,13160000.0,42082480128.0,,,,,,,,,,
,13290000.0,45581697024.0,,,,,,,,,,
,13410000.0,50312163328.0,,,,,,,,,,
,13540000.0,56232697856.0,,,,,,,,,,
,13640000.0,56008617984.0,,,,,,,,,,
,13730000.0,60224737280.0,,,,,,,,,,
,13810000.0,65514213376.0,,,,,,,,,,
,13880000.0,67323514880.0,,,,,,,,,,
,13960000.0,65128095744.0,,,,,,,,,,
,14050000.0,62910803968.0,,,,,,,,,,
,14140000.0,60397535232.0,,,,,,,,,,
,14220000.0,57830686720.0,,,,,,,,,,
,14280000.0,55614107648.0,,,,,,,,,,
,14340000.0,55076098048.0,,,,,,,,,,
,14390000.0,59605340160.0,,,,,,,,,,
,14430000.0,66286825472.0,,,,,,,,,,
,14600000.0,,,,,,,,,,,
,14680000.0,,,,,,,,,,,
,14710000.0,,,,,,,,,,,
,14670000.0,,,,,,,,,,,
,14580000.0,,,,,,,,,,,
,14540000.0,,,,,,,,,,,
,14590000.0,,,,,,,,,,,
,14150000.0,,,,,,,,,,,
,12920000.0,,,,,,,,,,,
,12160000.0,,,,,,,,,,,
,12340000.0,60732559360.0,,,,,,,,,,
,12340000.0,64101105664.0,,,,,,,,,,
,12390000.0,69143011328.0,,,,,,,,,,
,12530000.0,70392242176.0,,,,,,,,,,
,12680000.0,72737005568.0,,,,,,,,,,
,12820000.0,72420179968.0,,,,,,,,,,
,12950000.0,75393589248.0,,,,,,,,,,
,13090000.0,81857437696.0,,,,,,,,,,
,13230000.0,86663176192.0,,,,,,,,,,
,13360000.0,91983192064.0,,,,,,,,,,
,13470000.0,99006955520.0,,,,,,,,,,
,13560000.0,103351738368.0,,,,,,,,,,
,13650000.0,111170871296.0,,,,,,,,,,
,13780000.0,115592028160.0,,,,,,,,,,
,13860000.0,117155528704.0,,,,,,,,,,
,13950000.0,114945466368.0,,,,,,,,,,
,14050000.0,120327274496.0,,,,,,,,,,
,14150000.0,124776538112.0,,,,,,,,,,
,14220000.0,130163826688.0,,,,,,,,,,
,14280000.0,135731437568.0,,,,,,,,,,
,14320000.0,142069841920.0,,,,,,,,,,
,14280000.0,144668344320.0,,,,,,,,,,
,14320000.0,147585925120.0,,,,,,,,,,
,14380000.0,152625545216.0,,,,,,,,,,
,14460000.0,158032986112.0,,,,,,,,,,
,14550000.0,163283419136.0,,,,,,,,,,
,14660000.0,169226616832.0,,,,,,,,,,
,14770000.0,174220967936.0,,,,,,,,,,
,14880000.0,177015406592.0,,,,,,,,,,
,14990000.0,185036554240.0,,,,,,,,,,
,15090000.0,187269578752.0,,,,,,,,,,
,15180000.0,188848898048.0,,,,,,,,,,
914.518,15250000.0,194089369600.0,,,,,,,,,,
908.412,15310000.0,193114947584.0,,,,,,,,,,
915.483,15350000.0,196874043392.0,,,,,,,,,,
922.066,15390000.0,199828570112.0,,,,,,,,,,
929.347,15420000.0,204508987392.0,,,,,,,,,,
937.927,15450000.0,206123335680.0,,,,,,,,,,
950.432,15480000.0,209922359296.0,,,,,,,,,,
976.287,15510000.0,210996133888.0,,,,,,,,,,
954.766,15540000.0,215684628480.0,,,,,,,,,,
950.135,15560000.0,217452576768.0,,,,,,,,,,
948.935,15570000.0,211312033792.0,,,,,,,,,,
857.819,15590000.0,186258931712.0,,,,,,,,,,
773.459,15620000.0,183412817920.0,,,,,,,,,,
,9451620.0,,,,,,,,,,,
,9376230.0,,,,,,,,,,,
,9292290.0,,,,,,,,,,,
,9199934.0,,,,,,,,,,,
,9108496.0,,,,,,,,,,,
,9017966.0,,,,,,,,,,,
,8928336.0,,,,,,,,,,,
,8839597.0,,,,,,,,,,,
,8751740.0,,,,,,,,,,,
,8671803.0,,,,,,,,,,,
,8599666.0,,,,,,,,,,,
,8535211.0,,,,,,,,,,,
,8478321.0,,,,,,,,,,,
,8428883.0,,,,,,,,,,,
,8379733.0,,,,,,,,,,,
,8330869.0,,,,,,,,,,,
,8282290.0,,,,,,,,,,,
,8233995.0,,,,,,,,,,,
,8185477.0,,,,,,,,,,,
,8168162.0,,,,,,,,,,,
,8182274.0,,,,,,,,,,,
,8228044.0,,,,,,,,,,,
,8305702.0,,,,,,,,,,,
,8415487.0,,,,,,,,,,,
,8526723.0,,,,,,,,,,,
,8639430.0,,,,,,,,,,,
,8753626.0,,,,,,,,,,,
,8869332.0,,,,,,,,,,,
,8986567.0,,,,,,,,,,,
,9103514.0,,,,,,,,,,,
,9220147.0,,,,,,,,,,,
,9336439.0,,,,,,,,,,,
,9452362.0,,,,,,,,,,,
,9567888.0,,,,,,,,,,,
,9684826.0,,,,,,,,,,,
,9803193.0,,,,,,,,,,,
,9923007.0,,,,,,,,,,,
,10044285.0,,,,,,,,,,,
,10167045.0,,,,,,,,,,,
,10299646.0,,,,,,,,,,,
,10442344.0,,,,,,,,,,,
,10595400.0,,,,,,,,,,,
,10759079.0,,,,,,,,,,,
,10933654.0,,,,,,,,,,,
,11111061.0,,,,,,,,,,,
,11291347.0,,,,,,,,,,,
,11474559.0,,,,,,,,,,,
,11660743.0,,,,,,,,,,,
,11849948.0,,,,,,,,,,,
,12061342.0,,,,,,,,,,,
,12295748.0,12334004224.0,,,,,,,,,,
,12545795.0,13762654208.0,,,,,,,,,,
,12807615.0,15016505344.0,,,,,,,,,,
,13074604.0,15882645504.0,,,,,,,,,,
,13349701.0,16826791936.0,,,,,,,,,,
,13638430.0,17494505472.0,,,,,,,,,,
,13939102.0,18677356544.0,,,,,,,,,,
,14252674.0,19269902336.0,,,,,,,,,,
,14569216.0,18708994048.0,,,,,,,,,,
,14903608.0,19357339648.0,,,,,,,,,,
,15276558.0,19799695360.0,,,,,,,,,,
,15673288.0,17659764736.0,,,,,,,,,,
,16086081.0,21385908224.0,,,,,,,,,,
,16517990.0,22497904640.0,,,,,,,,,,
,16965852.0,21953288192.0,,,,,,,,,,
,17438258.0,22174078976.0,,,,,,,,,,
,17941740.0,23676301312.0,,,,,,,,,,
,18472108.0,23450701824.0,,,,,,,,,,
,19022798.0,24458477568.0,,,,,,,,,,
,19583128.0,26727661568.0,,,,,,,,,,
,20151742.0,26659889152.0,,,,,,,,,,
,20712952.0,28362504192.0,,,,,,,,,,
,21273414.0,28414472192.0,,,,,,,,,,
,21853908.0,30887354368.0,,,,,,,,,,
,22448416.0,31926198272.0,,,,,,,,,,
,23052716.0,30364745728.0,,,,,,,,,,
,23655016.0,28598781952.0,,,,,,,,,,
,24256460.0,28761571328.0,,,,,,,,,,
,25015242.0,27125446656.0,,,,,,,,,,
,25902756.0,27103821824.0,,,,,,,,,,
26.256,26708692.0,27648954368.0,,,,,,,,,,
26.692,27457786.0,28317622272.0,,,,,,,,,,
27.079,28219220.0,28196935680.0,,,,,,,,,,
28.171,29005180.0,28585207808.0,,,,,,,,,,
28.037,29879850.0,30141794304.0,,,,,,,,,,
28.493,30800062.0,30309892096.0,,,,,,,,,,
30.109,31725136.0,31729260544.0,,,,,,,,,,
28.673,32712580.0,32572620800.0,,,,,,,,,,
31.45,33750044.0,32745572352.0,,,,,,,,,,
32.584,34825892.0,32549357568.0,,,,,,,,,,
31.186,35987544.0,31745583104.0,,,,,,,,,,
28.944,37194820.0,29817690112.0,,,,,,,,,,
31.928,38332300.0,27407296512.0,,,,,,,,,,
30.711,39580848.0,24338477056.0,,,,,,,,,,
26.886,41511988.0,23485763584.0,,,,,,,,,,
29.411,43285788.0,24780658688.0,,,,,,,,,,
30.089,44118716.0,24914391040.0,,,,,,,,,,
27.072,44822200.0,23716347904.0,,,,,,,,,,
25.524,45895532.0,23460466688.0,,,,,,,,,,
27.725,47227236.0,23134195712.0,,,,,,,,,,
21.33,48616328.0,21854111744.0,,,,,,,,,5.94,
20.976,50106660.0,21977292800.0,,,,,,,,,5.91,
21.56,51662080.0,23244763136.0,,,,,,,,,6.06,
22.437,53205640.0,25228486656.0,,,,,,,,,6.11,
25.43,54815608.0,27653537792.0,,,,,,,,,7.02,
27.592,56550244.0,30164654080.0,,,,,,,,,7.33,
29.113,58381636.0,32708308992.0,,,,,,,,,7.47,
29.997,60289424.0,35814301696.0,,,,,,,,,7.77,
28.388,62249724.0,39245770752.0,,,,,,,,,7.45,
27.775,64270236.0,41718894592.0,,,,,,,,,7.75,
30.719,66391260.0,46223523840.0,,,,,,,,,7.82,
33.243,68654272.0,51169099776.0,,,,,,,,,7.81,
32.713,70997872.0,55232446464.0,,,,,,,,,7.52,
39.533,73460032.0,60481138688.0,,,,,,,,,8.16,
47.359,76035592.0,66862399488.0,,,,,,,,,8.74,
36.524,78656904.0,72089763840.0,,,,,,,,,8.84,
33.68,81430976.0,74568654848.0,,,,,,,,,9.02,
36.642,84283272.0,77347831808.0,,,,,,,,,9.43,
38.716,87087352.0,81846378496.0,,,,,,,,,10.47,
39.839,89906896.0,,,,,,,,,,11.08,
41.209,92853168.0,,,,,,,,,,11.95,
39.402,95894120.0,,,,,,,,,,11.04,
,2565333.0,12315848704.0,,,,,,,,,,
,2595047.0,12835111936.0,,,,,,,,,,
,2625520.0,13133361152.0,,,,,,,,,,
,2656765.0,13912332288.0,,,,,,,,,,
,2688382.0,14214662144.0,,,,,,,,,,
,2720375.0,14452429824.0,,,,,,,,,,
,2752749.0,14864443392.0,,,,,,,,,,
,2785508.0,15420675072.0,,,,,,,,,,
,2818657.0,15904558080.0,,,,,,,,,,
,2852179.0,16520914944.0,,,,,,,,,,
,2886076.0,17021091840.0,,,,,,,,,,
,2920355.0,17933715456.0,,,,,,,,,,
,2955018.0,17930276864.0,,,,,,,,,,
,2990070.0,18601988096.0,,,,,,,,,,
,3025539.0,19770918912.0,,,,,,,,,,
,3061428.0,18397210624.0,,,,,,,,,,
,3097742.0,19176583168.0,,,,,,,,,,
,3134488.0,18044450816.0,,,,,,,,,,
,3171600.0,17451810816.0,,,,,,,,,,
,3207237.0,19701905408.0,,,,,,,,,,
,3241362.0,20628846592.0,,,,,,,,,,
,3273940.0,20035215360.0,,,,,,,,,,
,3304937.0,22061402112.0,,,,,,,,,,
,3334316.0,24388052992.0,,,,,,,,,,
,3363956.0,24461801472.0,,,,,,,,,,
,3393860.0,23899650048.0,,,,,,,,,,
,3424029.0,25299707904.0,,,,,,,,,,
,3454467.0,25801875456.0,,,,,,,,,,
,3485175.0,26671618048.0,,,,,,,,,,
,3515454.0,28457101312.0,,,,,,,,,,
,3545296.0,30153046016.0,,,,,,,,,,
,3574690.0,30486398976.0,,,,,,,,,,
,3603628.0,29685116928.0,,,,,,,,,,
,3632099.0,30640721920.0,,,,,,,,,,
,3660794.0,31567925248.0,,,,,,,,,,
,3689717.0,32275824640.0,,,,,,,,,,
,3718868.0,33073692672.0,,,,,,,,,,
,3748249.0,33872214016.0,,,,,,,,,,
,3777862.0,34691743744.0,,,,,,,,,,
,3810015.0,36349165568.0,,,,,,,,,,
,3844754.0,31249960960.0,,,,,,,,,,
,3882124.0,28165132288.0,,,,,,,,,,
,3922171.0,28800237568.0,,,,,,,,,,
,3964943.0,31975053312.0,,,,,,,,,,
,4008181.0,35322331136.0,,,,,,,,,,
,4051891.0,32663375872.0,,,,,,,,,,
,4096077.0,37762007040.0,,,,,,,,,,
,4140745.0,39884521472.0,,,,,,,,,,
,4185901.0,40961441792.0,,,,,,,,,,
,4228235.0,43784728576.0,,,,,,,,,,
,4267702.0,47267155968.0,,,,,,,,,,
,4299583.0,47580823552.0,,,,,,,,,,
,4330760.0,48046723072.0,,,,,,,,,,
,4362493.0,50784141312.0,,,,,,,,,,
,4394327.0,51766095872.0,,,,,,,,,,
,4426513.0,52326932480.0,,,,,,,,,,
,4459563.0,52963414016.0,,,,,,,,,,
,4491048.0,56977502208.0,,,,,,,,,,
,4521333.0,58258747392.0,,,,,,,,,,
,4551440.0,62593536000.0,,,,,,,,,,
,4581730.0,64344727552.0,,,,,,,,,,
,4613437.0,68423512064.0,,,,,,,,,,
,4645997.0,72198873088.0,,,,,,,,,,
,4680814.0,72656363520.0,,,,,,,,,,
,4718021.0,79449915392.0,,,,,,,,,,
166.208,4756336.0,83071664128.0,43.009,123.125,,,,,0.074,0.074,,
189.059,4796410.0,85342724096.0,48.745,140.238,,,,,0.077,0.077,,
190.123,4834734.0,88211324928.0,41.733,148.316,,,,,0.074,0.074,,
198.667,4867744.0,91836219392.0,37.393,161.212,,,,,0.062,0.062,,
228.047,4896156.0,97686585344.0,34.155,193.827,,,,,0.065,0.065,,
242.989,4922968.0,99664396288.0,27.319,215.6,,,,,0.071,0.071,,
229.635,4951490.0,102324764672.0,16.718,212.846,,,,,0.071,0.071,,
242.342,4981082.0,107713650688.0,17.08,225.191,,,,,0.071,0.071,,
234.47,5008581.0,111625928704.0,26.178,208.221,,,,,0.071,0.071,,
213.314,5033574.0,110587863040.0,24.729,188.514,,,,,0.071,0.071,,
210.239,5058203.0,109859700736.0,23.858,186.32,,,,,0.062,0.062,,
231.443,5078773.0,116968988672.0,33.147,198.24,,,,,0.056,0.056,,
236.189,5094605.0,118865469440.0,38.13,197.982,,,,,0.077,0.077,,
239.619,5108931.0,120623562752.0,42.009,197.521,,,,0.009,0.08,0.089,,
239.139,5119417.0,124895969280.0,50.097,188.938,,,,0.018,0.086,0.103,,
232.961,5125397.0,124346114048.0,71.498,161.331,,,,0.031,0.101,0.132,,
209.247,5126983.0,123240390656.0,57.144,151.967,,,,0.031,0.105,0.136,,
199.994,5126402.0,126957510656.0,68.932,130.918,,,,0.055,0.09,0.144,,
190.114,5124341.0,130158862336.0,65.83,123.853,0.146,189.829,,0.08,0.099,0.285,,0.052
193.293,5121317.0,135871946752.0,69.386,122.436,1.178,193.0,,0.098,0.089,0.293,,0.046
217.816,5119453.0,141700382720.0,84.57,126.177,6.714,217.461,,0.152,0.088,0.355,29.143,0.04
222.643,5119368.0,146862030848.0,85.546,124.511,11.968,222.025,,0.371,0.085,0.619,30.783,0.038
214.641,5121515.0,147289145344.0,83.971,114.685,15.189,213.845,,0.514,0.087,0.796,29.489,0.041
212.306,5126107.0,149007302656.0,78.568,113.998,18.525,211.091,,0.863,0.097,1.215,28.069,0.046
195.815,5133937.0,149399519232.0,64.57,109.763,19.745,194.078,,1.267,0.068,1.737,22.934,0.035
201.961,5144626.0,151205740544.0,70.834,107.521,21.048,199.403,0.0,1.805,0.083,2.558,25.98,0.041
232.854,5158325.0,154193559552.0,96.074,109.087,24.296,229.457,0.0,2.188,0.075,3.397,36.54,0.032
218.137,5175466.0,158107713536.0,80.025,108.114,25.546,213.685,0.0,2.707,0.082,4.452,30.75,0.038
231.304,5193776.0,159029510144.0,83.944,113.189,28.707,225.84,0.0,3.058,0.081,5.463,33.98,0.035
248.056,5213801.0,168468807680.0,90.271,120.418,32.078,242.767,0.0,3.362,0.096,5.289,40.58,0.039
243.62,5235205.0,174565621760.0,75.46,125.38,37.144,237.984,0.0,3.481,0.09,5.636,36.74,0.037
289.889,5256002.0,180657864704.0,103.723,136.069,43.755,283.547,0.0,3.628,0.057,6.342,53.56,0.02
262.998,5277385.0,187612758016.0,77.108,131.279,45.719,254.106,0.001,5.719,0.057,8.892,44.28,0.022
253.691,5298991.0,192868466688.0,65.532,127.0,49.298,241.829,0.001,8.338,0.081,11.862,41.08,0.032
246.049,5319856.0,199692681216.0,55.053,126.043,51.694,232.789,0.003,8.957,0.09,13.26,38.89,0.037
236.519,5340662.0,208358719488.0,46.183,122.535,51.019,219.737,0.004,12.541,0.089,16.783,36.0,0.038
237.216,5360753.0,211275268096.0,48.816,117.526,53.315,219.657,0.004,12.65,0.081,17.56,37.72,0.034
236.755,5378700.0,213475426304.0,48.874,113.734,53.818,216.425,0.004,14.235,0.093,20.33,39.28,0.039
255.233,5396355.0,215532699648.0,66.683,109.988,54.409,231.08,0.004,16.127,0.061,24.152,46.16,0.024
241.652,5415583.0,222551113728.0,51.114,108.044,54.15,213.308,0.005,18.97,0.076,28.344,40.42,0.032
227.599,5436314.0,229050957824.0,43.052,103.399,52.006,198.457,0.006,18.939,0.064,29.142,36.23,0.028
251.563,5457863.0,239379202048.0,64.735,106.547,52.983,224.265,0.006,17.38,0.067,27.297,45.61,0.026
238.634,5479722.0,242933465088.0,54.236,106.565,47.49,208.29,0.007,20.277,0.08,30.343,39.31,0.033
226.621,5502752.0,243073646592.0,47.659,101.603,47.716,196.978,0.007,19.468,0.072,29.643,36.62,0.032
214.577,5526455.0,232468676608.0,46.8,92.407,45.828,185.035,0.01,18.768,0.053,29.542,36.38,0.025
227.938,5550850.0,238176026624.0,45.472,93.89,51.84,191.202,0.017,21.676,0.057,36.737,38.87,0.025
214.153,5576016.0,242738380800.0,37.835,90.327,43.474,171.636,0.042,26.964,0.047,42.517,35.22,0.022
199.192,5600955.0,243290013696.0,29.659,83.77,40.603,154.032,0.285,28.16,0.048,45.16,30.7,0.024
207.784,5625393.0,245558509568.0,37.671,83.789,38.298,159.758,1.411,30.316,0.037,48.026,34.74,0.018
200.002,5650654.0,249673711616.0,29.858,83.839,32.894,146.591,1.613,35.431,0.041,53.411,32.19,0.02
194.821,5677795.0,253683007488.0,21.238,84.775,33.093,139.106,1.627,38.06,0.049,55.716,28.93,0.025
197.839,5706856.0,256821805056.0,24.577,85.293,33.653,143.523,1.991,34.217,0.052,54.316,30.55,0.026
198.832,5737286.0,262051119104.0,18.369,84.353,32.162,134.884,2.0,39.334,0.048,63.948,31.03,0.024
196.311,5766689.0,268317622272.0,18.773,85.594,31.21,135.577,2.521,36.781,0.039,60.735,30.36,0.02
192.071,5795879.0,,10.575,85.664,28.978,125.217,2.539,42.571,0.045,66.855,29.51,0.023
171.16,5825638.0,,9.31,70.733,23.226,103.269,3.1,42.888,0.045,67.891,28.73,0.026
188.206,5854246.0,,12.4,75.787,23.695,111.881,3.425,42.009,0.043,76.325,33.06,0.023
189.397,5882259.0,,11.995,78.894,16.986,107.875,5.056,49.54,0.038,81.522,34.42,0.02
6.345,324130.0,1035609024.0,,,,,,,,,,
5.062,341325.0,1066395008.0,,,,,,,,,,
5.062,355119.0,1083308032.0,,,,,,,,,,
3.797,367734.0,1096310016.0,,,,,,,,,,
3.173,382169.0,1104000000.0,,,,,,,,,,
3.164,400717.0,1100160000.0,,,,,,,,,,
2.848,424292.0,1088971008.0,,,,,,,,,,
2.91,452286.0,1092029952.0,,,,,,,,,,
2.85,482344.0,1105884032.0,,,,,,,,,,
6.698,521114.0,1076711936.0,,,,,,,,,,
6.882,577183.0,1151692032.0,,,,,,,,,,
6.882,628528.0,1111365120.0,,,,,,,,,,
6.968,623208.0,1171473792.0,,,,,,,,,,
7.011,611239.0,1223278976.0,,,,,,,,,,
7.201,623482.0,1189922944.0,,,,,,,,,,
7.134,629628.0,1251123072.0,,,,,,,,,,
7.154,644659.0,1182573440.0,,,,,,,,,,
7.201,667793.0,1231663872.0,,,,,,,,,,
7.201,694931.0,1226205312.0,,,,,,,,,,
7.201,719381.0,1247108096.0,,,,,,,,,,
3.534,742046.0,1258388224.0,,,,,,,,,0.18,
3.521,765496.0,1279069440.0,,,,,,,,,0.18,
3.531,789140.0,1306309888.0,,,,,,,,,0.19,
3.663,806412.0,1344454912.0,,,,,,,,,0.19,
3.562,818380.0,1377810048.0,,,,,,,,,0.2,
3.369,830863.0,1416452224.0,,,,,,,,,0.24,
3.148,846957.0,1590366848.0,,,,,,,,,0.26,
3.277,865202.0,1662836608.0,,,,,,,,,0.3,
3.664,882893.0,1746582400.0,,,,,,,,,0.32,
3.182,901106.0,1828090880.0,,,,,,,,,0.33,
3.624,919206.0,1885010176.0,,,,,,,,,0.36,
2.737,936819.0,1960630016.0,,,,,,,,,0.36,
3.612,954311.0,2054195968.0,,,,,,,,,0.37,
3.728,971761.0,2157408000.0,,,,,,,,,0.41,
4.138,989091.0,2286629888.0,,,,,,,,,0.09,
3.65,1006266.0,2435148032.0,,,,,,,,,0.17,
3.489,1023269.0,2595207936.0,,,,,,,,,0.08,
3.158,1040242.0,2741553152.0,,,,,,,,,0.06,
3.313,1057204.0,2913438464.0,,,,,,,,,0.05,
3.06,1073999.0,,,,,,,,,,0.06,
2.945,1090162.0,,,,,,,,,,0.05,
3.079,1105562.0,,,,,,,,,,0.06,
0.147,73000.0,164206000.0,,,,,,,,,,
0.21,72949.0,184926000.0,,,,,,,,,,
0.207,72650.0,191808000.0,,,,,,,,,,
0.226,72290.0,195656000.0,,,,,,,,,,
0.229,71957.0,207348000.0,,,,,,,,,,
0.223,71613.0,209656000.0,,,,,,,,,,
0.187,71233.0,223704000.0,,,,,,,,,,
0.246,70824.0,242640000.0,,,,,,,,,,
0.263,70408.0,261776992.0,,,,,,,,,,
0.263,69996.0,263694000.0,,,,,,,,,,
0.263,69501.0,275729984.0,,,,,,,,,,
0.263,69170.0,285879712.0,,,,,,,,,,
0.263,69135.0,299018304.0,,,,,,,,,,
0.262,69196.0,303787200.0,,,,,,,,,,
0.334,69219.0,316614944.0,,,,,,,,,,
0.415,69224.0,327078080.0,,,,,,,,,,
0.416,69182.0,347533760.0,,,,,,,,,,
0.418,69096.0,361956544.0,,,,,,,,,,
0.439,68957.0,382388800.0,,,,,,,,,,
0.454,68713.0,390881664.0,,,,,,,,,,
0.529,68365.0,404483808.0,,,,,,,,,0.07,
0.567,68171.0,411786944.0,,,,,,,,,0.08,
0.534,68281.0,415538976.0,,,,,,,,,0.07,
0.596,68457.0,455180800.0,,,,,,,,,0.08,
0.706,68591.0,475394400.0,,,,,,,,,0.07,
0.676,68686.0,482222496.0,,,,,,,,,0.08,
0.674,68761.0,513632256.0,,,,,,,,,0.08,
0.815,68789.0,554311680.0,,,,,,,,,0.08,
0.734,68794.0,617146560.0,,,,,,,,,0.08,
0.745,68805.0,621365632.0,,,,,,,,,0.08,
0.779,68775.0,640098880.0,,,,,,,,,0.09,
0.789,68758.0,652912000.0,,,,,,,,,0.1,
0.759,68908.0,644078976.0,,,,,,,,,0.1,
0.759,68839.0,667585024.0,,,,,,,,,0.1,
0.783,69388.0,694011008.0,,,,,,,,,0.1,
0.813,70027.0,689606016.0,,,,,,,,,0.1,
0.85,70098.0,706700032.0,,,,,,,,,0.11,
0.794,70422.0,653398976.0,,,,,,,,,0.08,
0.819,70840.0,667810432.0,,,,,,,,,0.06,
0.789,71446.0,,,,,,,,,,0.09,
0.724,72011.0,,,,,,,,,,0.16,
0.764,72435.0,,,,,,,,,,0.17,
25.281,5755808.0,21539809280.0,,,,,,,,,,
25.344,5885248.0,22427979776.0,,,,,,,,,,
26.409,6014975.0,22837393408.0,,,,,,,,,,
31.466,6147216.0,23843930112.0,,,,,,,,,,
27.199,6282107.0,23906859008.0,,,,,,,,,,
29.14,6417803.0,23302486016.0,,,,,,,,,,
31.827,6554326.0,23995594752.0,,,,,,,,,,
34.96,6692727.0,25809188864.0,,,,,,,,,,
38.743,6834210.0,25978978304.0,,,,,,,,,,
37.685,6980041.0,29288298496.0,,,,,,,,,,
40.659,7129004.0,27899936768.0,,,,,,,,,,
39.301,7278410.0,28624482304.0,,,,,,,,,,
42.027,7427347.0,30699632640.0,,,,,,,,,,
39.411,7576083.0,33455892480.0,,,,,,,,,,
42.874,7723940.0,34777866240.0,,,,,,,,,,
46.279,7869754.0,37276688384.0,,,,,,,,,,
50.296,8012315.0,40578793472.0,,,,,,,,,,
53.197,8150078.0,44531093504.0,,,,,,,,,,
55.066,8282125.0,48409989120.0,,,,,,,,,,
62.542,8411380.0,52484542464.0,,,,,,,,,,
86.211,8540790.0,56344829952.0,,,,,,,,,8.09,
83.807,8669038.0,58288340992.0,,,,,,,,,9.77,
88.521,8795104.0,62670835712.0,,,,,,,,,11.85,
81.212,8919857.0,63562706944.0,,,,,,,,,12.57,
75.582,9043135.0,65495216128.0,,,,,,,,,11.18,
83.079,9164770.0,72784388096.0,,,,,,,,,12.05,
82.922,9284169.0,81940078592.0,,,,,,,,,13.11,
85.242,9402209.0,90411704320.0,,,,,,,,,13.68,
84.755,9522954.0,94906286080.0,,,,,,,,,11.72,
83.736,9648061.0,97411112960.0,,,,,,,,,11.59,
87.8,9775756.0,107260354560.0,,,,,,,,,13.98,
86.398,9903743.0,112432726016.0,,,,,,,,,14.92,
95.898,10030885.0,115425804288.0,,,,,,,,,15.79,
91.435,10157054.0,120732909568.0,,,,,,,,,16.73,
87.788,10282116.0,129713741824.0,,,,,,,,,16.27,
97.343,10405832.0,138611523584.0,,,,,,,,,16.91,
103.54,10527589.0,147459375104.0,,,,,,,,,18.67,
102.122,10647247.0,154422411264.0,,,,,,,,,19.01,
112.906,10765532.0,165255135232.0,,,,,,,,,19.63,
120.771,10881886.0,,,,,,,,,,19.27,
104.46,10999668.0,,,,,,,,,,16.64,
111.041,11117873.0,,,,,,,,,,17.59,
,,,,,,,,,,,,
,,,,,,,,,,,,
,,,,,,,,,,,,
,,,,,,,,,,,,
,,,,,,,,,,,,
,,,,,,,,,,,,
,,,,,,,,,,,,
,,,,,,,,,,,,
,,,,,,,,,,,,
,,,,,,,,,,,,
,,,,,,,,,,,,
,,,,,,,,,,,,
,,,,,,,,,,,,
,,,,,,,,,,,,
,,,,,,,,,,,,
,,,,,,,,,,,,
,,,,,,,,,,,,
,,,,,,,,,,,,
,,,,,,,,,,,,
,,,,,,,,,,,,
,,,,,,,,,,,,
,,,,,,,,,,,,
,,,,,,,,,,,,
,,,,,,,,,,,,
,,,,,,,,,,,,
,,,,,,,,,,,,
,,,,,,,,,,,,
,,,,,,,,,,,,
,,,,,,,,,,,,
,,,,,,,,,,,,
,,,,,,,,,,,,
,,,,,,,,,,,,
,,,,,,,,,,,,
,,,,,,,,,,,,
,,,,,,,,,,,,
,,,,,,,,,,,,
,,,,,,,,,,,,
,,,,,,,,,,,,
,,,,,,,,,,,,
,,,,,,,,,,,,
,,,,,,,,,,,,
,,,,,,,,,,,,
,,,,,,,,,,,,
,,,,,,,,,,,,
,,,,,,,,,,,,
,,,,,,,,,,,,
,,,,,,,,,,,,
,,,,,,,,,,,,
,,,,,,,,,,,,
,,,,,,,,,,,,
,,,,,,,,,,,,
,,,,,,,,,,,,
,,,,,,,,,,,,
,,,,,,,,,,,,
,,,,,,,,,,,,
,,,,,,,,,,,,
,,,,,,,,,,,,
,,,,,,,,,,,,
,,,,,,,,,,,,
,,,,,,,,,,,,
,,,,,,,,,,,,
,,,,,,,,,,,,
,,,,,,,,,,,,
,,,,,,,,,,,,
,,,,,,,,,,,,
,,,,,,,,,,,,
,,,,,,,,,,,,
,,,,,,,,,,,,
,,,,,,,,,,,,
,,,,,,,,,,,,
,,,,,,,,,,,,
,,,,,,,,,,,,
,,,,,,,,,,,,
,,,,,,,,,,,,
,,,,,,,,,,,,
,,,,,,,,,,,,
,,,,,,,,,,,,
,,,,,,,,,,,,
,,,,,,,,,,,,
,,,,,,,,,,,,
,,,,,,,,,,,,
,,,,,,,,,,,,
,,,,,,,,,,,,
,,,,,,,,,,,,
,,,,,,,,,,,,
,,,,,,,,,,,,
,,,,,,,,,,,,
,,,,,,,,,,,,
,,,,,,,,,,,,
,,,,,,,,,,,,
,,,,,,,,,,,,
,,,,,,,,,,,,
,,,,,,,,,,,,
,,,,,,,,,,,,
,,,,,,,,,,,,
,,,,,,,,,,,,
,,,,,,,,,,,,
,,,,,,,,,,,,
,,,,,,,,,,,,
,,,,,,,,,,,,
,,,,,,,,,,,,
,,,,,,,,,,,,
,,,,,,,,,,,,
,,,,,,,,,,,,
,,,,,,,,,,,,
,,,,,,,,,,,,
,,,,,,,,,,,,
,,,,,,,,,,,,
,,,,,,,,,,,,
,,,,,,,,,,,,
,,,,,,,,,,,,
,,,,,,,,,,,,
,,,,,,,,,,,,
,,,,,,,,,,,,
,,,,,,,,,,,,
,,,,,,,,,,,,
,,,,,,,,,,,,
1734.546,,,,,,,,,,,,
1745.265,,,,,,,,,,,,
1751.516,,,,,,,,,,,,
1735.009,,,,,,,,,,,,
1808.423,,,,,,,,,,,,
1813.521,,,,,,,,,,,,
1805.215,,,,,,,,,,,,
1751.912,,,,,,,,,,,,
1723.191,,,,,,,,,,,,
1685.072,,,,,,,,,,,,
1526.69,,,,,,,,,,,,
0.699,926725.0,,,,,,,,,,0.06,
0.757,945993.0,,,,,,,,,,0.07,
0.76,969318.0,,,,,,,,,,0.07,
0.775,994573.0,,,,,,,,,,0.07,
0.802,1019369.0,,,,,,,,,,0.09,
0.882,1043085.0,,,,,,,,,,0.11,
0.987,1065543.0,,,,,,,,,,0.13,
1.027,1088492.0,,,,,,,,,,0.14,
1.065,1112985.0,,,,,,,,,,0.14,
1.263,1137683.0,,,,,,,,,,0.13,
1.901,1161558.0,,,,,,,,,,0.29,
2.181,1184842.0,,,,,,,,,,0.35,
2.138,1205822.0,,,,,,,,,,0.35,
2.093,1224568.0,,,,,,,,,,0.41,
2.135,1243238.0,,,,,,,,,,0.43,
2.164,1261850.0,,,,,,,,,,0.45,
2.18,1280442.0,,,,,,,,,,0.52,
2.067,1299998.0,,,,,,,,,,0.5,
2.134,1320944.0,,,,,,,,,,0.53,
109.19,,,21.081,70.226,,,,,17.882,17.882,,
119.29,,,24.53,73.556,0.009,98.096,,,21.194,21.194,,17.767
123.847,,,24.77,78.337,0.009,103.116,,,20.73,20.73,,16.739
128.24,,,26.106,80.841,0.009,106.956,,,21.284,21.284,,16.597
137.778,,,25.324,89.05,0.009,114.382,,,23.395,23.395,,16.981
154.958,,,28.673,92.744,0.009,121.426,,,33.532,33.532,,21.64
155.973,,,29.232,100.003,0.009,129.245,0.0,0.0,26.326,26.728,,16.879
161.453,,,27.273,101.559,0.009,128.842,0.0,0.0,32.205,32.611,,19.947
170.788,,,29.954,107.139,0.009,137.103,0.0,0.0,33.264,33.685,,19.477
178.132,,,27.58,107.919,0.009,135.509,0.0,0.0,42.189,42.623,,23.684
174.83,,,25.064,104.42,0.009,129.493,0.0,0.0,44.912,45.337,,25.689
188.983,,,33.091,105.905,0.009,139.006,0.0,0.0,49.511,49.977,,26.199
191.243,,,26.959,107.342,0.009,134.31,0.0,0.0,56.457,56.933,,29.521
186.71,,,26.371,105.904,0.009,132.283,0.0,0.0,53.932,54.427,,28.885
191.993,,,25.888,107.107,0.01,133.004,0.0,0.0,58.474,58.988,,30.457
191.395,,,26.92,110.473,0.01,137.404,0.0,0.0,53.458,53.991,,27.931
188.828,,,25.28,107.148,0.01,132.439,0.0,0.0,55.824,56.389,,29.563
185.058,,,24.41,102.134,0.01,126.554,0.0,0.0,57.882,58.504,,31.278
191.259,,,27.032,106.307,0.01,133.35,0.0,0.0,57.305,57.909,,29.962
187.255,,,25.466,105.324,0.004,130.793,0.0,0.0,55.849,56.462,,29.825
197.07,,,27.176,110.937,0.004,138.117,0.0,0.0,58.228,58.953,24.101,29.547
200.083,,,31.516,110.999,0.002,142.518,0.0,0.0,55.726,57.565,24.675,27.851
199.888,,,37.382,112.094,0.001,149.478,0.0,0.0,48.574,50.41,24.88,24.301
217.134,,,37.635,122.696,0.002,160.333,0.0,0.0,55.055,56.801,27.228,25.355
216.155,,,37.01,124.122,0.001,161.134,0.0,0.0,53.303,55.021,26.429,24.66
242.888,,,52.233,125.381,0.002,177.616,0.0,0.0,63.119,65.272,29.951,25.987
233.008,,,42.96,123.581,0.001,166.543,0.0,0.0,64.293,66.466,31.358,27.592
229.134,,,43.895,125.015,0.003,168.914,0.0,0.0,58.055,60.22,28.714,25.336
246.933,,,52.996,131.057,0.003,184.056,0.0,0.0,60.714,62.877,30.263,24.587
246.289,,,47.63,135.719,0.003,183.352,0.0,0.0,61.128,62.937,30.695,24.82
248.846,,,46.157,138.779,0.005,184.941,0.0,0.0,61.688,63.905,31.684,24.79
246.783,,,42.757,139.967,0.005,182.728,0.0,0.0,61.315,64.055,31.419,24.846
262.06,,,47.485,147.261,0.006,194.752,0.0,0.0,64.501,67.307,33.435,24.613
279.593,,,44.971,148.668,0.014,193.653,0.0,0.0,82.397,85.94,38.8,29.47
286.336,,,38.278,157.689,0.019,195.986,0.0,0.0,86.835,90.349,41.017,30.326
283.897,,,35.462,152.401,0.023,187.885,0.0,0.0,91.235,96.012,43.66,32.137
308.946,,,37.541,163.606,0.021,201.169,0.001,0.0,102.7,107.777,48.754,33.242
313.001,,,35.593,161.69,0.026,197.309,0.001,0.001,110.911,115.692,51.348,35.435
315.375,,,29.221,168.883,0.03,198.133,0.001,0.001,111.304,117.241,51.304,35.292
335.928,,,35.768,179.894,1.257,216.918,0.002,0.003,112.245,119.01,55.167,33.414
351.428,,,32.952,192.314,4.197,229.463,0.004,0.004,115.291,121.965,58.287,32.807
364.914,,,26.851,204.647,5.193,236.692,0.015,0.014,121.099,128.222,60.35,33.186
384.281,,,27.798,212.649,5.789,246.236,0.029,0.031,131.164,138.044,64.067,34.132
381.058,,,20.63,218.324,6.155,245.11,0.054,0.045,128.666,135.948,65.022,33.765
404.863,,,23.624,231.505,7.27,262.398,0.094,0.075,134.107,142.464,68.729,33.124
439.911,,,32.079,240.298,8.438,280.815,0.27,0.106,149.818,159.096,74.022,34.056
458.382,,,35.208,250.417,9.55,295.175,0.491,0.094,153.432,163.207,78.637,33.473
479.307,,,29.434,269.031,10.991,309.456,0.683,0.422,159.214,169.85,81.762,33.217
519.816,,,44.573,283.352,11.424,339.349,0.851,0.858,168.329,180.468,87.017,32.382
569.675,,,67.215,295.348,12.551,375.114,1.108,1.196,178.783,194.561,93.181,31.383
593.489,,,57.592,322.771,16.267,396.63,1.261,2.094,175.844,196.858,98.193,29.629
585.352,,,45.386,332.206,20.499,398.091,1.43,2.382,165.406,187.261,97.081,28.258
625.123,,,55.364,355.393,20.234,430.991,1.625,2.107,171.751,194.131,103.033,27.475
652.804,,,61.726,365.595,21.006,448.328,1.842,2.283,180.179,204.476,108.133,27.601
659.839,,,52.452,373.871,23.994,450.318,3.055,5.858,180.244,209.521,108.841,27.316
635.759,,,50.882,341.726,23.028,415.636,3.432,5.184,192.211,220.123,110.637,30.233
685.919,,,53.577,372.943,26.707,453.227,3.992,6.771,202.782,232.692,117.12,29.564
708.349,,,58.185,380.395,28.583,467.163,5.325,7.167,207.986,241.186,123.074,29.362
,1451333.0,1537200000.0,,,,,,,,,,
,1471280.0,1591820032.0,,,,,,,,,,
,1492569.0,1647063040.0,,,,,,,,,,
,1515235.0,1703229952.0,,,,,,,,,,
,1538243.0,1763287040.0,,,,,,,,,,
,1561601.0,1825565056.0,,,,,,,,,,
,1585312.0,1888898944.0,,,,,,,,,,
,1609383.0,1953288960.0,,,,,,,,,,
,1633819.0,2040728960.0,,,,,,,,,,
,1657178.0,2131177984.0,,,,,,,,,,
,1679429.0,2229842944.0,,,,,,,,,,
,1700537.0,2330220032.0,,,,,,,,,,
,1720468.0,2434230016.0,,,,,,,,,,
,1739186.0,2543633920.0,,,,,,,,,,
,1758108.0,2617510912.0,,,,,,,,,,
,1777234.0,2690539008.0,,,,,,,,,,
,1796568.0,2740173056.0,,,,,,,,,,
,1816111.0,2791854080.0,,,,,,,,,,
,1834665.0,2842400000.0,,,,,,,,,,
,1852686.0,2921777920.0,,,,,,,,,,
,1870163.0,3007200000.0,,,,,,,,,,
,1887084.0,3061280000.0,,,,,,,,,,
,1903438.0,3119480064.0,,,,,,,,,,
,1919212.0,3176385024.0,,,,,,,,,,
,1935118.0,3235650048.0,,,,,,,,,,
,1951155.0,3291725056.0,,,,,,,,,,
,1967325.0,3355704064.0,,,,,,,,,,
,1983629.0,3481056000.0,,,,,,,,,,
,2000068.0,3617504000.0,,,,,,,,,,
,2023061.0,3755744000.0,,,,,,,,,,
,2052817.0,3827736064.0,,,,,,,,,,
,2089550.0,3848355072.0,,,,,,,,,,
,2133481.0,3874500096.0,,,,,,,,,,
,2184834.0,3959549952.0,,,,,,,,,,
,2237423.0,4044600064.0,,,,,,,,,,
,2291278.0,4150439936.0,,,,,,,,,,
,2346429.0,4291091968.0,,,,,,,,,,
,2402908.0,4428246016.0,,,,,,,,,,
,2460746.0,4587539968.0,,,,,,,,,,
,2523924.0,4744403968.0,,,,,,,,,,
,2592696.0,5055300096.0,,,,,,,,,,
,2667325.0,5122656256.0,,,,,,,,,,
,2748086.0,5294199808.0,,,,,,,,,,
,2835263.0,5966019072.0,,,,,,,,,,
,2925206.0,6047759872.0,,,,,,,,,,
,3018002.0,6068142080.0,,,,,,,,,,
,3113742.0,6792992768.0,,,,,,,,,,
,3212519.0,7548455936.0,,,,,,,,,,
,3314430.0,8580347904.0,,,,,,,,,,
,3416527.0,8737760256.0,,,,,,,,,,
,3518730.0,10008766464.0,,,,,,,,,,
,3613182.0,10114922496.0,,,,,,,,,,
,3710592.0,11363106816.0,,,,,,,,,,
,3811223.0,11601652736.0,,,,,,,,,,
,3915138.0,12537337856.0,,,,,,,,,,
,4022386.0,12868194304.0,,,,,,,,,,
,4133246.0,13350172672.0,,,,,,,,,,
,4248164.0,13948668928.0,,,,,,,,,,
,4367095.0,14357383168.0,,,,,,,,,,
,4490254.0,15122957312.0,,,,,,,,,,
,4618160.0,16113823744.0,,,,,,,,,,
,4751510.0,16516333568.0,,,,,,,,,,
,4890435.0,17397223424.0,,,,,,,,,,
,5034337.0,17832787968.0,,,,,,,,,,
,5183287.0,19090890752.0,,,,,,,,,,
8.657,5337356.0,20931717120.0,,7.921,,,,,0.736,0.736,,
9.112,5495765.0,21480730624.0,,8.27,,,,,0.843,0.843,,
9.86,5658454.0,22615181312.0,,8.931,,,,,0.928,0.928,,
11.642,5825663.0,23865288704.0,,10.672,,,,,0.97,0.97,,
12.369,5997045.0,25174071296.0,,11.293,,,,,1.076,1.076,,
14.773,6172219.0,26934480896.0,,12.878,0.698,,,,1.198,1.198,,
16.231,6350954.0,28491929600.0,,14.232,0.698,,,,1.301,1.301,,
16.959,6533633.0,30239823872.0,,14.632,1.012,,,,1.316,1.316,,
18.152,6720451.0,34007408640.0,,16.284,0.581,,,,1.286,1.286,,
21.188,6911130.0,35996917760.0,,18.546,1.163,,,,1.478,1.478,,
21.458,7105791.0,37890543616.0,,18.148,1.454,,,,1.857,1.857,,
23.625,7304352.0,41566183424.0,,20.51,1.326,,,,1.789,1.789,,
28.093,7506669.0,44204552192.0,,25.594,0.849,,,,1.65,1.65,,
29.384,7712722.0,47288274944.0,,26.173,0.872,,,,2.339,2.339,,
30.598,7922496.0,49857552384.0,,27.874,0.628,,,,2.097,2.097,,
38.818,8135850.0,52132724736.0,,35.751,0.488,,,,2.578,2.578,,
43.055,8352607.0,54252142592.0,,39.961,0.791,,,,2.303,2.303,,
47.312,8572618.0,54863245312.0,,43.642,1.023,,,,2.647,2.647,,
46.339,8795879.0,53726523392.0,,39.982,1.268,,,,5.089,5.089,,
51.571,9022978.0,55920451584.0,,40.185,1.826,,,,9.56,9.56,,
60.968,9254308.0,58293686272.0,,49.412,1.861,,,,9.696,9.696,4.558,
63.906,9490096.0,60010586112.0,,50.193,1.849,,,,11.863,11.863,5.012,
65.865,9729380.0,56249614336.0,,50.631,1.721,,,,13.513,13.513,5.384,
76.071,9969790.0,62261231616.0,,59.789,2.012,,,,14.27,14.27,5.641,
78.448,10210190.0,62369320960.0,,62.205,1.593,,,,14.649,14.649,5.769,
80.982,10449845.0,64188502016.0,0.003,63.617,2.617,66.237,0.0,0.0,14.746,14.746,6.349,18.208
89.439,10686277.0,67933605888.0,0.006,71.213,3.21,74.429,0.0,0.0,15.009,15.009,6.974,16.782
88.979,10914222.0,70873808896.0,0.005,71.046,3.222,74.273,0.0,0.0,14.707,14.707,7.196,16.528
92.231,11132833.0,72804343808.0,0.001,71.34,3.71,75.051,0.0,0.0,17.181,17.181,7.411,18.628
100.323,11347655.0,76428115968.0,0.004,77.556,3.349,80.909,0.0,0.0,19.413,19.413,8.144,19.351
94.818,11561683.0,78692040704.0,0.004,76.321,3.233,79.559,0.0,0.0,15.26,15.26,8.429,16.094
107.914,11775223.0,80612106240.0,0.005,85.72,3.431,89.156,0.0,0.0,18.757,18.757,9.679,17.382
120.221,11987840.0,84682932224.0,0.006,97.765,3.128,100.9,0.0,0.0,19.321,19.321,10.362,16.072
120.844,12199692.0,88055963648.0,0.009,98.41,3.187,101.606,0.0,0.0,19.238,19.238,10.89,15.92
110.231,12412056.0,84464762880.0,0.012,85.997,3.001,89.009,0.0,0.0,21.222,21.222,10.308,19.252
104.129,12626511.0,85978873856.0,0.016,78.338,3.268,81.622,0.0,0.0,22.506,22.506,10.35,21.614
105.483,12845523.0,90060685312.0,0.021,81.364,3.326,84.711,0.0,0.0,20.772,20.772,10.74,19.692
104.109,13070617.0,94405017600.0,0.022,80.801,1.324,82.147,0.0,0.0,21.962,21.962,11.55,21.095
106.607,13301188.0,97644568576.0,0.882,82.591,2.311,85.783,0.0,0.0,20.824,20.824,11.22,19.533
114.056,13534598.0,106398015488.0,0.021,87.288,5.379,92.688,0.0,0.0,21.358,21.368,13.09,18.726
120.725,13770015.0,112806723584.0,0.025,95.141,5.523,100.689,0.0,0.0,19.708,20.036,12.16,16.325
127.686,14009064.0,118595035136.0,0.063,100.837,6.034,106.935,0.0,0.0,20.286,20.751,13.52,15.888
134.253,14251838.0,122035339264.0,0.025,102.503,5.468,107.996,0.0,0.003,25.555,26.256,16.59,19.035
143.285,14496800.0,130681241600.0,0.29,105.6,4.988,110.878,0.0,0.008,31.735,32.408,18.26,22.148
139.805,14742768.0,132343726080.0,0.069,107.393,5.879,113.341,0.0,0.009,25.764,26.464,17.93,18.428
155.194,14989581.0,137955147776.0,0.116,124.127,6.189,130.432,0.0,0.01,23.971,24.762,18.77,15.446
164.644,15237734.0,149848326144.0,0.109,127.295,5.608,133.012,0.0,0.009,30.712,31.632,19.88,18.654
173.933,15483884.0,158295818240.0,0.131,131.774,7.49,139.394,0.001,0.007,33.555,34.54,22.11,19.292
179.509,15722988.0,166128254976.0,0.146,139.626,8.512,148.284,0.01,0.155,30.085,31.225,22.44,16.76
188.563,15957995.0,172762087424.0,0.139,147.068,8.726,155.932,0.045,0.216,31.041,32.631,23.45,16.462
188.046,16195904.0,173044858880.0,0.15,142.66,8.21,151.02,0.097,0.266,35.268,37.026,25.08,18.755
187.404,16439588.0,169282355200.0,0.088,134.041,8.863,142.992,0.104,0.225,42.388,44.412,27.14,22.618
194.656,16696947.0,173290962944.0,0.095,130.874,8.232,139.201,0.1,0.195,53.462,55.456,27.84,27.465
205.892,17015672.0,175524675584.0,0.324,141.7,7.275,149.299,0.101,0.212,54.708,56.593,29.03,26.571
210.907,17343742.0,,0.1,137.313,6.496,143.908,0.1,0.225,64.953,66.999,32.29,30.797
182.477,17588596.0,,0.281,110.832,5.518,116.631,0.099,0.202,63.906,65.846,31.28,35.022
212.212,17797736.0,,0.55,137.173,5.82,143.543,0.096,0.162,66.92,68.669,32.34,31.535
218.717,18001002.0,,0.8,146.51,5.497,152.808,0.1,0.158,64.227,65.909,33.12,29.365
,9940289.0,,,,,,,,,,,
,10077437.0,,,,,,,,,,,
,10215268.0,,,,,,,,,,,
,10353774.0,,,,,,,,,,,
,10494157.0,,,,,,,,,,,
,10636440.0,,,,,,,,,,,
,10780650.0,,,,,,,,,,,
,10926812.0,,,,,,,,,,,
,11074954.0,,,,,,,,,,,
,11219744.0,,,,,,,,,,,
,11361079.0,,,,,,,,,,,
,11498855.0,,,,,,,,,,,
,11632963.0,,,,,,,,,,,
,11763295.0,20329056256.0,,,,,,,,,,
,11895084.0,,,,,,,,,,,
,12028348.0,,,,,,,,,,,
,12163101.0,,,,,,,,,,,
,12299362.0,,,,,,,,,,,
,12443062.0,,,,,,,,,,,
,12587076.0,,,,,,,,,,,
,12731391.0,,,,,,,,,,,
,12875995.0,,,,,,,,,,,
,13020877.0,,,,,,,,,,,
,13166025.0,,,,,,,,,,,
,13312790.0,,,,,,,,,,,
,13461191.0,,,,,,,,,,,
,13611246.0,,,,,,,,,,,
,13762974.0,,,,,,,,,,,
,13916394.0,,,,,,,,,,,
,14078659.0,,,,,,,,,,,
,14249967.0,,,,,,,,,,,
,14430516.0,,,,,,,,,,,
,14620510.0,,,,,,,,,,,
,14820156.0,,,,,,,,,,,
,15022528.0,,,,,,,,,,,
,15227663.0,,,,,,,,,,,
,15435599.0,,,,,,,,,,,
,15646375.0,,,,,,,,,,,
,15860029.0,,,,,,,,,,,
,16118395.0,,,,,,,,,,,
,16423191.0,,,,,,,,,,,
,16776186.0,,,,,,,,,,,
,17179205.0,,,,,,,,,,,
,17634128.0,,,,,,,,,,,
,18101098.0,,,,,,,,,,,
,18580434.0,,,,,,,,,,,
,19072463.0,,,,,,,,,,,
,19577521.0,,,,,,,,,,,
,20095954.0,,,,,,,,,,,
,20620147.0,,,,,,,,,,,
,21150060.0,30757265408.0,,,,,,,,,,
,21606364.0,31319511040.0,,,,,,,,,,
,22108170.0,31890448384.0,,,,,,,,,,
,22659266.0,32425277440.0,,,,,,,,,,
,23241220.0,33014046720.0,,,,,,,,,,
,23841704.0,33660147712.0,,,,,,,,,,
,24453502.0,35246452736.0,,,,,,,,,,
,25078382.0,36864356352.0,,,,,,,,,,
,25700976.0,38667513856.0,,,,,,,,,,
,26345770.0,40509591552.0,,,,,,,,,,
,27034500.0,42417643520.0,,,,,,,,,,
,27747872.0,45220061184.0,,,,,,,,,,
,28485028.0,48232706048.0,,,,,,,,,,
,29245942.0,51444887552.0,,,,,,,,,,
,30026652.0,54901977088.0,,,,,,,,,,
91.675,30818472.0,58532794368.0,4.687,81.394,0.472,86.552,,,5.123,5.123,,5.588
96.463,31613136.0,58874122240.0,3.187,87.34,0.539,91.066,,,5.397,5.397,,5.595
82.585,32408416.0,58134978560.0,4.908,71.323,0.539,76.769,,,5.815,5.815,,7.042
89.118,33204632.0,59081302016.0,5.106,74.6,0.539,80.244,,,8.873,8.873,,9.957
73.375,33995960.0,63097380864.0,5.513,55.379,0.683,61.575,,,11.801,11.801,,16.082
91.432,34781992.0,67114479616.0,5.082,71.666,0.818,77.566,,,13.865,13.865,,15.165
93.99,35555972.0,69906251776.0,4.171,74.078,0.818,79.067,,,14.924,14.924,,15.878
104.29,36330772.0,71250780160.0,3.691,84.652,0.683,89.026,,,15.264,15.264,,14.636
98.573,37120780.0,73196093440.0,3.215,79.572,0.549,83.335,,,15.237,15.237,,15.458
112.037,37930376.0,76018040832.0,5.613,87.76,0.577,93.951,,,18.086,18.086,,16.143
124.288,38775584.0,83697410048.0,6.708,97.013,0.481,104.203,,,20.086,20.086,,16.161
148.624,39649056.0,96606691328.0,6.562,114.739,3.658,124.958,,,23.666,23.666,,15.924
161.271,40577356.0,109254139904.0,7.484,122.636,4.427,134.547,,,26.724,26.724,,16.571
170.354,41576640.0,117620137984.0,7.169,126.698,7.122,140.99,,,29.364,29.364,,17.237
186.082,42632456.0,126908743680.0,7.952,138.939,10.78,157.672,,,28.41,28.41,,15.268
211.662,43748552.0,140607635456.0,6.402,155.293,20.983,182.677,,,28.985,28.985,,13.694
241.095,44899572.0,146244911104.0,8.251,179.159,23.485,210.895,,,30.2,30.2,,12.526
268.999,46088652.0,161850654720.0,8.527,203.749,25.699,237.975,,,31.024,31.024,,11.533
290.812,47353672.0,174291288064.0,8.088,223.574,30.126,261.788,,,29.024,29.024,,9.98
317.112,48676444.0,184976097280.0,8.201,241.743,38.692,288.637,,,28.475,28.475,,8.98
328.849,50035844.0,197156323328.0,8.66,245.688,47.451,301.799,,0.0,27.051,27.051,30.253,8.226
336.317,51424316.0,202297851904.0,8.707,246.41,54.67,309.786,,0.0,26.53,26.53,32.461,7.888
356.63,52841316.0,207425830912.0,9.211,260.452,60.445,330.107,,0.0,26.523,26.523,35.654,7.437
361.877,54298448.0,216114298880.0,10.069,259.096,66.605,335.77,,0.0,26.107,26.107,38.713,7.214
381.468,55765848.0,222664802304.0,10.305,268.613,74.497,353.415,,0.0,28.053,28.053,40.614,7.354
391.323,57214632.0,227979902976.0,8.828,275.39,77.674,361.893,0.0,0.0,29.431,29.431,41.952,7.521
396.433,58611032.0,241323327488.0,9.087,270.63,87.395,367.111,0.0,0.0,29.322,29.322,43.276,7.396
392.626,59989148.0,254191042560.0,9.308,259.822,94.518,363.648,0.0,0.0,28.978,28.978,44.987,7.381
392.913,61382204.0,269984907264.0,11.212,243.191,108.666,363.069,0.0,0.0,29.843,29.843,46.737,7.595
413.228,62775844.0,286215798784.0,12.067,253.938,115.5,381.505,0.0,0.0,31.723,31.723,48.55,7.677
437.821,64166908.0,305979195392.0,8.074,275.377,121.275,404.726,0.0,0.0,33.095,33.095,50.652,7.559
461.277,65565196.0,328668905472.0,11.097,291.096,125.125,427.319,0.0,0.0,33.958,33.958,53.57,7.362
480.5,66993732.0,354474459136.0,9.392,307.326,128.975,445.694,0.0,0.0,34.807,34.807,56.784,7.244
500.307,68446008.0,380472688640.0,9.24,323.412,131.863,464.514,0.0,0.0,35.793,35.793,60.697,7.154
536.889,69907888.0,409778257920.0,8.399,330.861,157.85,497.11,0.0,0.035,39.743,39.779,65.73,7.403
568.533,71371368.0,443940929536.0,10.111,323.759,192.5,526.371,0.001,0.238,41.924,42.163,74.47,7.374
593.314,72854256.0,475162705920.0,8.895,305.734,235.812,550.442,0.003,0.526,42.344,42.872,79.37,7.137
610.244,74393760.0,501186265088.0,9.542,304.168,255.062,568.773,0.003,0.62,40.848,41.471,84.81,6.694
645.992,75963328.0,527963291648.0,9.894,311.878,285.862,607.635,0.003,0.829,37.525,38.357,90.48,5.809
682.054,77522424.0,560813244416.0,10.113,328.398,305.112,643.623,0.003,1.452,36.976,38.431,96.21,5.421
699.417,79075312.0,599346511872.0,9.894,347.704,304.15,661.748,0.003,1.461,36.205,37.669,103.16,5.176
736.644,80629664.0,649072410624.0,9.9,337.331,351.312,698.543,0.003,1.722,36.377,38.102,109.5,4.938
784.579,82218760.0,711521730560.0,8.999,364.287,369.215,742.501,0.003,1.873,40.202,42.078,118.78,5.124
831.838,83844784.0,772704108544.0,8.098,385.617,393.085,786.8,0.004,2.613,42.421,45.038,124.29,5.1
861.671,85501064.0,828245147648.0,7.198,403.661,409.447,820.306,0.006,2.897,38.463,41.365,131.67,4.464
895.112,87252416.0,895092326400.0,5.396,415.594,434.184,855.174,0.07,3.911,35.956,39.937,160.29,4.017
938.079,89200056.0,919296081920.0,5.126,414.727,477.592,897.446,0.675,4.124,35.835,40.633,157.08,3.82
975.215,91240384.0,945768431616.0,4.542,423.536,506.371,934.449,1.382,3.664,35.721,40.767,164.39,3.663
968.144,93377896.0,971071815680.0,4.487,428.202,495.014,927.703,0.069,4.297,36.075,40.441,168.23,3.726
955.887,95592328.0,1018607042560.0,4.524,449.203,462.187,915.915,0.378,2.785,36.809,39.972,175.29,3.851
971.72,97723792.0,1058643968000.0,9.319,460.149,460.188,929.656,0.113,5.102,36.849,42.064,186.32,3.792
1025.583,99784032.0,1104510713856.0,14.17,475.5,493.541,983.211,0.625,6.416,35.33,42.372,189.57,3.445
1065.902,101789384.0,1159010320384.0,13.952,451.359,559.341,1024.652,1.604,5.614,34.033,41.25,196.84,3.193
1067.152,103740768.0,1221832605696.0,25.389,402.258,595.946,1023.593,1.463,7.904,34.192,43.559,199.62,3.204
1047.689,105618672.0,,22.941,380.197,590.386,993.525,3.925,13.126,37.113,54.164,194.61,3.542
983.735,107465128.0,,8.733,327.343,583.082,919.159,11.694,13.742,39.141,64.576,189.29,3.979
1053.191,109262184.0,,14.114,352.664,621.671,988.449,13.285,14.079,37.378,64.742,202.25,3.549
1105.468,110990096.0,,14.266,421.248,607.476,1042.99,13.102,13.409,35.968,62.479,208.09,3.254
13.244,4509000.0,17280720896.0,,,,,,,,,,
12.027,4549183.0,15850661888.0,,,,,,,,,,
12.398,4599905.0,14958442496.0,,,,,,,,,,
12.471,4689685.0,15073953792.0,,,,,,,,,,
13.174,4782222.0,15421202432.0,,,,,,,,,,
13.407,4876757.0,15722767360.0,,,,,,,,,,
14.094,4970790.0,15830937600.0,,,,,,,,,,
13.735,5067205.0,16252802048.0,,,,,,,,,,
14.982,5170444.0,16515979264.0,,,,,,,,,,
15.16,5270833.0,16692308992.0,,,,,,,,,,
15.718,5367182.0,17260965888.0,,,,,,,,,,
15.535,5461074.0,18153449472.0,,,,,,,,,,
17.581,5552210.0,19825256448.0,,,,,,,,,,
18.218,5630994.0,21604952064.0,,,,,,,,,,
19.945,5693040.0,23258529792.0,,,,,,,,,,
24.837,5748201.0,25119266816.0,,,,,,,,,,
25.405,5797142.0,25931149312.0,,,,,,,,,,
25.216,5842637.0,27444885504.0,,,,,,,,,,
28.748,5885085.0,28907124736.0,,,,,,,,,,
30.365,5923862.0,30355224576.0,,,,,,,,,,
29.403,5958482.0,31478454272.0,,,,,,,,,3.73,
30.531,5988102.0,32499939328.0,,,,,,,,,3.79,
31.272,6011278.0,33751220224.0,,,,,,,,,3.97,
33.366,6026854.0,35029540864.0,,,,,,,,,4.27,
33.276,6035653.0,36185186304.0,,,,,,,,,4.34,
34.427,6037817.0,38001442816.0,,,,,,,,,4.71,
36.387,6034439.0,40054317056.0,,,,,,,,,5.6,
37.939,6044130.0,42202460160.0,,,,,,,,,5.72,
37.234,6068108.0,43393064960.0,,,,,,,,,5.99,
35.896,6091181.0,42668179456.0,,,,,,,,,5.85,
37.191,6114039.0,43862777856.0,,,,,,,,,5.97,
37.244,6137354.0,45520506880.0,,,,,,,,,6.09,
37.562,6161293.0,46608113664.0,,,,,,,,,6.26,
36.514,6185641.0,48017379328.0,,,,,,,,,6.27,
37.35,6209528.0,49026875392.0,,,,,,,,,6.24,
38.634,6231072.0,50319724544.0,,,,,,,,,6.01,
38.951,6250513.0,51736932352.0,,,,,,,,,6.02,
38.685,6266661.0,53130547200.0,,,,,,,,,5.49,
41.711,6276340.0,54756343808.0,,,,,,,,,5.33,
45.667,6280222.0,,,,,,,,,,5.99,
42.26,6292734.0,,,,,,,,,,6.26,
44.682,6314165.0,,,,,,,,,,6.56,
,6336393.0,,,,,,,,,,7.62,
0.25,282517.0,668928000.0,,,,,,,,,,
0.249,296959.0,708016000.0,,,,,,,,,,
0.31,315749.0,721905024.0,,,,,,,,,,
0.31,336756.0,760200000.0,,,,,,,,,,
0.311,358004.0,767654976.0,,,,,,,,,,
0.371,378386.0,865150016.0,,,,,,,,,,
0.31,397281.0,846355968.0,,,,,,,,,,
0.322,414778.0,882017984.0,,,,,,,,,,
0.323,431597.0,907104000.0,,,,,,,,,,
0.509,448434.0,894918976.0,,,,,,,,,,
0.509,465560.0,917854016.0,,,,,,,,,,
0.509,483153.0,925022336.0,,,,,,,,,,
0.51,501343.0,1054728192.0,,,,,,,,,,
0.509,520247.0,1160722176.0,,,,,,,,,,
0.509,540005.0,1275597184.0,,,,,,,,,,
0.509,560744.0,1433333504.0,,,,,,,,,,
0.51,582588.0,1938736000.0,,,,,,,,,,
0.574,605579.0,3808985856.0,,,,,,,,,,
0.791,629743.0,4506472960.0,,,,,,,,,,
0.791,655039.0,5587884544.0,,,,,,,,,,
3.255,684986.0,6341192192.0,,,,,,,,,0.09,
1.852,719283.0,10710877184.0,,,,,,,,,0.06,
28.258,754127.0,12944267264.0,,,,,,,,,0.11,
30.617,789690.0,14778141696.0,,,,,,,,,0.12,
6.217,826368.0,18414356480.0,,,,,,,,,0.17,
22.617,864740.0,20168024064.0,,,,,,,,,0.2,
27.632,905425.0,21346957312.0,,,,,,,,,0.26,
30.564,948820.0,24766652416.0,,,,,,,,,0.32,
30.279,994982.0,29298388992.0,,,,,,,,,0.46,
32.082,1043698.0,29853093888.0,,,,,,,,,0.51,
30.814,1094538.0,27366670336.0,,,,,,,,,0.58,
33.128,1144590.0,29285787648.0,,,,,,,,,0.65,
32.216,1193641.0,31730929664.0,,,,,,,,,0.75,
33.239,1243947.0,30419136512.0,,,,,,,,,0.96,
31.289,1295193.0,30256852992.0,,,,,,,,,1.09,
27.944,1346974.0,28026101760.0,,,,,,,,,1.3,
27.599,1398940.0,25287602176.0,,,,,,,,,1.4,
30.995,1450703.0,24166326272.0,,,,,,,,,1.34,
28.107,1502102.0,22750613504.0,,,,,,,,,1.35,
27.403,1553037.0,,,,,,,,,,1.4,
18.08,1596057.0,,,,,,,,,,1.41,
20.266,1634473.0,,,,,,,,,,1.42,
,1674916.0,,,,,,,,,,,
3.884,2042501.0,,,,,,,,,,,
4.449,2157227.0,,,,,,,,,,,
4.548,2264083.0,,,,,,,,,,,
4.597,2291571.0,,,,,,,,,,,
4.882,2322761.0,,,,,,,,,,,
5.067,2356488.0,,,,,,,,,,,
2.599,2392888.0,,,,,,,,,,0.2,
2.847,2461930.0,,,,,,,,,,0.22,
2.596,2547428.0,,,,,,,,,,0.24,
3.112,2653393.0,,,,,,,,,,0.26,
3.389,2763143.0,,,,,,,,,,0.27,
3.391,2831735.0,,,,,,,,,,0.27,
2.332,2880094.0,,,,,,,,,,0.25,
2.395,2926172.0,,,,,,,,,,0.27,
1.711,3005783.0,,,,,,,,,,0.27,
2.068,3083900.0,,,,,,,,,,0.28,
2.061,3147733.0,,,,,,,,,,0.29,
2.102,3207574.0,,,,,,,,,,0.3,
2.234,3252600.0,,,,,,,,,,0.31,
2.281,3296370.0,,,,,,,,,,0.32,
2.381,3323429.0,,,,,,,,,,0.32,
2.364,3340005.0,,,,,,,,,,0.33,
2.406,3365288.0,,,,,,,,,,0.34,
2.644,3396933.0,,,,,,,,,,0.41,
3.019,3445380.0,,,,,,,,,,0.43,
3.277,3498819.0,,,,,,,,,,0.44,
3.135,3555869.0,,,,,,,,,,0.42,
3.311,3620324.0,,,,,,,,,,0.45,
118.453,1525790.0,25443762176.0,67.52,40.446,10.486,118.453,,,0.0,0.0,17.827,0.0
117.883,1536031.0,26143514624.0,68.342,40.011,9.53,117.883,,,0.0,0.0,17.951,0.0
119.666,1547709.0,26398461952.0,68.931,40.41,10.325,119.666,,,0.0,0.0,17.9,0.0
117.633,1559598.0,27713411072.0,65.754,40.758,11.12,117.633,,,0.0,0.0,17.627,0.0
121.225,1568053.0,29500420096.0,68.071,42.034,11.12,121.225,,,0.0,0.0,17.611,0.0
127.571,1570676.0,27066095616.0,72.012,41.343,14.215,127.571,0.0,0.0,0.0,0.0,17.18,0.0
116.732,1565621.0,23969413120.0,66.038,36.421,14.274,116.732,0.0,0.0,0.0,0.0,14.63,0.0
81.388,1540386.0,20260763648.0,53.469,19.574,8.345,81.388,0.0,0.0,0.0,0.0,11.83,0.0
67.587,1504446.0,18240808960.0,42.702,20.748,4.136,67.587,0.0,0.0,0.0,0.0,9.12,0.0
68.539,1475730.0,17654292480.0,43.683,18.915,5.941,68.539,0.0,0.0,0.0,0.0,9.15,0.0
62.166,1452777.0,18507421696.0,40.508,14.864,6.774,62.147,0.0,0.0,0.0,0.019,8.69,0.0
66.013,1434670.0,19179796480.0,42.438,16.087,7.471,65.997,0.0,0.0,0.0,0.016,9.09,0.0
65.028,1421491.0,21099665408.0,41.946,15.797,7.26,65.002,0.0,0.0,0.0,0.026,9.22,0.0
58.331,1411151.0,21616367616.0,35.542,15.86,6.89,58.293,0.0,0.0,0.0,0.038,8.52,0.0
53.737,1403494.0,21088651264.0,32.171,14.815,6.698,53.684,0.0,0.0,0.012,0.053,8.26,0.022
55.487,1396881.0,22945026048.0,34.268,13.329,7.699,55.297,0.0,0.0,0.015,0.19,8.51,0.027
57.843,1388000.0,24006164480.0,34.071,15.417,8.262,57.751,0.0,0.0,0.022,0.092,8.49,0.038
57.606,1379241.0,25057701888.0,33.308,17.263,6.928,57.499,0.0,0.004,0.016,0.107,8.53,0.028
62.824,1370663.0,26485059584.0,38.574,16.203,7.909,62.686,0.0,0.018,0.037,0.138,10.16,0.059
64.102,1362489.0,27701385216.0,38.465,16.444,9.008,63.917,0.0,0.022,0.065,0.185,10.31,0.101
64.466,1354665.0,29813616640.0,38.091,16.752,9.3,64.143,0.0,0.154,0.062,0.323,10.2,0.095
63.681,1346711.0,32350019584.0,36.388,17.505,9.399,63.292,0.0,0.217,0.038,0.389,9.73,0.06
73.755,1340576.0,34297835520.0,45.288,18.684,9.343,73.315,0.0,0.257,0.062,0.44,12.18,0.084
67.854,1337013.0,31920816128.0,40.482,17.79,8.961,67.233,0.0,0.374,0.079,0.621,10.58,0.116
58.717,1334557.0,26784890880.0,34.966,15.987,6.107,57.061,0.0,0.545,0.089,1.656,8.78,0.152
73.149,1331535.0,26952075264.0,46.825,16.48,6.542,69.847,0.0,0.769,0.075,3.301,12.97,0.102
72.963,1327435.0,28535476224.0,47.393,16.067,5.853,69.313,0.001,1.015,0.083,3.65,12.89,0.113
73.483,1322682.0,29763610624.0,43.544,19.049,6.343,68.937,0.001,1.19,0.115,4.546,11.96,0.157
77.463,1317985.0,30185959424.0,48.426,18.806,6.453,73.686,0.004,1.442,0.071,3.777,13.28,0.091
74.158,1314531.0,31037874176.0,47.36,17.414,5.066,69.839,0.008,1.636,0.073,4.318,12.45,0.099
68.62,1314658.0,31485411328.0,41.963,17.381,4.541,63.885,0.016,1.925,0.073,4.735,10.15,0.106
70.763,1315928.0,31962619904.0,44.064,16.955,4.981,66.0,0.026,1.59,0.094,4.763,12.17,0.132
78.485,1317550.0,33800136704.0,50.302,17.695,4.889,72.885,0.039,1.924,0.069,5.599,13.16,0.088
77.874,1322146.0,35409424384.0,49.141,17.475,5.004,71.619,0.081,1.683,0.04,6.255,12.37,0.051
62.763,1327039.0,,35.807,15.589,4.661,56.056,0.194,1.811,0.05,6.707,7.61,0.08
58.786,1329449.0,,29.108,16.428,4.3,49.837,0.322,2.217,0.079,8.949,6.08,0.134
61.626,1328704.0,,31.758,15.857,4.863,52.478,0.926,1.918,0.06,9.147,7.19,0.098
61.668,1326064.0,,34.027,14.606,3.621,52.255,1.544,1.724,0.061,9.414,8.34,0.099
,109096.0,,,,,,,,,,,
,110604.0,,,,,,,,,,,
,112272.0,,,,,,,,,,,
,114104.0,,,,,,,,,,,
,115966.0,,,,,,,,,,,
,117859.0,,,,,,,,,,,
,119782.0,,,,,,,,,,,
,121736.0,,,,,,,,,,,
,123723.0,,,,,,,,,,,
,125718.0,,,,,,,,,,,
,127720.0,,,,,,,,,,,
,129731.0,,,,,,,,,,,
,131749.0,,,,,,,,,,,
,133775.0,,,,,,,,,,,
,135832.0,,,,,,,,,,,
,137920.0,,,,,,,,,,,
,140041.0,,,,,,,,,,,
,142194.0,,,,,,,,,,,
,144399.0,,,,,,,,,,,
,146801.0,,,,,,,,,,,
,149409.0,,,,,,,,,,,
,152228.0,,,,,,,,,,,
,155266.0,,,,,,,,,,,
,158529.0,,,,,,,,,,,
,161861.0,,,,,,,,,,,
,165263.0,,,,,,,,,,,
,168736.0,,,,,,,,,,,
,172282.0,,,,,,,,,,,
,175903.0,,,,,,,,,,,
,179570.0,,,,,,,,,,,
,183282.0,,,,,,,,,,,
,187040.0,,,,,,,,,,,
,190846.0,,,,,,,,,,,
,194698.0,,,,,,,,,,,
,198628.0,,,,,,,,,,,
,202637.0,,,,,,,,,,,
,206727.0,,,,,,,,,,,
,210900.0,,,,,,,,,,,
,215157.0,,,,,,,,,,,
,219455.0,,,,,,,,,,,
,223795.0,,,,,,,,,,,
,228176.0,,,,,,,,,,,
,232598.0,,,,,,,,,,,
,237062.0,,,,,,,,,,,
,241611.0,,,,,,,,,,,
,246248.0,,,,,,,,,,,
,250973.0,,,,,,,,,,,
,255790.0,,,,,,,,,,,
,260698.0,,,,,,,,,,,
,265978.0,,,,,,,,,,,
,271656.0,167539936.0,,,,,,,,,,
,278573.0,176744480.0,,,,,,,,,,
,285572.0,182272608.0,,,,,,,,,,
,292644.0,189501952.0,,,,,,,,,,
,299814.0,200069504.0,,,,,,,,,,
,307090.0,206422400.0,,,,,,,,,,
,314451.0,214622400.0,,,,,,,,,,
,321935.0,222837360.0,,,,,,,,,,
,329545.0,229028512.0,,,,,,,,,,
,337268.0,242299904.0,,,,,,,,,,
,345074.0,275492288.0,,,,,,,,,,
,352981.0,310627264.0,,,,,,,,,,
,361081.0,376296096.0,,,,,,,,,,
,369535.0,397363712.0,,,,,,,,,,
,378542.0,456314688.0,,,,,,,,,,
,388327.0,527314912.0,,,,,,,,,,
,398869.0,549730880.0,,,,,,,,,,
,409652.0,602007360.0,,,,,,,,,,
,420382.0,573858240.0,,,,,,,,,,
,431377.0,598423936.0,,,,,,,,,,
,442874.0,775567104.0,,,,,,,,,,
,454928.0,804890368.0,,,,,,,,,,
,467518.0,906918336.0,,,,,,,,,,
,480673.0,938127232.0,,,,,,,,,,
,494633.0,1117013632.0,,,,,,,,,,
,509545.0,1487587584.0,,,,,,,,,,
,525462.0,1682911744.0,,,,,,,,,,
,542337.0,1700027904.0,,,,,,,,,,
,560243.0,1722091392.0,,,,,,,,,,
,579100.0,1758990080.0,,,,,,,,,,
2.788,598568.0,1801349376.0,,,,,,,,,,
2.714,616213.0,1924760576.0,,,,,,,,,,
2.393,634449.0,1952841344.0,,,,,,,,,,
2.091,655515.0,1942272384.0,,,,,,,,,,
2.447,677313.0,1990645632.0,,,,,,,,,,
3.077,702409.0,2029726848.0,,,,,,,,,,
2.957,730156.0,2406444032.0,,,,,,,,,,
3.276,758676.0,2646884096.0,,,,,,,,,,
3.311,794440.0,2846423552.0,,,,,,,,,,
3.555,825960.0,3114432768.0,,,,,,,,,,
3.449,854020.0,3420534784.0,,,,,,,,,,
3.528,889719.0,3548878848.0,,,,,,,,,,
3.455,925170.0,3732391424.0,,,,,,,,,,
3.443,953454.0,3919793408.0,,,,,,,,,,
4.458,953745.0,4084366080.0,,,,,,,,,,
4.365,953586.0,4356450304.0,,,,,,,,,,
4.173,973593.0,4598027776.0,,,,,,,,,,
4.289,990740.0,4766768640.0,,,,,,,,,,
5.31,1005162.0,4867682304.0,,,,,,,,,,
5.412,1018383.0,4986982400.0,,,,,,,,,,
6.269,1030504.0,5050303488.0,,,,,,,,,0.61,
6.323,1041400.0,5125500416.0,,,,,,,,,0.63,
6.515,1050818.0,5280506880.0,,,,,,,,,0.65,
5.992,1058808.0,5518729216.0,,,,,,,,,0.56,
5.822,1065776.0,5696421888.0,,,,,,,,,0.53,
6.024,1071895.0,6002942464.0,,,,,,,,,0.6,
6.129,1077747.0,6319745024.0,,,,,,,,,0.6,
6.387,1084015.0,6589486592.0,,,,,,,,,0.63,
6.173,1089885.0,6906669056.0,,,,,,,,,0.6,
6.025,1094890.0,7131567104.0,,,,,,,,,0.63,
5.661,1099926.0,7332277248.0,,,,,,,,,0.64,
5.788,1105379.0,7567466496.0,,,,,,,,,0.71,
5.738,1111453.0,7793097728.0,,,,,,,,,0.74,
5.651,1118329.0,8126636032.0,,,,,,,,,0.81,
5.738,1125872.0,8327527424.0,,,,,,,,,0.65,
5.688,1133941.0,8445665792.0,,,,,,,,,0.55,
6.019,1142529.0,8425262080.0,,,,,,,,,0.56,
6.395,1151397.0,8586136576.0,,,,,,,,,0.67,
6.758,1160430.0,8771760128.0,,,,,,,,,0.75,
6.761,1169620.0,,,,,,,,,,0.71,
6.629,1180663.0,,,,,,,,,,0.74,
7.131,1192273.0,,,,,,,,,,0.74,
8.832,34945472.0,38082969600.0,,,,,,,,,,
8.91,35818844.0,38888415232.0,,,,,,,,,,
9.745,37213396.0,39483908096.0,,,,,,,,,,
11.135,38235184.0,41460916224.0,,,,,,,,,,
11.33,39202892.0,40637087744.0,,,,,,,,,,
13.345,40285960.0,37958074368.0,,,,,,,,,,
13.079,41455312.0,40403509248.0,,,,,,,,,,
14.697,42851960.0,44197122048.0,,,,,,,,,,
14.425,44511536.0,45041422336.0,,,,,,,,,,
15.168,46195952.0,45764087808.0,,,,,,,,,,
15.476,47878076.0,45030920192.0,,,,,,,,,,
13.418,49937436.0,41447817216.0,,,,,,,,,,
18.051,52011560.0,37455360000.0,,,,,,,,,,
17.271,53791672.0,37874282496.0,,,,,,,,,,
12.937,55620212.0,40711847936.0,,,,,,,,,,
13.879,57476540.0,42631098368.0,,,,,,,,,,
11.653,59347656.0,46130257920.0,,,,,,,,,,
11.743,61233480.0,49275084800.0,,,,,,,,,,
15.273,63136492.0,48734085120.0,,,,,,,,,,
18.113,65077584.0,48438292480.0,,,,,,,,,,
19.305,67031872.0,50326962176.0,,,,,,,,,1.7,
21.019,69018936.0,52434132992.0,,,,,,,,,2.04,
21.595,71073224.0,54501777408.0,,,,,,,,,2.07,
23.357,73168848.0,53892042752.0,,,,,,,,,2.33,
24.974,75301024.0,55845388288.0,,,,,,,,,2.57,
28.678,77469944.0,61634772992.0,,,,,,,,,2.88,
31.471,79691056.0,67217117184.0,,,,,,,,,3.3,
34.836,81996184.0,73421791232.0,,,,,,,,,3.54,
36.469,84357104.0,79756500992.0,,,,,,,,,3.75,
37.707,86755584.0,86391037952.0,,,,,,,,,3.97,
41.787,89237800.0,94148632576.0,,,,,,,,,4.99,
47.217,91817936.0,104948621312.0,,,,,,,,,6.32,
52.619,94451280.0,115914989568.0,,,,,,,,,7.55,
61.419,97084376.0,126443028480.0,,,,,,,,,8.67,
69.586,99746768.0,139096784896.0,,,,,,,,,9.47,
73.311,102471896.0,152372019200.0,,,,,,,,,10.39,
84.997,105293232.0,164904124416.0,,,,,,,,,12.47,
86.015,108197944.0,181740830720.0,,,,,,,,,13.13,
91.524,111129440.0,195740319744.0,,,,,,,,,13.79,
105.218,114120592.0,,,,,,,,,,14.23,
100.796,117190920.0,,,,,,,,,,14.23,
104.837,120283024.0,,,,,,,,,,14.69,
15113.67,,,,,,,,,,,,
14932.121,,,,,,,,,,,,
15428.259,,,,,,,,,,,,
15767.473,,,,,,,,,,,,
16565.219,,,,,,,,,,,,
17153.902,,,,,,,,,,,,
17525.936,,,,,,,,,,,,
18122.451,,,,,,,,,,,,
18666.029,,,,,,,,,,,,
18637.066,,,,,,,,,,,,
18446.141,,,,,,,,,,,,
18170.84,,,,,,,,,,,,
16310.039,,,,,,,,,,,,
14853.391,,,,,,,,,,,,
13226.822,,,,,,,,,,,,
12765.032,,,,,,,,,,,,
12006.96,,,,,,,,,,,,
11445.576,,,,,,,,,,,,
11216.88,,,,,,,,,,,,
11310.007,,,,,,,,,,,,
11636.75,,,,,,,,,,,,
11615.828,,,,,,,,,,,,
11879.096,,,,,,,,,,,,
12288.338,,,,,,,,,,,,
12400.805,,,,,,,,,,,,
12352.7,,,,,,,,,,,,
12801.844,,,,,,,,,,,,
12931.861,,,,,,,,,,,,
13277.664,,,,,,,,,,,,
11745.968,,,,,,,,,,,,
12947.563,,,,,,,,,,,,
13613.876,,,,,,,,,,,,
13569.507,,,,,,,,,,,,
13318.347,,,,,,,,,,,,
13264.783,,,,,,,,,,,,
13016.355,,,,,,,,,,,,
12960.17,,,,,,,,,,,,
13018.781,,,,,,,,,,,,
13414.187,,,,,,,,,,,,
13417.501,,,,,,,,,,,,
13418.156,,,,,,,,,,,,
13987.996,,,,,,,,,,,,
,,,,,,,,,,,,
,,,,,,,,,,,,
,,,,,,,,,,,,
,,,,,,,,,,,,
,,,,,,,,,,,,
,,,,,,,,,,,,
,,,,,,,,,,,,
,,,,,,,,,,,,
,,,,,,,,,,,,
,,,,,,,,,,,,
,,,,,,,,,,,,
,,,,,,,,,,,,
,,,,,,,,,,,,
,,,,,,,,,,,,
,,,,,,,,,,,,
,,,,,,,,,,,,
,,,,,,,,,,,,
,,,,,,,,,,,,
,,,,,,,,,,,,
,,,,,,,,,,,,
,,,,,,,,,,,,
,,,,,,,,,,,,
,,,,,,,,,,,,
,,,,,,,,,,,,
,,,,,,,,,,,,
,,,,,,,,,,,,
,,,,,,,,,,,,
,,,,,,,,,,,,
,,,,,,,,,,,,
,,,,,,,,,,,,
,,,,,,,,,,,,
,,,,,,,,,,,,
,,,,,,,,,,,,
,,,,,,,,,,,,
,,,,,,,,,,,,
,,,,,,,,,,,,
,,,,,,,,,,,,
,,,,,,,,,,,,
,,,,,,,,,,,,
,,,,,,,,,,,,
,,,,,,,,,,,,
,,,,,,,,,,,,
,,,,,,,,,,,,
,,,,,,,,,,,,
,,,,,,,,,,,,
,,,,,,,,,,,,
,,,,,,,,,,,,
,,,,,,,,,,,,
,,,,,,,,,,,,
,,,,,,,,,,,,
,,,,,,,,,,,,
,,,,,,,,,,,,
,,,,,,,,,,,,
,,,,,,,,,,,,
,,,,,,,,,,,,
,,,,,,,,,,,,
,,,,,,,,,,,,
,,,,,,,,,,,,
,,,,,,,,,,,,
,,,,,,,,,,,,
,,,,,,,,,,,,
,,,,,,,,,,,,
,,,,,,,,,,,,
,,,,,,,,,,,,
,,,,,,,,,,,,
,,,,,,,,,,,,
,,,,,,,,,,,,
,,,,,,,,,,,,
,,,,,,,,,,,,
,,,,,,,,,,,,
,,,,,,,,,,,,
,,,,,,,,,,,,
,,,,,,,,,,,,
,,,,,,,,,,,,
,,,,,,,,,,,,
,,,,,,,,,,,,
,,,,,,,,,,,,
,,,,,,,,,,,,
,,,,,,,,,,,,
,,,,,,,,,,,,
,,,,,,,,,,,,
,,,,,,,,,,,,
,,,,,,,,,,,,
,,,,,,,,,,,,
,,,,,,,,,,,,
,,,,,,,,,,,,
,,,,,,,,,,,,
,,,,,,,,,,,,
,,,,,,,,,,,,
,,,,,,,,,,,,
,,,,,,,,,,,,
,,,,,,,,,,,,
,,,,,,,,,,,,
,,,,,,,,,,,,
,,,,,,,,,,,,
,,,,,,,,,,,,
,,,,,,,,,,,,
,,,,,,,,,,,,
,,,,,,,,,,,,
,,,,,,,,,,,,
,,,,,,,,,,,,
,,,,,,,,,,,,
,,,,,,,,,,,,
,,,,,,,,,,,,
,,,,,,,,,,,,
,,,,,,,,,,,,
,,,,,,,,,,,,
,,,,,,,,,,,,
,,,,,,,,,,,,
,,,,,,,,,,,,
,,,,,,,,,,,,
,,,,,,,,,,,,
,,,,,,,,,,,,
,,,,,,,,,,,,
,,,,,,,,,,,,
,,,,,,,,,,,,
,,,,,,,,,,,,
,406610221.0,,,,,,,,,,,
,410099626.0,,,,,,,,,,,
,413672640.0,,,,,,,,,,,
,417316451.0,,,,,,,,,,,
,420997949.0,,,,,,,,,,,
,424717568.0,,,,,,,,,,,
,428474753.0,,,,,,,,,,,
,432272939.0,,,,,,,,,,,
,436109583.0,,,,,,,,,,,
,439411115.0,,,,,,,,,,,
,442194261.0,,,,,,,,,,,
,444363548.0,,,,,,,,,,,
,446030669.0,,,,,,,,,,,
,447157148.0,,,,,,,,,,,
,448307128.0,,,,,,,,,,,
,449423592.0,,,,,,,,,,,
,450498535.0,,,,,,,,,,,
,451568957.0,,,,,,,,,,,
,452645916.0,,,,,,,,,,,
,454193229.0,,,,,,,,,,,
,456331461.0,,,,,,,,,,,
,458830774.0,,,,,,,,,,,
,461876989.0,,,,,,,,,,,
,465339545.0,,,,,,,,,,,
,468840370.0,,,,,,,,,,,
,472396648.0,,,,,,,,,,,
,475977573.0,,,,,,,,,,,
,479582375.0,,,,,,,,,,,
,483231273.0,,,,,,,,,,,
,486856416.0,,,,,,,,,,,
,490484387.0,,,,,,,,,,,
,494043284.0,,,,,,,,,,,
,497592961.0,,,,,,,,,,,
,501105780.0,,,,,,,,,,,
,504644354.0,,,,,,,,,,,
,508206993.0,,,,,,,,,,,
,511795020.0,,,,,,,,,,,
,515411747.0,,,,,,,,,,,
,519033503.0,,,,,,,,,,,
,522615965.0,,,,,,,,,,,
,525771260.0,,,,,,,,,,,
,528507172.0,,,,,,,,,,,
,530947857.0,,,,,,,,,,,
,533166124.0,,,,,,,,,,,
,535512973.0,,,,,,,,,,,
,537405457.0,,,,,,,,,,,
,538579645.0,,,,,,,,,,,
,540201613.0,,,,,,,,,,,
,542680809.0,,,,,,,,,,,
,545615974.0,,,,,,,,,,,
,550216093.0,,,,,,,,,,,
,555061185.0,,,,,,,,,,,
,560119243.0,,,,,,,,,,,
,565576038.0,,,,,,,,,,,
,571196736.0,,,,,,,,,,,
,576839472.0,,,,,,,,,,,
,582519126.0,,,,,,,,,,,
,588264858.0,,,,,,,,,,,
,594232834.0,,,,,,,,,,,
,600259340.0,,,,,,,,,,,
,606215982.0,,,,,,,,,,,
,612306138.0,,,,,,,,,,,
,618273684.0,,,,,,,,,,,
,623943380.0,,,,,,,,,,,
,629557545.0,,,,,,,,,,,
19237.844,634885238.0,,9511.277,6933.232,1595.904,18040.414,0.0,0.0,1127.945,1136.317,,5.863
20040.201,639887368.0,,9385.44,7552.965,1786.635,18725.041,0.0,0.0,1224.356,1236.124,,6.109
20786.977,644742383.0,,9256.84,8203.042,2008.786,19468.668,0.0,0.0,1214.293,1227.145,,5.842
21936.818,649242981.0,,9308.798,8936.249,2280.008,20525.055,0.0,0.0,1292.505,1306.93,,5.892
23295.404,653377719.0,,9432.775,9826.869,2583.965,21843.609,0.0,0.0,1309.095,1324.856,,5.62
24701.133,657162493.0,,9301.574,10877.038,2980.236,23158.85,0.0,0.0,1382.163,1403.385,,5.596
25550.406,661120693.0,,9128.504,11434.073,3407.776,23970.354,0.0,0.0,1398.81,1420.429,,5.475
26793.248,665447567.0,,9041.875,12275.271,3805.59,25122.734,0.0,0.0,1429.786,1451.041,,5.336
28253.414,669560034.0,,9165.502,13148.835,4218.347,26532.684,0.0,0.0,1446.128,1469.074,,5.118
28568.527,673561825.0,,9130.07,12937.709,4606.604,26674.383,0.0,0.0,1561.188,1585.311,,5.465
28898.396,677416162.0,,9112.683,12798.23,4989.565,26900.479,0.0,0.0,1560.09,1585.701,,5.399
30316.402,681010392.0,,9350.6,13493.773,5461.018,28305.391,0.0,0.0,1490.899,1516.571,,4.918
31146.506,684505429.0,,9406.34,13559.638,5792.314,28758.291,0.0,0.0,1758.561,1785.32,,5.646
32393.557,687813873.0,,9481.176,14288.755,6109.833,29879.764,0.0,0.009,1821.195,1849.793,,5.622
33505.332,690959650.0,,9749.822,14616.532,6470.533,30836.889,0.0,0.018,1895.087,1924.904,,5.656
33275.973,694116870.0,,9730.223,14167.721,6579.617,30477.561,0.0,0.031,1884.656,1917.576,,5.664
33047.898,697116698.0,,9603.929,13576.338,6774.275,29954.541,0.0,0.031,1905.967,1938.985,,5.767
32996.145,699916920.0,,9685.924,13103.451,7038.406,29827.781,0.0,0.055,1853.5,1883.926,,5.617
33463.344,702722581.0,,9767.687,12790.341,7458.569,30016.596,0.0,0.089,1919.515,1950.939,,5.736
34496.789,705518662.0,,9707.405,12839.5,8014.574,30561.48,0.003,0.113,1995.244,2027.771,,5.784
33404.445,708248307.0,,9429.619,12087.632,7673.371,29190.621,0.003,0.17,1922.511,1958.453,3844.832,5.755
33993.855,711128862.0,,9419.216,12438.036,7815.64,29672.891,0.003,0.395,1886.688,1925.931,3944.558,5.55
34756.773,714220723.0,,9503.838,12472.559,8216.188,30192.584,0.0,0.564,1989.599,2028.5,4084.972,5.724
35160.785,717211211.0,,9326.825,12468.502,8473.379,30268.707,0.003,0.975,2066.544,2108.356,4185.539,5.877
35093.277,719885867.0,,9140.235,12485.897,8641.229,30267.363,0.027,1.524,1878.892,1922.675,4253.702,5.354
35143.59,722286138.0,,8624.07,12606.875,9065.899,30296.844,0.037,2.305,1911.06,1972.71,4275.792,5.438
34685.832,724402343.0,,8048.178,12449.92,9232.272,29730.371,0.046,2.896,1946.183,2010.363,4276.001,5.611
33411.672,726070329.0,,7558.159,11977.388,8846.302,28381.848,0.074,4.538,1998.034,2067.513,4168.971,5.98
32242.754,727268328.0,,7005.544,11209.041,8842.118,27056.703,0.096,6.776,2042.765,2121.493,4090.752,6.336
30939.164,727908035.0,,6476.772,10880.675,8438.882,25796.328,0.102,8.836,2077.471,2163.209,4021.404,6.715
30870.418,728163234.0,,6357.189,10737.558,8537.65,25632.396,0.133,11.453,2086.546,2183.132,4077.572,6.759
31098.074,728333999.0,,6163.899,10569.711,9068.158,25801.768,0.141,14.311,1957.45,2058.639,4130.401,6.294
30592.184,728464357.0,,5895.84,10622.526,8655.78,25174.148,0.169,21.603,2027.448,2152.665,4146.337,6.627
30752.863,728360707.0,,5670.359,10737.499,8868.485,25276.344,0.199,33.056,2100.422,2249.166,4206.256,6.83
30713.07,728032064.0,,5434.912,10626.859,9048.178,25109.949,0.237,42.091,2141.218,2305.702,4266.549,6.972
31077.365,727917165.0,,5580.727,10467.451,9259.316,25307.494,0.22,66.273,2220.647,2423.58,4305.37,7.146
31531.793,727842834.0,,5552.18,10661.939,9413.887,25628.006,0.571,78.923,2238.519,2468.136,4384.33,7.099
31328.963,727921167.0,,5544.816,10550.113,9468.498,25563.428,0.919,106.348,2021.426,2301.216,4414.82,6.452
31866.574,728424985.0,,5715.427,10661.938,9779.315,26156.68,1.36,130.075,1887.309,2217.563,4514.6,5.923
32280.455,729181616.0,,5577.022,10721.833,10045.516,26344.371,2.164,172.177,2018.86,2432.215,4607.82,6.254
32370.221,729987229.0,,5404.721,10779.154,10212.317,26396.191,4.331,204.946,2018.306,2513.608,4668.55,6.235
32832.102,730912800.0,,5598.947,10882.642,10348.0,26829.59,7.312,238.042,1966.656,2550.55,4757.13,5.99
32574.055,732466669.0,,5591.573,10670.521,10317.612,26579.707,10.966,300.195,1992.943,2695.949,4811.01,6.118
32488.439,734348289.0,,5392.266,10621.997,10337.445,26351.707,21.327,340.942,2036.88,2852.563,4855.41,6.27
30565.209,736013515.0,,4794.713,10096.927,9588.531,24480.172,40.003,376.095,2033.266,2954.915,4617.98,6.652
31745.045,737406197.0,,4952.181,10080.818,10321.889,25354.889,65.211,417.771,2124.765,3188.118,4820.0,6.693
31344.812,738734474.0,,5140.02,9969.297,9939.508,25048.824,130.121,502.729,1877.154,3127.676,4781.39,5.989
31285.432,740063831.0,,5266.866,9758.562,9709.16,24734.588,197.995,573.585,2005.138,3457.495,4812.66,6.409
30939.303,741180502.0,,5090.478,9549.432,9549.834,24189.742,235.868,655.661,2135.549,3719.128,4770.93,6.902
30023.74,742190861.0,,4734.474,9486.608,8948.588,23169.67,266.527,694.611,2104.599,3804.169,4684.29,7.01
29952.332,743294457.0,,4630.649,9529.164,8898.572,23058.387,294.286,828.081,1988.264,3887.306,4716.64,6.638
30345.891,744516175.0,,4416.469,9710.717,9318.166,23445.352,301.938,823.247,2064.183,3975.784,4767.69,6.802
30567.303,745657647.0,,4216.76,9853.43,9572.84,23643.029,322.957,975.38,1900.284,4015.45,4785.03,6.217
30927.805,746577709.0,,4148.695,9870.683,9745.767,23765.145,343.979,1015.03,2057.104,4267.382,4796.77,6.651
30444.082,747418251.0,,3587.771,9875.64,9753.065,23216.477,377.136,1155.062,1935.396,4347.254,4752.38,6.357
28569.602,747462669.0,,3105.712,8736.262,9367.039,21209.012,440.172,1285.665,2089.74,4716.329,4614.0,7.315
30166.586,746417727.0,,3365.556,9133.979,10092.123,22591.658,490.02,1234.457,2128.564,4786.486,4821.34,7.056
28543.871,744806995.0,,3210.59,9440.399,8740.663,21391.652,607.998,1365.527,1819.005,4725.802,4781.189,6.373
12412.4,,,6094.771,4980.371,379.145,11454.287,0.0,0.0,893.588,902.28,,7.199
12788.901,,,5847.718,5466.834,429.26,11743.812,0.0,0.0,959.75,971.907,,7.505
13164.532,,,5658.22,5934.346,514.361,12106.928,0.0,0.0,959.433,972.837,,7.288
14043.018,,,5745.591,6525.836,666.404,12937.832,0.0,0.0,994.248,1009.244,,7.08
15059.014,,,5820.681,7267.149,859.532,13947.361,0.0,0.0,978.692,995.022,,6.499
16037.899,,,5725.027,8055.935,1085.388,14866.35,0.0,0.0,1023.349,1045.101,,6.381
16470.436,,,5480.058,8453.693,1336.558,15270.309,0.0,0.0,1033.654,1055.791,,6.276
17257.891,,,5293.954,9047.596,1627.107,15968.656,0.0,0.0,1075.85,1097.664,,6.234
18248.994,,,5378.126,9694.992,1849.198,16922.316,0.0,0.0,1092.054,1115.629,,5.984
18003.582,,,5329.305,9126.41,2094.446,16550.16,0.0,0.0,1180.7,1205.483,,6.558
17825.717,,,5204.392,8810.394,2248.596,16263.381,0.0,0.0,1205.005,1231.318,,6.76
18832.332,,,5449.988,9410.929,2444.75,17305.666,0.0,0.0,1114.296,1140.482,,5.917
19160.238,,,5436.553,9328.601,2560.345,17325.498,0.0,0.0,1349.19,1376.645,,7.042
19892.191,,,5536.945,9800.724,2663.358,18001.025,0.0,0.009,1346.993,1376.029,,6.771
20636.078,,,5778.368,10024.282,2811.932,18614.582,0.0,0.018,1416.841,1447.121,,6.866
20122.844,,,5886.538,9348.721,2808.843,18044.1,0.0,0.031,1374.31,1407.664,,6.83
19610.832,,,5786.849,8711.057,2781.233,17279.139,0.0,0.031,1391.072,1424.442,,7.093
19244.57,,,5819.369,8287.65,2728.287,16835.307,0.0,0.055,1378.873,1409.299,,7.165
19425.943,,,5900.382,8057.64,2837.049,16795.07,0.0,0.089,1419.727,1451.151,,7.308
19934.01,,,5890.333,8105.108,2971.76,16967.199,0.003,0.113,1434.712,1467.302,,7.197
23827.354,,,7239.403,9066.216,4026.46,20332.08,0.003,0.17,1485.761,1521.72,2883.876,6.236
24224.264,,,7178.008,9345.303,4129.31,20652.621,0.003,0.395,1435.812,1475.178,2946.571,5.927
24721.123,,,7235.801,9388.736,4311.675,20936.213,0.0,0.564,1563.999,1603.065,3044.572,6.327
24990.701,,,7086.995,9435.364,4348.913,20871.273,0.003,0.975,1676.239,1718.245,3129.937,6.707
24891.398,,,6998.947,9402.842,4469.701,20871.49,0.027,1.524,1459.572,1503.533,3190.756,5.864
25163.512,,,6665.668,9584.871,4826.92,21077.459,0.037,2.305,1486.087,1547.767,3211.609,5.906
24856.004,,,6281.051,9502.883,4886.94,20670.875,0.046,2.896,1516.152,1580.488,3229.349,6.1
24045.195,,,5911.438,9256.104,4618.963,19786.504,0.074,4.538,1566.186,1635.823,3190.269,6.514
23642.186,,,5524.592,9042.338,4642.213,19209.143,0.096,6.776,1627.73,1706.678,3174.604,6.885
23153.873,,,5208.038,9001.716,4508.473,18718.227,0.102,8.836,1647.646,1733.587,3192.415,7.116
23628.254,,,5150.11,9174.939,4762.982,19088.031,0.133,11.453,1670.396,1767.758,3278.875,7.069
24202.84,,,5004.181,9270.499,5277.245,19551.926,0.141,14.311,1620.797,1722.612,3354.351,6.697
24131.861,,,4866.93,9345.68,5155.936,19368.545,0.169,21.603,1679.592,1805.81,3389.445,6.96
24332.033,,,4732.111,9530.203,5230.537,19492.852,0.199,33.072,1756.536,1906.132,3466.628,7.219
24188.729,,,4470.258,9393.853,5438.863,19302.973,0.237,42.152,1769.13,1934.153,3510.248,7.314
24472.893,,,4600.32,9282.01,5584.936,19467.266,0.22,66.366,1826.703,2030.241,3619.313,7.464
24741.197,,,4558.572,9410.024,5694.592,19663.188,0.571,79.097,1798.088,2028.39,3685.158,7.268
24633.607,,,4556.185,9370.651,5712.716,19639.553,0.919,106.47,1646.299,1926.427,3719.249,6.683
25073.809,,,4737.727,9423.011,5971.038,20131.777,1.36,130.229,1538.225,1868.096,3810.81,6.135
25456.066,,,4664.904,9513.714,6115.666,20294.285,2.164,172.32,1645.322,2058.059,3895.6,6.463
25578.92,,,4554.524,9567.315,6275.513,20397.354,4.331,205.092,1637.224,2131.782,3958.426,6.401
25798.85,,,4767.774,9594.714,6228.662,20591.15,7.312,238.396,1599.383,2182.88,4014.727,6.199
25575.303,,,4833.916,9406.559,6173.632,20414.105,10.966,301.167,1593.6,2297.093,4063.817,6.231
25453.5,,,4557.58,9303.157,6263.536,20124.273,21.327,343.303,1667.219,2484.815,4087.368,6.55
23954.723,,,4075.131,8836.155,5778.54,18689.826,40.003,380.258,1647.074,2573.157,3894.335,6.876
24884.039,,,4257.28,8766.436,6233.613,19257.328,65.218,425.852,1806.314,2878.561,4064.606,7.259
24309.418,,,4431.594,8521.898,5809.284,18762.775,130.125,515.735,1571.609,2836.14,4020.498,6.465
24261.098,,,4537.414,8248.538,5661.993,18447.943,197.995,589.624,1715.422,3186.923,4052.534,7.071
24031.004,,,4395.092,8092.074,5548.122,18035.289,235.856,676.224,1803.406,3416.446,4021.5,7.504
23133.395,,,4126.706,7949.019,5001.856,17077.582,266.135,717.408,1744.639,3475.817,3937.56,7.542
23361.488,,,3954.706,8154.735,5092.425,17201.867,293.881,858.957,1716.385,3658.108,3981.444,7.347
23667.6,,,3816.283,8330.123,5378.873,17525.279,303.407,864.195,1749.57,3722.644,4021.97,7.392
23935.176,,,3689.773,8506.695,5595.427,17791.895,328.962,1022.399,1561.367,3753.229,4061.956,6.523
23946.395,,,3601.37,8468.791,5479.956,17550.117,362.651,1066.92,1710.453,4020.396,4066.119,7.143
23591.434,,,3069.07,8437.767,5551.905,17058.742,398.45,1211.076,1656.235,4180.962,3995.202,7.02
22010.979,,,2654.11,7353.768,5416.794,15424.672,463.594,1347.397,1735.864,4487.042,3880.619,7.886
23049.785,,,2886.298,7693.72,5731.469,16311.486,520.01,1309.471,1712.644,4522.784,4043.612,7.43
22169.146,,,2797.356,7977.596,4987.803,15762.755,642.49,1445.711,1477.956,4551.358,3900.856,6.667
,,,,,,,,,,,4429.7,
,,,,,,,,,,,4506.52,
,,,,,,,,,,,4543.24,
,,,,,,,,,,,4654.12,
,,,,,,,,,,,4757.56,
,,,,,,,,,,,4830.1,
,,,,,,,,,,,4933.3,
,,,,,,,,,,,5002.42,
,,,,,,,,,,,5053.72,
,,,,,,,,,,,4812.71,
,,,,,,,,,,,5031.06,
,,,,,,,,,,,5010.67,
,,,,,,,,,,,5052.04,
,,,,,,,,,,,5010.8,
,,,,,,,,,,,4935.91,
,,,,,,,,,,,4977.93,
,,,,,,,,,,,5041.38,
,,,,,,,,,,,5081.46,
,,,,,,,,,,,5100.63,
,,,,,,,,,,,5055.17,
,,,,,,,,,,,4919.42,
,,,,,,,,,,,5154.75,
,,,,,,,,,,,5026.27,
,,,,,,,,,,,,
,,,,,,,,,,,,
,,,,,,,,,,,,
,,,,,,,,,,,,
,,,,,,,,,,,,
,,,,,,,,,,,,
,,,,,,,,,,,,
,,,,,,,,,,,,
,,,,,,,,,,,,
,,,,,,,,,,,,
,,,,,,,,,,,,
,,,,,,,,,,,,
,,,,,,,,,,,,
,,,,,,,,,,,,
,,,,,,,,,,,,
,,,,,,,,,,,,
,,,,,,,,,,,,
,,,,,,,,,,,,
,,,,,,,,,,,,
,,,,,,,,,,,,
,,,,,,,,,,,,
,,,,,,,,,,,,
,,,,,,,,,,,,
,,,,,,,,,,,,
,,,,,,,,,,,,
,,,,,,,,,,,,
,,,,,,,,,,,,
,,,,,,,,,,,,
,,,,,,,,,,,,
,,,,,,,,,,,,
,,,,,,,,,,,,
,,,,,,,,,,,,
,,,,,,,,,,,,
,,,,,,,,,,,,
,,,,,,,,,,,,
,,,,,,,,,,,,
,,,,,,,,,,,,
,,,,,,,,,,,,
,,,,,,,,,,,,
,,,,,,,,,,,,
,,,,,,,,,,,,
,,,,,,,,,,,,
,,,,,,,,,,,,
,,,,,,,,,,,,
,,,,,,,,,,,,
,,,,,,,,,,,,
,,,,,,,,,,,,
,,,,,,,,,,,,
,,,,,,,,,,,,
,,,,,,,,,,,,
,,,,,,,,,,,,
,,,,,,,,,,,,
,,,,,,,,,,,,
,,,,,,,,,,,,
,,,,,,,,,,,,
,,,,,,,,,,,,
,,,,,,,,,,,,
,,,,,,,,,,,,
,,,,,,,,,,,,
,,,,,,,,,,,,
,,,,,,,,,,,,
,,,,,,,,,,,,
,,,,,,,,,,,,
,,,,,,,,,,,,
,,,,,,,,,,,,
,,,,,,,,,,,,
,,,,,,,,,,,,
,,,,,,,,,,,,
,,,,,,,,,,,,
,,,,,,,,,,,,
,,,,,,,,,,,,
,,,,,,,,,,,,
,,,,,,,,,,,,
,,,,,,,,,,,,
,,,,,,,,,,,,
,,,,,,,,,,,,
,,,,,,,,,,,,
,,,,,,,,,,,,
,,,,,,,,,,,,
,,,,,,,,,,,,
,,,,,,,,,,,,
,,,,,,,,,,,,
,,,,,,,,,,,,
,,,,,,,,,,,,
,,,,,,,,,,,,
,,,,,,,,,,,,
,,,,,,,,,,,,
,,,,,,,,,,,,
,,,,,,,,,,,,
,,,,,,,,,,,,
,,,,,,,,,,,,
,,,,,,,,,,,,
,,,,,,,,,,,,
,,,,,,,,,,,,
,,,,,,,,,,,,
,,,,,,,,,,,,
,,,,,,,,,,,,
,,,,,,,,,,,,
,,,,,,,,,,,,
,,,,,,,,,,,,
,,,,,,,,,,,,
,,,,,,,,,,,,
,,,,,,,,,,,,
,,,,,,,,,,,,
,,,,,,,,,,,,
,,,,,,,,,,,,
,,,,,,,,,,,,
,,,,,,,,,,,,
,,,,,,,,,,,,
,,,,,,,,,,,,
,,,,,,,,,,,,
,,,,,,,,,,,,
,,,,,,,,,,,,
,,,,,,,,,,,,
,,,,,,,,,,,,
,,,,,,,,,,,,
,,,,,,,,,,,,
,258926472.0,,,,,,,,,,,
,261057896.0,,,,,,,,,,,
,263250924.0,,,,,,,,,,,
,265507488.0,,,,,,,,,,,
,267788807.0,,,,,,,,,,,
,270095198.0,,,,,,,,,,,
,272425976.0,,,,,,,,,,,
,274784460.0,,,,,,,,,,,
,277167972.0,,,,,,,,,,,
,279050646.0,,,,,,,,,,,
,280431186.0,,,,,,,,,,,
,281298211.0,,,,,,,,,,,
,281652252.0,,,,,,,,,,,
,281501744.0,,,,,,,,,,,
,281363449.0,,,,,,,,,,,
,281180248.0,,,,,,,,,,,
,280944024.0,,,,,,,,,,,
,280691664.0,,,,,,,,,,,
,280424071.0,,,,,,,,,,,
,280674567.0,,,,,,,,,,,
,281542633.0,,,,,,,,,,,
,282861781.0,,,,,,,,,,,
,284754544.0,,,,,,,,,,,
,287111497.0,,,,,,,,,,,
,289494728.0,,,,,,,,,,,
,291921298.0,,,,,,,,,,,
,294360278.0,,,,,,,,,,,
,296810766.0,,,,,,,,,,,
,299292856.0,,,,,,,,,,,
,301673122.0,,,,,,,,,,,
,303953685.0,,,,,,,,,,,
,306134674.0,,,,,,,,,,,
,308203235.0,,,,,,,,,,,
,310155509.0,,,,,,,,,,,
,312119201.0,,,,,,,,,,,
,314092476.0,,,,,,,,,,,
,316076502.0,,,,,,,,,,,
,318074444.0,,,,,,,,,,,
,320062478.0,,,,,,,,,,,
,321999406.0,,,,,,,,,,,
,323469598.0,,,,,,,,,,,
,324563350.0,,,,,,,,,,,
,325321924.0,,,,,,,,,,,
,325845505.0,,,,,,,,,,,
,326481607.0,,,,,,,,,,,
,326647116.0,,,,,,,,,,,
,326077930.0,,,,,,,,,,,
,325939943.0,,,,,,,,,,,
,326642427.0,,,,,,,,,,,
,327730695.0,,,,,,,,,,,
,329237119.0,,,,,,,,,,,
,331501812.0,,,,,,,,,,,
,333847451.0,,,,,,,,,,,
,336443493.0,,,,,,,,,,,
,339147690.0,,,,,,,,,,,
,341831332.0,,,,,,,,,,,
,344462225.0,,,,,,,,,,,
,347105173.0,,,,,,,,,,,
,349957480.0,,,,,,,,,,,
,352917917.0,,,,,,,,,,,
,355805110.0,,,,,,,,,,,
,358743339.0,,,,,,,,,,,
,361732026.0,,,,,,,,,,,
,364691542.0,,,,,,,,,,,
,367781351.0,,,,,,,,,,,
9416.578,370823892.0,,4557.674,3844.244,367.091,8769.01,0.0,0.0,626.308,634.681,,6.651
9739.819,373731508.0,,4377.406,4236.734,416.645,9030.785,0.0,0.0,681.449,693.217,,6.997
10078.875,376574288.0,,4293.374,4601.55,495.358,9390.282,0.0,0.0,657.021,669.873,,6.519
10797.148,379223759.0,,4372.669,5090.0,628.431,10091.1,0.0,0.0,669.997,684.422,,6.205
11691.888,381650309.0,,4476.927,5719.058,789.872,10985.857,0.0,0.0,657.806,673.562,,5.626
12550.573,383912245.0,,4439.798,6391.131,956.755,11787.685,0.0,0.0,694.073,715.261,,5.53
12950.332,386311380.0,,4313.192,6730.612,1133.068,12176.873,0.0,0.0,689.652,711.237,,5.325
13653.989,388928080.0,,4248.198,7222.543,1340.764,12811.505,0.0,0.0,723.979,745.172,,5.302
14432.193,391450227.0,,4253.132,7783.381,1538.98,13575.493,0.0,0.0,720.122,742.999,,4.99
14290.354,393899686.0,,4307.389,7325.057,1723.565,13356.01,0.0,0.0,777.74,801.846,,5.442
14216.14,396193006.0,,4168.645,7157.833,1857.868,13184.347,0.0,0.0,783.323,808.882,,5.51
15108.707,398287803.0,,4389.214,7719.073,2030.19,14138.478,0.0,0.0,683.546,709.164,,4.524
15335.977,400304364.0,,4372.084,7590.744,2115.397,14078.226,0.0,0.0,909.528,936.241,,5.931
15963.916,402143071.0,,4480.247,7987.105,2197.082,14664.434,0.0,0.009,885.557,913.791,,5.547
16544.145,403863014.0,,4640.877,8215.265,2298.784,15154.927,0.0,0.018,928.269,957.041,,5.611
16264.594,405627509.0,,4812.972,7723.496,2290.25,14826.718,0.0,0.031,880.318,912.56,,5.412
15797.545,407250283.0,,4692.395,7195.957,2253.893,14142.244,0.0,0.031,868.831,900.109,,5.5
15425.131,408628108.0,,4765.57,6757.838,2193.687,13717.096,0.0,0.055,854.238,882.968,,5.538
15495.763,409863647.0,,4806.879,6528.583,2276.897,13612.359,0.0,0.089,871.37,901.043,,5.623
15967.006,411049735.0,,4987.18,6389.343,2394.411,13770.934,0.0,0.113,883.742,914.597,,5.535
16784.227,412238154.0,,5126.362,6637.495,2511.423,14275.28,0.0,0.17,900.802,935.074,2023.12,5.367
17026.455,413424998.0,,4996.92,6861.078,2547.807,14405.806,0.0,0.395,850.949,888.042,2076.125,4.998
17380.447,414679336.0,,5043.877,6879.44,2681.792,14605.109,0.0,0.564,934.349,970.888,2148.053,5.376
17526.318,415961589.0,,4978.216,6902.184,2679.201,14559.602,0.0,0.975,986.462,1025.85,2197.979,5.628
17572.498,417254783.0,,4990.759,6913.96,2773.625,14678.344,0.027,1.497,806.468,847.713,2247.122,4.589
17491.889,418534524.0,,4546.389,7064.36,2913.043,14523.792,0.034,2.278,842.494,899.134,2273.993,4.816
17413.068,419793537.0,,4285.256,7078.763,2982.069,14346.088,0.04,2.87,881.431,940.369,2317.121,5.062
17080.994,421023075.0,,3984.926,7100.989,2883.697,13969.613,0.065,4.44,918.518,981.791,2303.511,5.377
16949.666,422126980.0,,3809.954,6991.278,2941.937,13743.169,0.084,6.112,941.993,1012.973,2303.927,5.558
16887.777,423072317.0,,3722.743,7025.417,2905.959,13654.119,0.088,7.79,969.816,1046.108,2339.266,5.743
17304.789,423814689.0,,3674.75,7179.087,3147.952,14001.79,0.115,10.263,966.848,1053.232,2409.031,5.587
17834.232,424405469.0,,3682.931,7316.341,3419.71,14418.981,0.121,12.836,962.414,1052.226,2492.042,5.396
17765.148,424961289.0,,3572.786,7379.188,3328.077,14280.051,0.148,19.591,990.768,1103.072,2508.062,5.577
17947.705,425461558.0,,3410.591,7597.911,3419.6,14428.102,0.175,30.411,1022.658,1155.122,2562.568,5.698
17864.729,425928587.0,,3249.503,7542.541,3505.423,14297.467,0.205,39.485,1016.152,1160.348,2587.946,5.688
17999.213,426635103.0,,3293.926,7442.792,3588.841,14325.559,0.169,63.35,1053.542,1233.607,2627.94,5.853
18359.332,427424720.0,,3285.511,7546.745,3713.28,14545.537,0.511,75.939,1103.882,1307.937,2704.16,6.013
18234.551,428378382.0,,3303.571,7488.636,3739.979,14532.186,0.85,102.356,923.725,1174.983,2722.21,5.066
18592.533,429699089.0,,3416.378,7522.924,3941.938,14881.24,1.279,125.57,889.91,1186.675,2802.19,4.786
18855.041,431170409.0,,3356.36,7570.472,4048.062,14974.894,2.081,165.706,938.87,1312.3,2868.99,4.979
18859.912,432626741.0,,3246.446,7583.043,4186.892,15016.381,4.228,194.992,880.415,1325.577,2882.77,4.668
19005.602,434045309.0,,3334.031,7590.987,4173.683,15098.7,7.19,223.973,885.428,1409.876,2934.89,4.659
18772.49,435752873.0,,3367.039,7425.325,4105.032,14897.396,10.821,282.519,874.394,1508.354,2951.51,4.658
18700.949,437503272.0,,3119.757,7349.667,4191.58,14661.004,21.151,318.196,920.312,1653.496,2964.66,4.921
17586.406,438847122.0,,2765.998,6924.123,3937.055,13627.175,39.769,347.205,922.062,1748.568,2813.65,5.243
18301.264,439891841.0,,2903.226,6895.704,4232.242,14031.172,64.802,386.483,1037.708,1995.561,2950.01,5.67
17754.152,440792832.0,,2985.518,6683.63,3895.549,13564.696,128.844,454.644,847.464,1971.684,2911.45,4.773
17574.287,441481855.0,,2972.73,6426.296,3826.446,13225.471,192.463,513.826,906.684,2212.423,2906.29,5.159
17432.604,441898520.0,,2916.219,6263.071,3749.237,12928.526,227.326,571.041,999.388,2395.549,2887.65,5.733
16829.645,442278071.0,,2776.571,6148.384,3315.494,12240.449,251.494,598.09,999.184,2476.861,2828.0,5.937
17053.014,442703856.0,,2772.686,6251.949,3467.464,12492.099,268.55,708.617,902.15,2527.73,2873.31,5.29
17239.434,443179834.0,,2661.967,6361.605,3686.004,12709.576,267.578,714.11,922.997,2557.103,2894.87,5.354
17485.004,443746907.0,,2628.804,6489.613,3859.045,12977.463,284.046,830.981,780.434,2568.073,2926.38,4.463
17467.557,444343250.0,,2517.826,6481.891,3786.954,12786.671,300.022,848.069,906.65,2746.444,2911.65,5.19
17182.83,445027038.0,,2027.358,6465.31,3925.499,12418.167,327.243,960.557,836.125,2828.948,2876.95,4.866
15902.628,445290493.0,,1671.424,5658.819,3799.569,11129.812,379.247,1043.606,908.393,3050.243,2756.51,5.712
16744.443,445051201.0,,1900.851,5938.218,3970.137,11809.206,426.796,1010.948,908.697,3097.971,2879.95,5.427
16161.107,447315902.0,,1938.503,6148.367,3433.639,11520.51,540.303,1096.26,721.812,3118.064,2811.997,4.466
17760.348,,,,,,,,,,,,
17168.373,,,,,,,,,,,,
17036.971,,,,,,,,,,,,
17056.084,,,,,,,,,,,,
17291.826,,,,,,,,,,,,
17805.285,,,,,,,,,,,,
18185.98,,,,,,,,,,,,
18517.256,,,,,,,,,,,,
18664.898,,,,,,,,,,,,
18651.139,,,,,,,,,,,,
18361.828,,,,,,,,,,,,
17848.512,,,,,,,,,,,,
17986.936,,,,,,,,,,,,
17867.756,,,,,,,,,,,,
17867.982,,,,,,,,,,,,
18370.826,,,,,,,,,,,,
18867.516,,,,,,,,,,,,
18814.725,,,,,,,,,,,,
18899.5,,,,,,,,,,,,
18761.307,,,,,,,,,,,,
18966.527,,,,,,,,,,,,
19439.66,,,,,,,,,,,,
19336.959,,,,,,,,,,,,
19677.533,,,,,,,,,,,,
20036.947,,,,,,,,,,,,
20074.709,,,,,,,,,,,,
20212.674,,,,,,,,,,,,
20002.449,,,,,,,,,,,,
19993.992,,,,,,,,,,,,
18776.705,,,,,,,,,,,,
19514.318,,,,,,,,,,,,
18921.631,,,,,,,,,,,,
18688.986,,,,,,,,,,,,
18587.422,,,,,,,,,,,,
18036.881,,,,,,,,,,,,
18205.619,,,,,,,,,,,,
18344.301,,,,,,,,,,,,
18714.625,,,,,,,,,,,,
18610.178,,,,,,,,,,,,
18246.596,,,,,,,,,,,,
16785.824,,,,,,,,,,,,
17628.639,,,,,,,,,,,,
0.052,2258.0,,,,,,,,,,,
0.052,2252.0,,,,,,,,,,,
0.052,2245.0,,,,,,,,,,,
0.052,2246.0,,,,,,,,,,,
0.052,2251.0,,,,,,,,,,,
0.065,2251.0,,,,,,,,,,,
0.05,2254.0,,,,,,,,,,,
0.05,2279.0,,,,,,,,,,,
0.087,2302.0,,,,,,,,,,,
0.125,2328.0,,,,,,,,,,,
0.062,2353.0,,,,,,,,,,,
0.062,2397.0,,,,,,,,,,,
0.062,2477.0,,,,,,,,,,,
0.062,2566.0,,,,,,,,,,,
0.062,2663.0,,,,,,,,,,,
0.125,2758.0,,,,,,,,,,,
0.075,2833.0,,,,,,,,,,,
0.137,2903.0,,,,,,,,,,,
0.075,2968.0,,,,,,,,,,,
0.075,3037.0,,,,,,,,,,,
0.116,3101.0,,,,,,,,,,0.01,
0.128,3148.0,,,,,,,,,,0.01,
0.141,3171.0,,,,,,,,,,0.01,
0.154,3187.0,,,,,,,,,,0.01,
0.167,3209.0,,,,,,,,,,0.01,
0.167,3223.0,,,,,,,,,,0.01,
0.193,3238.0,,,,,,,,,,0.02,
0.193,3235.0,,,,,,,,,,0.02,
0.198,3226.0,,,,,,,,,,0.02,
0.198,3221.0,,,,,,,,,,0.02,
0.19,3206.0,,,,,,,,,,0.01,
0.187,3196.0,,,,,,,,,,0.02,
0.194,3215.0,,,,,,,,,,0.02,
0.194,3286.0,,,,,,,,,,0.02,
0.194,3356.0,,,,,,,,,,0.02,
0.199,3431.0,,,,,,,,,,0.02,
0.208,3527.0,,,,,,,,,,0.02,
0.2,3619.0,,,,,,,,,,0.02,
0.207,3674.0,,,,,,,,,,0.02,
0.207,3729.0,,,,,,,,,,0.02,
0.177,3764.0,,,,,,,,,,0.02,
0.187,3786.0,,,,,,,,,,0.02,
0.149,43081.0,,,,,,,,,,,
0.15,43637.0,,,,,,,,,,,
0.15,44191.0,,,,,,,,,,,
0.151,44691.0,,,,,,,,,,,
0.15,45164.0,,,,,,,,,,,
2.337,45600.0,,,,,,,,,,,
2.231,46037.0,,,,,,,,,,,
2.31,46503.0,,,,,,,,,,,
2.431,46984.0,,,,,,,,,,,
2.668,47512.0,,,,,,,,,,,
2.913,47505.0,,,,,,,,,,,
2.689,46834.0,,,,,,,,,,,
2.71,46035.0,,,,,,,,,,,
2.646,45118.0,,,,,,,,,,,
2.716,44160.0,,,,,,,,,,,
2.908,43830.0,,,,,,,,,,,
2.907,44163.0,,,,,,,,,,,
2.913,44519.0,,,,,,,,,,,
2.917,44890.0,,,,,,,,,,,
2.897,45230.0,,,,,,,,,,,
3.211,45684.0,,,,,,,,,,0.21,
3.536,46271.0,,,,,,,,,,0.23,
3.461,46837.0,,,,,,,,,,0.23,
3.449,47416.0,,,,,,,,,,0.23,
3.543,48008.0,,,,,,,,,,0.24,
3.471,48315.0,,,,,,,,,,0.24,
3.438,48338.0,,,,,,,,,,0.24,
3.583,48383.0,,,,,,,,,,0.26,
3.315,48438.0,,,,,,,,,,0.26,
3.077,48454.0,,,,,,,,,,0.27,
3.194,48432.0,,,,,,,,,,0.27,
3.054,48411.0,,,,,,,,,,0.26,
3.118,48410.0,,,,,,,,,,0.28,
3.395,48444.0,,,,,,,,,,0.28,
3.188,48494.0,,,,,,,,,,0.3,
3.41,48848.0,,,,,,,,,,0.31,
3.397,49523.0,,,,,,,,,,0.3,
3.822,50259.0,,,,,,,,,,0.32,
3.926,50978.0,,,,,,,,,,0.34,
3.875,51708.0,,,,,,,,,,0.37,
3.59,52440.0,,,,,,,,,,0.41,
3.755,52915.0,,,,,,,,,,0.42,
4.429,644596.0,,,,,,,,,,,
4.522,660640.0,,,,,,,,,,,
4.489,676973.0,,,,,,,,,,,
3.825,693598.0,,,,,,,,,,,
4.273,710567.0,,,,,,,,,,,
4.311,727466.0,,,,,,,,,,,
5.15,742663.0,,,,,,,,,,,
4.417,754784.0,,,,,,,,,,,
4.383,764373.0,,,,,,,,,,,
4.995,772713.0,,,,,,,,,,,
5.428,780437.0,,,,,,,,,,,
4.744,784838.0,,,,,,,,,,,
4.904,786860.0,,,,,,,,,,,
5.158,789209.0,,,,,,,,,,,
5.302,790811.0,,,,,,,,,,,
5.703,792247.0,,,,,,,,,,,
5.841,796542.0,,,,,,,,,,,
5.823,804575.0,,,,,,,,,,,
5.653,813964.0,,,,,,,,,,,
6.139,823432.0,,,,,,,,,,,
7.75,832516.0,,,,,,,,,,0.62,
8.056,841324.0,,,,,,,,,,0.67,
6.823,849897.0,,,,,,,,,,0.71,
7.482,858306.0,,,,,,,,,,0.72,
9.91,866699.0,,,,,,,,,,0.75,
8.483,874929.0,,,,,,,,,,0.79,
9.295,883096.0,,,,,,,,,,0.84,
8.962,890655.0,,,,,,,,,,0.87,
7.076,896728.0,,,,,,,,,,0.88,
6.133,901390.0,,,,,,,,,,0.86,
8.298,905176.0,,,,,,,,,,0.9,
6.436,908359.0,,,,,,,,,,0.86,
6.488,911067.0,,,,,,,,,,0.86,
6.854,913467.0,,,,,,,,,,0.88,
7.221,915576.0,,,,,,,,,,0.91,
7.55,917209.0,,,,,,,,,,0.96,
7.434,918371.0,,,,,,,,,,0.96,
8.076,919022.0,,,,,,,,,,1.05,
8.562,919002.0,,,,,,,,,,1.09,
8.65,918472.0,,,,,,,,,,1.13,
8.312,920430.0,,,,,,,,,,1.1,
8.528,924615.0,,,,,,,,,,1.14,
115.404,4564582.0,55796187136.0,20.26,67.485,,,,,27.658,27.658,,
131.365,4581791.0,57128017920.0,18.805,81.865,,,,,30.696,30.696,,
138.252,4607106.0,58340958208.0,18.092,85.773,,,,,34.388,34.388,,
150.031,4627786.0,59681452032.0,21.789,97.227,,,,,31.016,31.016,,
164.92,4624400.0,65431183360.0,26.138,112.922,,,,,25.86,25.86,,
181.709,4606621.0,70319882240.0,26.567,126.978,,,,,28.163,28.163,,
186.581,4612433.0,71787708416.0,23.579,131.419,,,,,31.583,31.583,,
196.711,4639834.0,77268844544.0,26.158,139.86,,,,,30.693,30.693,,
216.779,4666168.0,82444984320.0,29.032,156.462,,,,,31.284,31.284,,
207.939,4690582.0,84941602816.0,29.585,136.347,4.444,170.377,,,37.563,37.563,,18.064
211.251,4711384.0,85922512896.0,26.805,140.989,7.355,175.149,,,36.102,36.102,,17.09
224.04,4725523.0,85553422336.0,36.12,151.264,8.618,196.002,,,28.038,28.038,,12.515
236.942,4738738.0,85774123008.0,36.421,148.238,8.765,193.424,,,36.022,36.022,,15.203
245.921,4752401.0,87565328384.0,49.094,149.112,9.543,207.749,,,28.976,28.976,,11.782
265.846,4764568.0,93659512832.0,47.313,157.883,9.509,214.705,,,32.145,32.145,,12.091
264.663,4779423.0,98649604096.0,53.688,152.029,8.946,214.663,,,30.212,30.212,,11.415
267.23,4799868.0,100487249920.0,32.994,145.419,7.118,185.531,,,40.376,40.376,,15.109
263.894,4826860.0,103754924032.0,36.596,134.6,6.723,177.92,,,38.704,38.704,,14.666
261.366,4855738.0,106555392000.0,39.751,125.006,6.52,171.277,,,40.158,40.158,,15.365
272.34,4881748.0,109771882496.0,45.783,126.754,7.468,180.004,,,39.173,39.173,,14.384
285.741,4902179.0,113466474496.0,58.026,128.064,9.476,195.565,,,36.473,36.473,49.394,12.764
289.027,4918174.0,116153573376.0,53.055,134.105,11.472,198.632,,,36.637,36.637,48.948,12.676
304.3,4932176.0,120921063424.0,59.427,133.548,15.172,208.147,,,40.795,40.795,53.016,13.406
302.309,4946563.0,126851457024.0,59.5,131.877,16.32,207.697,,,39.513,39.513,53.491,13.07
303.614,4964482.0,134045458432.0,58.206,131.683,21.4,211.29,,,38.53,38.53,53.359,12.691
323.249,4986551.0,134055206912.0,61.287,133.655,25.21,220.153,0.001,0.0,32.11,48.57,54.39,9.934
330.758,5013856.0,126220410880.0,61.212,132.631,26.57,220.412,0.002,0.0,39.023,54.983,57.98,11.798
329.675,5042120.0,122115850240.0,55.714,131.241,27.59,214.544,0.002,0.006,44.671,60.48,57.73,13.55
332.511,5066609.0,121309724672.0,63.689,124.885,28.51,217.083,0.002,0.012,39.848,58.881,61.08,11.984
349.056,5088491.0,126178762752.0,77.556,129.39,31.47,238.417,0.002,0.021,34.854,55.515,65.64,9.985
332.727,5107942.0,131584983040.0,68.605,117.569,32.68,218.854,0.002,0.033,38.219,59.348,64.04,11.487
347.479,5124717.0,136504623104.0,81.747,122.375,34.189,238.311,0.003,0.033,35.07,53.904,69.38,10.093
352.381,5139944.0,145148297216.0,77.428,120.584,33.638,231.651,0.004,0.05,36.199,61.443,69.16,10.273
364.244,5153548.0,153137954816.0,63.539,125.791,38.536,227.866,0.004,0.068,44.506,74.37,70.15,12.219
357.149,5165500.0,160061980672.0,61.566,127.179,38.58,227.324,0.004,0.145,37.79,64.636,69.46,10.581
359.11,5176208.0,169209069568.0,58.327,126.426,39.41,224.163,0.005,0.231,43.349,71.162,69.79,12.071
366.894,5188007.0,173703233536.0,70.489,124.036,42.76,237.285,0.005,0.206,38.793,65.41,74.29,10.573
368.768,5200588.0,176750428160.0,76.591,126.924,42.46,245.975,0.005,0.187,31.453,60.347,74.73,8.529
394.928,5212991.0,180407926784.0,95.592,131.0,47.0,273.592,0.006,0.27,27.815,58.076,84.08,7.043
393.254,5228143.0,187631845376.0,85.879,122.123,45.28,253.283,0.007,0.347,43.425,77.156,85.6,11.043
357.548,5246070.0,192989478912.0,55.169,126.678,41.43,223.277,0.008,0.487,39.469,70.328,70.33,11.039
383.512,5266249.0,200964489216.0,86.154,122.85,44.28,253.284,0.01,0.443,32.704,67.684,82.05,8.528
382.192,5288694.0,211541000192.0,81.353,123.9,40.96,246.213,0.011,0.533,40.088,72.424,80.92,10.489
368.496,5313358.0,213224882176.0,62.044,119.764,41.881,223.688,0.011,0.732,48.086,82.9,76.98,13.049
341.288,5338813.0,195736961024.0,62.49,112.831,37.38,212.701,0.012,0.773,35.428,65.54,71.78,10.381
371.291,5363279.0,201743089664.0,78.925,117.168,41.3,237.393,0.013,0.817,35.866,73.171,80.34,9.66
349.923,5388173.0,207082078208.0,64.118,114.588,36.12,214.826,0.015,1.328,34.332,73.717,73.21,9.811
340.459,5413865.0,204128370688.0,52.502,110.057,31.945,194.504,0.016,1.355,46.227,85.473,70.09,13.578
341.801,5438873.0,202579968000.0,58.041,114.502,29.707,202.25,0.018,2.109,34.991,77.814,70.98,10.237
329.823,5461436.0,201300410368.0,52.025,108.047,26.557,186.628,0.021,2.999,36.294,81.895,67.81,11.004
328.893,5479457.0,201843998720.0,44.405,108.59,22.879,175.874,0.03,6.268,45.158,92.951,68.36,13.73
334.083,5495217.0,204639584256.0,50.921,114.299,20.077,185.297,0.059,8.213,42.295,89.181,68.48,12.66
327.216,5508146.0,211331219456.0,46.646,110.743,18.324,175.713,0.129,12.761,39.311,94.102,67.13,12.014
333.841,5515465.0,214535733248.0,48.881,110.148,21.013,180.042,0.239,15.448,35.191,95.931,69.98,10.541
326.982,5521539.0,,41.047,109.326,20.339,170.712,0.388,15.881,32.74,95.892,68.38,10.013
313.171,5529468.0,,31.484,98.078,20.718,150.28,0.574,20.848,41.714,104.194,69.04,13.32
319.79,5535982.0,,33.973,91.674,20.776,146.423,0.779,21.404,41.32,114.113,71.87,12.921
326.716,5540745.0,,33.929,93.037,10.826,137.791,0.821,31.035,35.617,125.778,72.99,10.901
,40019136.0,186101235712.0,,,,,,,,,,
,40067484.0,183083204608.0,,,,,,,,,,
,40116538.0,180073594880.0,,,,,,,,,,
,40166299.0,184067211264.0,,,,,,,,,,
,40216118.0,185418137600.0,,,,,,,,,,
,40265996.0,188625567744.0,,,,,,,,,,
,40315932.0,192058916864.0,,,,,,,,,,
,40365927.0,200370143232.0,,,,,,,,,,
,40415980.0,199237287936.0,,,,,,,,,,
,40408851.0,207518236672.0,,,,,,,,,,
,40344819.0,194824617984.0,,,,,,,,,,
,40224160.0,213970255872.0,,,,,,,,,,
,40047151.0,231651753984.0,,,,,,,,,,
,39814066.0,230326960128.0,,,,,,,,,,
,39582334.0,213933211648.0,,,,,,,,,,
,39351947.0,209570136064.0,,,,,,,,,,
,39122898.0,220159672320.0,,,,,,,,,,
,38895178.0,186539425792.0,,,,,,,,,,
,38680067.0,147191889920.0,,,,,,,,,,
,38558175.0,173414694912.0,,,,,,,,,,
,38529587.0,200616001536.0,,,,,,,,,,
,38594388.0,192315244544.0,,,,,,,,,,
,38752667.0,226822684672.0,,,,,,,,,,
,39004517.0,238641922048.0,,,,,,,,,,
,39258004.0,268504907776.0,,,,,,,,,,
,39513139.0,269691011072.0,,,,,,,,,,
,39769931.0,276812496896.0,,,,,,,,,,
,40028393.0,271063744512.0,,,,,,,,,,
,40288534.0,289936146432.0,,,,,,,,,,
,40485273.0,309554839552.0,,,,,,,,,,
,40618294.0,300590628864.0,,,,,,,,,,
,40687278.0,282596868096.0,,,,,,,,,,
,40691906.0,264178466816.0,,,,,,,,,,
,40631855.0,283050737664.0,,,,,,,,,,
,40571892.0,280309891072.0,,,,,,,,,,
,40512018.0,273155227648.0,,,,,,,,,,
,40452232.0,283521155072.0,,,,,,,,,,
,40392535.0,299883364352.0,,,,,,,,,,
,40332925.0,298713251840.0,,,,,,,,,,
,40314566.0,320115998720.0,,,,,,,,,,
,40337546.0,264163000320.0,,,,,,,,,,
,40401955.0,208850403328.0,,,,,,,,,,
,40507882.0,187228798976.0,,,,,,,,,,
,40655418.0,177801003008.0,,,,,,,,,,
,40803492.0,150192898048.0,,,,,,,,,,
,40952105.0,162809692160.0,,,,,,,,,,
,41101259.0,247582048256.0,,,,,,,,,,
,41250956.0,268325273600.0,,,,,,,,,,
,41401199.0,287852232704.0,,,,,,,,,,
,41598134.0,327028310016.0,,,,,,,,,,
,41842356.0,351453773824.0,,,,,,,,,,
,42196660.0,373113716736.0,,,,,,,,,,
,42542396.0,382998904832.0,,,,,,,,,,
,42883300.0,394064691200.0,,,,,,,,,,
,43225644.0,413153820672.0,,,,,,,,,,
,43593852.0,436918059008.0,,,,,,,,,,
,43959224.0,458984652800.0,,,,,,,,,,
,44338088.0,486693404672.0,,,,,,,,,,
,44754360.0,498861244416.0,,,,,,,,,,
,45201848.0,513138982912.0,,,,,,,,,,
,45659572.0,549318524928.0,,,,,,,,,,
,46143028.0,579768680448.0,,,,,,,,,,
,46635188.0,618376462336.0,,,,,,,,,,
,47121244.0,650490675200.0,,,,,,,,,,
,47641948.0,693811347456.0,,,,,,,,,,
1309.656,48168800.0,727557406720.0,481.135,637.301,50.047,1168.484,,,138.627,138.627,,10.585
1341.317,48683088.0,764514074624.0,445.814,683.123,52.797,1181.734,,,154.38,155.625,,11.51
1427.175,49181404.0,799864782848.0,440.043,784.79,60.339,1285.172,,,134.181,136.113,,9.402
1506.558,49647272.0,835171385344.0,423.161,850.432,72.156,1345.749,,,149.099,152.055,,9.897
1660.291,50087056.0,893107437568.0,423.603,982.668,83.85,1490.121,,,156.549,159.955,,9.429
1803.217,50523588.0,944232660992.0,403.171,1116.331,95.529,1615.031,,,167.607,171.981,,9.295
1874.792,50970696.0,989968596992.0,369.435,1216.749,113.226,1699.409,,,144.469,148.912,,7.706
2004.09,51410364.0,1034024779776.0,328.613,1350.957,133.888,1813.457,,,144.394,149.231,,7.205
2175.946,51814076.0,1090179825664.0,325.042,1506.026,157.036,1988.104,,,141.037,145.986,,6.482
2137.0,52163552.0,1122228371456.0,329.007,1430.988,163.959,1923.953,,,166.272,171.307,,7.781
2013.224,52450032.0,1114332594176.0,288.442,1307.875,182.87,1779.187,,,177.739,182.258,,8.829
2142.998,52685272.0,1162522918912.0,339.131,1414.784,196.453,1950.368,,,143.605,147.86,,6.701
2171.511,52925440.0,1205940912128.0,326.625,1358.818,205.085,1890.529,,,225.686,230.074,,10.393
2268.692,53175308.0,1239356145664.0,340.784,1416.052,218.779,1975.616,,,202.139,206.667,,8.91
2335.642,53428780.0,1279104516096.0,370.099,1408.642,242.376,2021.116,,,196.401,201.138,,8.409
2307.181,53713836.0,1297124032512.0,362.361,1309.014,251.72,1923.094,,,205.59,210.286,,8.911
2284.854,54016748.0,1310463361024.0,330.292,1181.737,255.717,1767.746,,,213.48,218.244,,9.343
2200.528,54319652.0,1343411585024.0,337.735,1094.396,245.772,1677.904,,,208.689,213.565,,9.484
2255.271,54592384.0,1359074689024.0,305.636,1068.171,261.802,1635.61,,,205.342,210.318,,9.105
2331.213,54845984.0,1379095674880.0,292.262,1029.906,266.992,1589.16,,,194.245,199.424,,8.332
2406.536,55108104.0,1398409920512.0,283.656,1012.842,285.791,1582.29,,,183.085,188.359,344.465,7.608
2466.379,55371640.0,1431625531392.0,234.461,1033.265,287.415,1555.141,,,184.762,190.07,362.996,7.491
2511.97,55641536.0,1467808743424.0,213.411,1040.277,290.816,1544.503,,,208.462,214.05,378.486,8.299
2545.521,55911476.0,1532315566080.0,208.41,1034.02,289.361,1531.791,,,226.275,231.935,392.087,8.889
2577.915,56169944.0,1594471874560.0,226.901,1061.674,283.148,1571.723,,,137.905,143.783,404.85,5.349
2657.853,56412896.0,1636207689728.0,220.854,1077.648,302.754,1601.255,0.0,0.001,159.281,165.389,417.2,5.993
2825.163,56645216.0,1655610540032.0,235.042,1141.232,331.666,1707.94,0.0,0.001,170.328,177.04,451.62,6.029
2848.84,56864048.0,1682859229184.0,207.247,1139.468,330.99,1677.704,0.004,0.001,203.902,210.793,460.02,7.157
2849.369,57053728.0,1673263972352.0,169.333,1098.213,338.515,1606.061,0.005,0.007,191.894,198.569,469.66,6.735
2814.17,57230064.0,1713239621632.0,166.542,1062.035,323.15,1551.727,0.006,0.014,232.993,240.992,474.6,8.279
2880.974,57420356.0,1749671477248.0,170.496,1070.697,343.978,1585.171,0.006,0.014,216.212,225.405,491.2,7.505
2988.001,57623180.0,1774691549184.0,181.661,1093.075,380.146,1654.882,0.008,0.022,195.291,205.661,509.16,6.536
2947.409,57839364.0,1817073025024.0,159.098,1101.114,364.469,1624.681,0.01,0.033,188.549,200.538,500.96,6.397
3014.928,58080344.0,1882612563968.0,189.22,1141.114,388.595,1718.929,0.012,0.058,183.608,195.072,507.25,6.09
3068.208,58352208.0,1950261968896.0,169.449,1157.169,396.211,1722.829,0.013,0.109,214.423,226.706,521.23,6.989
3107.309,58665456.0,2031949578240.0,164.761,1138.982,415.964,1719.707,0.015,0.142,196.235,209.574,533.6,6.315
3145.42,59014776.0,2077914824704.0,144.188,1144.568,436.684,1725.44,0.018,0.385,218.184,232.93,543.65,6.937
3113.109,59372784.0,2107291205632.0,148.61,1112.981,435.943,1697.533,0.021,0.773,176.289,192.254,552.12,5.663
3145.164,59728260.0,2130783764480.0,157.979,1114.921,457.268,1730.169,0.023,1.125,170.942,187.52,559.92,5.435
3170.968,60108436.0,2196565655552.0,150.388,1124.852,466.925,1742.166,0.024,1.715,171.617,189.317,567.19,5.412
3152.401,60510080.0,2238357176320.0,156.185,1109.278,477.126,1742.588,0.03,2.755,147.409,169.137,569.86,4.676
3127.131,60919152.0,2296438063104.0,144.318,1106.107,460.805,1711.23,0.034,6.209,160.205,186.681,568.0,5.123
3072.352,61329380.0,2353924145152.0,149.409,1078.217,447.609,1675.235,0.051,11.508,162.882,203.965,562.21,5.302
3081.914,61721004.0,2361538117632.0,140.409,1057.443,463.865,1661.716,0.118,16.0,178.871,235.22,567.35,5.804
2909.973,62093300.0,2294314958848.0,125.028,1015.337,447.311,1587.677,0.486,22.096,159.168,224.256,529.21,5.47
2997.734,62444568.0,2341292736512.0,133.871,980.459,495.645,1609.974,1.721,27.603,174.068,246.423,562.83,5.807
2882.312,62775272.0,2391848255488.0,113.607,959.389,430.19,1503.187,5.732,33.969,123.722,208.039,567.4,4.292
2881.175,63071412.0,2395403190272.0,128.7,927.169,444.443,1500.312,11.013,41.425,161.18,261.556,567.08,5.594
2908.428,63335180.0,2415696805888.0,134.494,915.128,451.432,1501.054,12.903,43.755,193.085,299.312,576.45,6.639
2785.743,63588496.0,2424453726208.0,100.448,885.454,379.084,1364.985,16.02,46.732,170.21,286.07,566.19,6.11
2803.133,63809768.0,2453072773120.0,99.874,885.433,407.518,1392.825,19.559,57.495,146.921,279.923,573.92,5.241
2754.993,63989320.0,2479389933568.0,97.53,879.337,445.299,1422.166,21.858,57.042,160.42,297.068,558.65,5.823
2734.68,64144092.0,2536203354112.0,106.46,883.067,447.657,1437.183,24.225,65.318,130.375,280.181,556.08,4.767
2785.428,64277812.0,2581673803776.0,95.259,880.221,428.384,1403.865,27.634,75.485,169.169,333.175,575.83,6.073
2725.835,64399760.0,,74.536,872.809,436.62,1383.965,31.137,91.245,147.749,332.582,565.72,5.42
2454.33,64480052.0,,52.277,744.656,405.828,1202.761,34.104,104.395,162.094,359.847,527.25,6.604
2611.23,64531448.0,,63.31,810.633,430.414,1304.357,39.92,96.228,153.521,354.315,550.38,5.879
2329.906,64626624.0,,59.458,808.749,383.718,1251.925,52.484,99.091,116.242,340.624,469.48,4.989
1.515,66849.0,,,,,,,,,,,
1.33,69698.0,,,,,,,,,,,
1.632,73149.0,,,,,,,,,,,
1.692,77332.0,,,,,,,,,,,
1.333,82008.0,,,,,,,,,,,
1.33,86947.0,,,,,,,,,,,
1.558,92122.0,,,,,,,,,,,
1.779,97522.0,,,,,,,,,,,
2.045,103135.0,,,,,,,,,,,
2.351,108778.0,,,,,,,,,,,
2.808,113948.0,,,,,,,,,,,
3.085,118523.0,,,,,,,,,,,
2.545,122937.0,,,,,,,,,,,
3.393,127507.0,,,,,,,,,,,
3.393,132274.0,,,,,,,,,,,
3.957,137189.0,,,,,,,,,,,
3.9,142241.0,,,,,,,,,,,
3.957,147381.0,,,,,,,,,,,
3.957,152661.0,,,,,,,,,,,
3.957,158134.0,,,,,,,,,,,
2.251,164367.0,,,,,,,,,,0.43,
4.124,171415.0,,,,,,,,,,0.58,
3.834,178744.0,,,,,,,,,,0.61,
4.468,186222.0,,,,,,,,,,0.63,
4.463,193709.0,,,,,,,,,,0.65,
4.467,201271.0,,,,,,,,,,0.68,
4.188,207885.0,,,,,,,,,,0.71,
4.554,213318.0,,,,,,,,,,0.9,
4.645,218525.0,,,,,,,,,,0.92,
5.448,223531.0,,,,,,,,,,1.03,
5.207,228469.0,,,,,,,,,,1.11,
5.349,233645.0,,,,,,,,,,1.06,
0.0,239255.0,,,,,,,,,,0.0,
0.0,245388.0,,,,,,,,,,0.0,
0.0,251379.0,,,,,,,,,,0.0,
0.0,257033.0,,,,,,,,,,0.0,
0.0,262825.0,,,,,,,,,,0.0,
0.0,269363.0,,,,,,,,,,0.0,
0.0,276659.0,,,,,,,,,,0.0,
0.0,284088.0,,,,,,,,,,0.0,
0.0,290978.0,,,,,,,,,,0.0,
0.0,297462.0,,,,,,,,,,0.0,
0.909,163605.0,,,,,,,,,,,
1.39,168902.0,,,,,,,,,,,
1.813,174360.0,,,,,,,,,,,
2.467,179056.0,,,,,,,,,,,
3.709,183156.0,,,,,,,,,,,
3.24,187590.0,,,,,,,,,,,
4.109,192213.0,,,,,,,,,,,
4.151,196866.0,,,,,,,,,,,
4.164,201758.0,,,,,,,,,,,
4.219,206586.0,,,,,,,,,,,
3.993,211108.0,,,,,,,,,,,
4.028,215455.0,,,,,,,,,,,
3.827,219633.0,,,,,,,,,,,
3.829,223723.0,,,,,,,,,,,
3.093,227692.0,,,,,,,,,,,
3.297,231454.0,,,,,,,,,,,
3.274,235200.0,,,,,,,,,,,
3.318,239047.0,,,,,,,,,,,
3.371,242892.0,,,,,,,,,,,
3.18,246832.0,,,,,,,,,,,
3.564,250939.0,,,,,,,,,,0.39,
3.911,255054.0,,,,,,,,,,0.47,
4.156,259142.0,,,,,,,,,,0.52,
4.496,263182.0,,,,,,,,,,0.57,
4.47,267135.0,,,,,,,,,,0.61,
4.655,271069.0,,,,,,,,,,0.6,
4.604,274908.0,,,,,,,,,,0.63,
4.879,278188.0,,,,,,,,,,0.66,
4.966,280566.0,,,,,,,,,,0.68,
4.936,282292.0,,,,,,,,,,0.7,
5.132,283795.0,,,,,,,,,,0.62,
4.828,285275.0,,,,,,,,,,0.65,
4.654,286591.0,,,,,,,,,,0.64,
4.592,288037.0,,,,,,,,,,0.59,
4.565,289880.0,,,,,,,,,,0.58,
4.75,291796.0,,,,,,,,,,0.58,
4.72,293552.0,,,,,,,,,,0.58,
4.598,295456.0,,,,,,,,,,0.6,
4.683,297615.0,,,,,,,,,,0.58,
4.718,299730.0,,,,,,,,,,0.68,
4.498,301935.0,,,,,,,,,,0.66,
4.634,304038.0,,,,,,,,,,0.7,
,,,,,,,,,,,12791.84,
,,,,,,,,,,,12952.2,
,,,,,,,,,,,13384.2,
,,,,,,,,,,,13861.51,
,,,,,,,,,,,14529.99,
,,,,,,,,,,,15064.13,
,,,,,,,,,,,15659.58,
,,,,,,,,,,,16427.539,
,,,,,,,,,,,16651.869,
,,,,,,,,,,,16522.051,
,,,,,,,,,,,17692.73,
,,,,,,,,,,,18336.01,
,,,,,,,,,,,18706.74,
,,,,,,,,,,,19243.211,
,,,,,,,,,,,19770.471,
,,,,,,,,,,,19894.891,
,,,,,,,,,,,20396.109,
,,,,,,,,,,,21008.391,
,,,,,,,,,,,21876.971,
,,,,,,,,,,,22166.529,
,,,,,,,,,,,22076.311,
,,,,,,,,,,,23437.721,
,,,,,,,,,,,24073.35,
,,,,,,,,,,,7128.35,
,,,,,,,,,,,7049.1,
,,,,,,,,,,,7210.16,
,,,,,,,,,,,7260.57,
,,,,,,,,,,,7402.6,
,,,,,,,,,,,7531.03,
,,,,,,,,,,,7569.87,
,,,,,,,,,,,7723.76,
,,,,,,,,,,,7626.18,
,,,,,,,,,,,7290.95,
,,,,,,,,,,,7642.22,
,,,,,,,,,,,7584.76,
,,,,,,,,,,,7544.38,
,,,,,,,,,,,7573.18,
,,,,,,,,,,,7559.6,
,,,,,,,,,,,7558.53,
,,,,,,,,,,,7562.51,
,,,,,,,,,,,7536.52,
,,,,,,,,,,,7675.94,
,,,,,,,,,,,7556.77,
,,,,,,,,,,,7311.34,
,,,,,,,,,,,7463.38,
,,,,,,,,,,,7557.53,
,369735.0,,,,,,,,,,,
,366870.0,,,,,,,,,,,
,363658.0,,,,,,,,,,,
,360105.0,,,,,,,,,,,
,356586.0,,,,,,,,,,,
,353102.0,,,,,,,,,,,
,349652.0,,,,,,,,,,,
,346236.0,,,,,,,,,,,
,342853.0,,,,,,,,,,,
,339771.0,,,,,,,,,,,
,336988.0,,,,,,,,,,,
,334497.0,,,,,,,,,,,
,332295.0,,,,,,,,,,,
,330377.0,,,,,,,,,,,
,328471.0,,,,,,,,,,,
,326576.0,,,,,,,,,,,
,324691.0,,,,,,,,,,,
,322817.0,,,,,,,,,,,
,320880.0,,,,,,,,,,,
,320160.0,,,,,,,,,,,
,320664.0,,,,,,,,,,,
,322401.0,,,,,,,,,,,
,325381.0,,,,,,,,,,,
,329610.0,,,,,,,,,,,
,333895.0,,,,,,,,,,,
,338236.0,,,,,,,,,,,
,342633.0,,,,,,,,,,,
,347087.0,,,,,,,,,,,
,351599.0,,,,,,,,,,,
,356098.0,,,,,,,,,,,
,360582.0,,,,,,,,,,,
,365051.0,,,,,,,,,,,
,369503.0,,,,,,,,,,,
,373937.0,,,,,,,,,,,
,378424.0,,,,,,,,,,,
,382965.0,,,,,,,,,,,
,387561.0,,,,,,,,,,,
,392211.0,,,,,,,,,,,
,396918.0,,,,,,,,,,,
,402006.0,,,,,,,,,,,
,407486.0,,,,,,,,,,,
,413366.0,,,,,,,,,,,
,419659.0,,,,,,,,,,,
,426374.0,,,,,,,,,,,
,433196.0,,,,,,,,,,,
,440127.0,,,,,,,,,,,
,447169.0,,,,,,,,,,,
,454323.0,,,,,,,,,,,
,461593.0,,,,,,,,,,,
,467794.0,,,,,,,,,,,
,472913.0,1229838848.0,,,,,,,,,,
,475839.0,1275174144.0,,,,,,,,,,
,478905.0,1322266368.0,,,,,,,,,,
,482194.0,1370144384.0,,,,,,,,,,
,485704.0,1420546560.0,,,,,,,,,,
,489465.0,1473689344.0,,,,,,,,,,
,493536.0,1527931392.0,,,,,,,,,,
,497902.0,1583920384.0,,,,,,,,,,
,502655.0,1643224192.0,,,,,,,,,,
,507789.0,1704820992.0,,,,,,,,,,
,513346.0,1775984000.0,,,,,,,,,,
,519337.0,1988891264.0,,,,,,,,,,
,525762.0,2049107456.0,,,,,,,,,,
,532603.0,2121780864.0,,,,,,,,,,
,539839.0,2158404608.0,,,,,,,,,,
,547542.0,2194509568.0,,,,,,,,,,
,555755.0,2292512000.0,,,,,,,,,,
,564442.0,2387317504.0,,,,,,,,,,
,573621.0,2447994624.0,,,,,,,,,,
,584637.0,2645763328.0,,,,,,,,,,
,597192.0,2874952960.0,,,,,,,,,,
,609706.0,3169780224.0,,,,,,,,,,
,622298.0,3528801024.0,,,,,,,,,,
,635290.0,3888163328.0,,,,,,,,,,
,648926.0,5423777280.0,,,,,,,,,,
,663346.0,6464648704.0,,,,,,,,,,
,678673.0,8766902272.0,,,,,,,,,,
,694939.0,7664699392.0,,,,,,,,,,
,712142.0,5820811264.0,,,,,,,,,,
,730197.0,5849073152.0,,,,,,,,,,
8.335,749079.0,5997574656.0,,,,,,,,,,
9.277,768911.0,6303460352.0,,,,,,,,,,
8.858,789591.0,6108597760.0,,,,,,,,,,
11.907,811101.0,6451047936.0,,,,,,,,,,
10.877,833417.0,6934899200.0,,,,,,,,,,
9.402,856481.0,6773415936.0,,,,,,,,,,
8.433,880344.0,6719164416.0,,,,,,,,,,
9.758,905029.0,5567389184.0,,,,,,,,,,
10.299,930473.0,6282005504.0,,,,,,,,,,
12.84,956514.0,6819593216.0,,,,,,,,,,
12.644,983039.0,7172590080.0,,,,,,,,,,
12.999,1010005.0,7974706176.0,,,,,,,,,,
13.355,1037451.0,7946244608.0,,,,,,,,,,
12.649,1065396.0,8684691456.0,,,,,,,,,,
12.984,1093612.0,9485824000.0,,,,,,,,,,
12.165,1121961.0,10240901120.0,,,,,,,,,,
12.683,1150602.0,11022736384.0,,,,,,,,,,
13.311,1179817.0,12163996672.0,,,,,,,,,,
13.0,1209839.0,13062146048.0,,,,,,,,,,
15.012,1240778.0,12170608640.0,,,,,,,,,,
11.477,1272941.0,12538006528.0,,,,,,,,,1.28,
12.385,1306593.0,13408100352.0,,,,,,,,,1.35,
12.388,1341696.0,13745928192.0,,,,,,,,,1.42,
12.05,1378406.0,14717086720.0,,,,,,,,,1.46,
12.28,1417115.0,15597621248.0,,,,,,,,,1.48,
13.147,1458362.0,16662218752.0,,,,,,,,,1.51,
13.485,1502540.0,17083860992.0,,,,,,,,,1.61,
13.4,1549774.0,19294894080.0,,,,,,,,,1.68,
13.676,1599988.0,19821185024.0,,,,,,,,,1.77,
13.53,1653549.0,21001807872.0,,,,,,,,,1.81,
15.767,1711117.0,23885381632.0,,,,,,,,,1.87,
16.134,1772508.0,27165933568.0,,,,,,,,,1.96,
20.215,1836711.0,29020540928.0,,,,,,,,,2.08,
20.43,1902230.0,31179700224.0,,,,,,,,,2.02,
21.332,1966858.0,33268465664.0,,,,,,,,,1.92,
20.505,2028524.0,35035176960.0,,,,,,,,,2.05,
20.321,2086210.0,36204781568.0,,,,,,,,,2.24,
21.514,2140225.0,36385443840.0,,,,,,,,,2.19,
19.279,2192013.0,36693262336.0,,,,,,,,,2.17,
16.659,2242788.0,,,,,,,,,,2.26,
19.182,2292583.0,,,,,,,,,,2.2,
18.752,2341185.0,,,,,,,,,,2.29,
,2388997.0,,,,,,,,,,,
0.655,718597.0,863900032.0,,,,,,,,,,
0.653,742853.0,1020590976.0,,,,,,,,,,
0.653,768275.0,1092471040.0,,,,,,,,,,
0.653,795567.0,1053702016.0,,,,,,,,,,
0.714,824805.0,1083341952.0,,,,,,,,,,
0.712,855965.0,1121623040.0,,,,,,,,,,
0.644,888988.0,1144710016.0,,,,,,,,,,
0.784,923922.0,1179634048.0,,,,,,,,,,
0.786,960847.0,1239874944.0,,,,,,,,,,
0.784,999738.0,1283184000.0,,,,,,,,,,
0.788,1040625.0,1331399936.0,,,,,,,,,,
0.784,1083542.0,1378188672.0,,,,,,,,,,
0.786,1127156.0,1438713344.0,,,,,,,,,,
0.846,1168317.0,1492281344.0,,,,,,,,,,
0.975,1205886.0,1506439168.0,,,,,,,,,,
0.902,1242160.0,1529318528.0,,,,,,,,,,
0.905,1279066.0,1606890496.0,,,,,,,,,,
0.902,1317003.0,1625140480.0,,,,,,,,,,
0.963,1356198.0,1698553216.0,,,,,,,,,,
0.963,1396505.0,1829033984.0,,,,,,,,,,
1.266,1437540.0,1955249536.0,,,,,,,,,0.11,
1.379,1479456.0,2082662912.0,,,,,,,,,0.13,
1.373,1522230.0,2108436352.0,,,,,,,,,0.14,
1.373,1566263.0,2172586752.0,,,,,,,,,0.16,
1.449,1612237.0,2391385088.0,,,,,,,,,0.17,
1.464,1660377.0,2386414848.0,,,,,,,,,0.19,
1.591,1711297.0,2432257536.0,,,,,,,,,0.2,
1.65,1764889.0,2539291136.0,,,,,,,,,0.22,
1.714,1820544.0,2704420864.0,,,,,,,,,0.23,
1.842,1878124.0,2899496192.0,,,,,,,,,0.23,
2.009,1937284.0,3111135744.0,,,,,,,,,0.23,
2.112,1998215.0,3000861952.0,,,,,,,,,0.24,
2.059,2061020.0,3174000128.0,,,,,,,,,0.25,
2.049,2124876.0,3327260928.0,,,,,,,,,0.25,
2.265,2189023.0,3357018112.0,,,,,,,,,0.26,
2.318,2253137.0,3514848000.0,,,,,,,,,0.28,
2.337,2317212.0,3593880064.0,,,,,,,,,0.29,
2.377,2381189.0,3732270080.0,,,,,,,,,0.3,
2.393,2444916.0,3939021824.0,,,,,,,,,0.31,
2.44,2508882.0,,,,,,,,,,0.3,
2.33,2574005.0,,,,,,,,,,0.29,
2.458,2639922.0,,,,,,,,,,0.3,
94.202,5239325.0,28371175424.0,,,,,,,,,,
58.143,5127512.0,19963488256.0,,,,,,,,,,
44.816,4997912.0,17806233600.0,,,,,,,,,,
44.256,4877682.0,18187137024.0,,,,,,,,,,
46.533,4761277.0,19998451712.0,,,,,,,,,,
47.934,4640033.0,22010931200.0,,,,,,,,,,
48.536,4518407.0,22536785920.0,,,,,,,,,,
47.084,4394505.0,23091363840.0,,,,,,,,,,
40.194,4265175.0,23550461952.0,,,,,,,,,7.27,
37.133,4144485.0,24543610880.0,,,,,,,,,6.8,
43.765,4061127.0,25794070528.0,,,,,,,,,7.16,
38.952,4017826.0,28539744256.0,,,,,,,,,7.06,
40.229,3988861.0,30055133184.0,,,,,,,,,6.81,
45.765,3961183.0,32780605440.0,,,,,,,,,7.14,
41.373,3933866.0,35705843712.0,,,,,,,,,7.11,
51.746,3906476.0,40006930432.0,,,,,,,,,8.17,
51.765,3879701.0,40781258752.0,,,,,,,,,8.3,
52.634,3855203.0,39112843264.0,,,,,,,,,8.42,
56.745,3836834.0,41359867904.0,,,,,,,,,9.98,
52.819,3821667.0,44138078208.0,,,,,,,,,9.98,
54.695,3804358.0,46940131328.0,,,,,,,,,9.47,
61.591,3786025.0,48532123648.0,,,,,,,,,9.87,
64.329,3774232.0,50778370048.0,,,,,,,,,10.16,
68.213,3771135.0,52238069760.0,,,,,,,,,10.61,
72.101,3771112.0,53661818880.0,,,,,,,,,11.35,
71.688,3771904.0,56260120576.0,,,,,,,,,11.31,
73.12,3772323.0,58984800256.0,,,,,,,,,11.92,
74.132,3770814.0,,,,,,,,,,11.6,
70.411,3765912.0,,,,,,,,,,11.16,
78.297,3757984.0,,,,,,,,,,12.64,
,3744385.0,,,,,,,,,,14.24,
,55775391.0,258778103808.0,,,,,,,,,,
,56591445.0,252659269632.0,,,,,,,,,,
,57433002.0,258695544832.0,,,,,,,,,,
,58300637.0,273137582080.0,,,,,,,,,,
,59181365.0,284058681344.0,,,,,,,,,,
,60075384.0,290170503168.0,,,,,,,,,,
,60982895.0,298832560128.0,,,,,,,,,,
,61904101.0,312083644416.0,,,,,,,,,,
,62839208.0,317376954368.0,,,,,,,,,,
,63557664.0,323838345216.0,,,,,,,,,,
,64056716.0,335611920384.0,,,,,,,,,,
,64333569.0,346844069888.0,,,,,,,,,,
,64385385.0,362054975488.0,,,,,,,,,,
,64209282.0,378312261632.0,,,,,,,,,,
,64033646.0,322284093440.0,,,,,,,,,,
,63858476.0,306048827392.0,,,,,,,,,,
,63683770.0,309103525888.0,,,,,,,,,,
,63509528.0,309414920192.0,,,,,,,,,,
,63305628.0,310201942016.0,,,,,,,,,,
,63226761.0,249574735872.0,,,,,,,,,,
,63273356.0,271404564480.0,,,,,,,,,,
,63445847.0,302077149184.0,,,,,,,,,,
,63744670.0,328688992256.0,,,,,,,,,,
,64170268.0,273091575808.0,,,,,,,,,,
,64598707.0,319692013568.0,,,,,,,,,,
,65030007.0,355624583168.0,,,,,,,,,,
,65464186.0,365617971200.0,,,,,,,,,,
,65901264.0,402192498688.0,,,,,,,,,,
,66341260.0,419777970176.0,,,,,,,,,,
,66789491.0,418019737600.0,,,,,,,,,,
,67246048.0,412176973824.0,,,,,,,,,,
,67711026.0,380827271168.0,,,,,,,,,,
,68184518.0,352172048384.0,,,,,,,,,,
,68666619.0,374241034240.0,,,,,,,,,,
,69152129.0,408415338496.0,,,,,,,,,,
,69641071.0,439141859328.0,,,,,,,,,,
,70133471.0,477841162240.0,,,,,,,,,,
,70629352.0,506561921024.0,,,,,,,,,,
,71128740.0,545721679872.0,,,,,,,,,,
,71499194.0,597037481984.0,,,,,,,,,,
,71740083.0,601419022336.0,,,,,,,,,,
,71850770.0,639431147520.0,,,,,,,,,,
,71830612.0,648060272640.0,,,,,,,,,,
,71678963.0,661088894976.0,,,,,,,,,,
,71527635.0,677550751744.0,,,,,,,,,,
,71376625.0,482064990208.0,,,,,,,,,,
,71225935.0,228572053504.0,,,,,,,,,,
,71075562.0,256643006464.0,,,,,,,,,,
,70925507.0,303971500032.0,,,,,,,,,,
,70888212.0,355660922880.0,,,,,,,,,,
,70964104.0,422965116928.0,,,,,,,,,,
,70820040.0,461743915008.0,,,,,,,,,,
,70808376.0,501792178176.0,,,,,,,,,,
,70879448.0,543743737856.0,,,,,,,,,,
,71020736.0,584376909824.0,,,,,,,,,,
,71222632.0,648607432704.0,,,,,,,,,,
,71473272.0,695152410624.0,,,,,,,,,,
,71771632.0,734905303040.0,,,,,,,,,,
,72136480.0,767711444992.0,,,,,,,,,,
,72578952.0,823838507008.0,,,,,,,,,,
,73063696.0,890210025472.0,,,,,,,,,,
,73604352.0,926835933184.0,,,,,,,,,,
,74194424.0,966424854528.0,,,,,,,,,,
,74796216.0,993706246144.0,,,,,,,,,,
,75423248.0,1054006837248.0,,,,,,,,,,
2969.293,76037464.0,1107504005120.0,1869.476,1020.57,30.976,2921.022,,,47.939,47.939,,1.615
2977.001,76618720.0,1140349206528.0,1745.339,1141.832,37.23,2924.401,,,51.848,51.848,,1.742
2969.431,77173552.0,1143923015680.0,1681.304,1187.422,47.989,2916.715,,,49.241,49.241,,1.658
3170.413,77646128.0,1204136574976.0,1705.439,1331.123,78.87,3115.431,,,49.97,49.97,,1.576
3419.778,78012488.0,1283751411712.0,1755.96,1496.942,112.316,3365.219,,,40.551,40.551,,1.186
3611.016,78294592.0,1343859720192.0,1733.998,1644.07,159.738,3537.806,,,51.847,54.784,,1.436
3643.557,78511408.0,1383509131264.0,1659.38,1712.532,211.025,3582.936,,,39.787,42.982,,1.092
3770.223,78643560.0,1440601473024.0,1619.861,1807.816,273.224,3700.902,,,39.05,42.302,,1.036
3987.354,78667472.0,1505896431616.0,1625.13,1927.148,352.331,3904.608,,,45.033,48.395,,1.129
3918.027,78620536.0,1518360854528.0,1632.119,1748.524,440.765,3821.408,,,52.156,55.591,,1.331
3764.568,78513512.0,1510149849088.0,1478.568,1698.33,465.143,3642.042,,,50.444,54.034,,1.34
4016.905,78364216.0,1583048294400.0,1560.839,1834.953,492.289,3888.081,,,40.945,45.024,,1.019
4007.19,78221280.0,1628636053504.0,1499.002,1812.366,522.791,3834.159,,,51.99,55.97,,1.297
4152.177,78071552.0,1674283057152.0,1518.483,1890.278,560.423,3969.184,,,54.297,58.503,,1.308
4382.909,77915728.0,1741603209216.0,1606.777,1949.953,619.478,4176.208,,,54.36,58.968,,1.24
4239.232,77786696.0,1761467957248.0,1643.761,1764.344,610.729,4018.834,,,56.387,62.664,,1.33
4107.233,77684488.0,1768196407296.0,1671.312,1601.384,583.939,3856.635,,,58.887,64.647,,1.434
3962.491,77610424.0,1753143312384.0,1631.48,1513.858,541.861,3687.199,,,58.365,64.107,,1.473
4018.511,77566064.0,1784298602496.0,1690.967,1482.448,563.343,3736.759,,,55.331,60.248,,1.377
4166.991,77568576.0,1834585161728.0,1745.244,1477.557,588.301,3811.103,,,54.643,59.887,,1.311
4290.329,77638808.0,1874769870848.0,1735.999,1522.741,581.491,3840.231,,,51.454,56.702,522.534,1.199
4254.676,77803352.0,1916181413888.0,1640.377,1604.221,579.801,3824.398,,0.003,54.917,60.013,523.557,1.291
4291.178,78090896.0,1945055789056.0,1633.631,1562.008,628.617,3824.256,,0.006,60.154,64.775,532.442,1.402
4305.766,78477528.0,2009989513216.0,1614.395,1562.913,618.851,3796.16,,0.024,59.375,64.627,549.492,1.379
4260.189,78916440.0,2075675197440.0,1640.097,1468.383,633.358,3741.838,,0.077,53.947,59.607,559.873,1.266
4192.642,79370192.0,2015547621376.0,1529.691,1537.293,636.883,3703.867,0.003,0.21,51.259,56.053,546.82,1.223
4090.643,79801984.0,2140549414912.0,1343.595,1607.615,669.193,3620.403,0.003,0.296,46.868,51.99,535.83,1.146
4009.338,80205024.0,2206446125056.0,1214.498,1621.655,661.627,3497.78,0.006,0.813,55.103,60.96,533.66,1.374
3991.526,80573496.0,2210102247424.0,1145.774,1646.873,700.113,3492.76,0.009,1.774,56.065,63.208,522.49,1.405
3954.172,80882120.0,2290161025024.0,1111.452,1631.973,712.927,3456.352,0.012,2.688,59.716,68.788,525.21,1.51
3974.795,81123264.0,2356396687360.0,1053.939,1631.13,777.374,3462.442,0.015,4.435,63.741,75.091,532.81,1.604
4105.846,81300864.0,2402605858816.0,1049.402,1658.878,869.91,3578.19,0.018,6.009,55.645,69.077,550.69,1.355
4053.187,81436096.0,2474738188288.0,1016.818,1648.927,831.034,3496.779,0.033,8.77,56.041,73.1,548.01,1.383
4019.631,81524384.0,2552402542592.0,992.512,1650.717,838.65,3481.879,0.044,13.274,56.189,79.209,552.38,1.398
3963.56,81556968.0,2632654520320.0,955.582,1601.107,836.191,3392.88,0.056,16.346,61.168,88.292,552.54,1.543
3988.179,81551680.0,2741356986368.0,992.096,1570.435,829.246,3391.776,0.0,28.091,73.629,115.143,572.3,1.846
4062.799,81514568.0,2819462529024.0,994.936,1590.963,874.482,3460.381,0.294,30.847,68.157,119.494,581.89,1.678
4011.723,81443424.0,2851462971392.0,997.149,1537.78,873.128,3408.056,0.584,46.118,69.176,141.96,581.96,1.724
4010.471,81346808.0,2863394193408.0,1013.62,1507.717,883.72,3405.057,0.908,55.355,53.134,146.061,602.54,1.325
4009.893,81266672.0,2929753849856.0,988.11,1490.49,888.211,3366.811,1.605,74.978,59.782,181.111,610.28,1.491
3962.631,81212168.0,2983874265088.0,945.387,1460.058,902.81,3308.255,3.745,79.528,56.232,206.39,613.41,1.419
4062.384,81177816.0,3129394593792.0,983.311,1457.237,920.069,3360.617,6.445,89.129,56.996,244.812,629.81,1.403
3893.425,81183832.0,3268102848512.0,1008.287,1319.459,886.362,3214.107,8.87,114.538,59.861,297.996,632.31,1.537
3934.661,81217488.0,3340933005312.0,931.808,1399.069,895.006,3225.884,12.668,116.294,57.446,307.597,633.2,1.46
3692.18,81260624.0,3189039955968.0,834.292,1339.838,844.301,3018.432,18.753,110.089,53.148,312.147,588.94,1.439
3847.15,81325088.0,3356793241600.0,896.172,1357.644,880.712,3134.529,33.204,106.99,58.157,338.26,624.64,1.512
3710.586,81423384.0,3519131418624.0,910.791,1313.271,808.607,3032.669,55.148,137.538,48.748,392.096,605.17,1.314
3761.915,81545568.0,3536438165504.0,936.074,1305.389,811.101,3052.564,73.33,141.703,59.651,447.656,620.39,1.586
3868.519,81680592.0,3553715290112.0,963.399,1334.262,849.743,3147.405,83.455,143.73,62.679,466.672,631.15,1.62
3710.461,81858824.0,3610400784384.0,925.895,1298.318,738.95,2963.163,96.032,158.474,53.063,494.797,619.95,1.43
3780.858,82073232.0,3672553029632.0,915.056,1296.542,769.536,2981.134,102.538,217.118,51.105,562.533,640.57,1.352
3842.884,82331432.0,3735419092992.0,889.935,1323.319,848.847,3062.101,100.539,213.96,55.002,563.367,642.97,1.431
3892.673,82624368.0,3827498221568.0,835.93,1352.043,877.385,3065.357,103.154,281.28,53.625,632.402,646.01,1.378
3795.127,82896696.0,3885961314304.0,806.69,1286.682,858.507,2951.88,117.259,290.9,46.811,650.284,632.72,1.233
3697.411,83148144.0,,624.218,1294.737,892.83,2811.785,119.201,331.853,52.01,695.736,599.49,1.407
3447.96,83328992.0,,514.867,1172.284,871.075,2558.225,129.991,346.938,48.119,727.48,567.26,1.396
3549.456,83408560.0,,621.935,1160.5,917.315,2699.75,129.107,299.994,51.436,676.124,581.35,1.449
3416.287,83369840.0,,647.222,1183.124,772.9,2603.246,158.48,326.64,45.625,726.229,582.28,1.336
,2717458.0,,,,,,,,,,,
,2739726.0,,,,,,,,,,,
,2762177.0,,,,,,,,,,,
,2784813.0,,,,,,,,,,,
,2807634.0,,,,,,,,,,,
,2830640.0,,,,,,,,,,,
,2853834.0,,,,,,,,,,,
,2877217.0,,,,,,,,,,,
,2900791.0,,,,,,,,,,,
,2923698.0,,,,,,,,,,,
,2945929.0,,,,,,,,,,,
,2967472.0,,,,,,,,,,,
,2988317.0,,,,,,,,,,,
,3008451.0,2543535104.0,,,,,,,,,,
,3028721.0,,,,,,,,,,,
,3049125.0,,,,,,,,,,,
,3069666.0,,,,,,,,,,,
,3090344.0,,,,,,,,,,,
,3113075.0,,,,,,,,,,,
,3140802.0,,,,,,,,,,,
,3173635.0,,,,,,,,,,,
,3211686.0,,,,,,,,,,,
,3255066.0,,,,,,,,,,,
,3303892.0,,,,,,,,,,,
,3353451.0,,,,,,,,,,,
,3403752.0,,,,,,,,,,,
,3454809.0,,,,,,,,,,,
,3506631.0,,,,,,,,,,,
,3559230.0,,,,,,,,,,,
,3611885.0,,,,,,,,,,,
,3664587.0,,,,,,,,,,,
,3717325.0,,,,,,,,,,,
,3770090.0,,,,,,,,,,,
,3822871.0,,,,,,,,,,,
,3876392.0,,,,,,,,,,,
,3930661.0,,,,,,,,,,,
,3985690.0,,,,,,,,,,,
,4041490.0,,,,,,,,,,,
,4098071.0,,,,,,,,,,,
,4158814.0,,,,,,,,,,,
,4223839.0,,,,,,,,,,,
,4293266.0,,,,,,,,,,,
,4367222.0,,,,,,,,,,,
,4445832.0,,,,,,,,,,,
,4525856.0,,,,,,,,,,,
,4607322.0,,,,,,,,,,,
,4690254.0,,,,,,,,,,,
,4774678.0,,,,,,,,,,,
,4860622.0,,,,,,,,,,,
,4961368.0,,,,,,,,,,,
,5077600.0,9471847424.0,,,,,,,,,,
,5220301.0,9829291008.0,,,,,,,,,,
,5373388.0,9643969536.0,,,,,,,,,,
,5535164.0,10980611072.0,,,,,,,,,,
,5706211.0,12356388864.0,,,,,,,,,,
,5887163.0,11570982912.0,,,,,,,,,,
,6077350.0,12246857728.0,,,,,,,,,,
,6275803.0,12641968128.0,,,,,,,,,,
,6479014.0,12435584000.0,,,,,,,,,,
,6690095.0,14239255552.0,,,,,,,,,,
,6911514.0,15287348224.0,,,,,,,,,,
,7109036.0,15823559680.0,,,,,,,,,,
,7281192.0,16600795136.0,,,,,,,,,,
,7458244.0,17169914880.0,,,,,,,,,,
,7640202.0,17540206592.0,,,,,,,,,,
,7827728.0,17781315584.0,,,,,,,,,,
,8019660.0,17793748992.0,,,,,,,,,,
,8216093.0,18118115328.0,,,,,,,,,,
,8418152.0,18371778560.0,,,,,,,,,,
,8629853.0,19027109888.0,,,,,,,,,,
,8861897.0,19950905344.0,,,,,,,,,,
,9108881.0,21547948032.0,,,,,,,,,,
,9365950.0,20905426944.0,,,,,,,,,,
,9637207.0,21489362944.0,,,,,,,,,,
,9918984.0,22969374720.0,,,,,,,,,,
,10209847.0,20114309120.0,,,,,,,,,,
,10509008.0,19405242368.0,,,,,,,,,,
,10825498.0,19832582144.0,,,,,,,,,,
,11163231.0,21527328768.0,,,,,,,,,,
,11515680.0,20985196544.0,,,,,,,,,,
25.332,11865256.0,20314685440.0,,,,,,,,,,
24.362,12212964.0,20343922688.0,,,,,,,,,,
24.3,12584976.0,18939201536.0,,,,,,,,,,
16.109,12984137.0,18070476800.0,,,,,,,,,,
14.964,13342483.0,19633897472.0,,,,,,,,,,
17.375,13651444.0,20623114240.0,,,,,,,,,,
22.723,13971683.0,21705410560.0,,,,,,,,,,
24.924,14310795.0,22750392320.0,,,,,,,,,,
27.311,14671683.0,24022226944.0,,,,,,,,,,
30.134,15052443.0,25253181440.0,,,,,,,,,,
29.355,15446987.0,26095562752.0,,,,,,,,,,
30.497,15843473.0,27453958144.0,,,,,,,,,,
33.17,16241548.0,28508753920.0,,,,,,,,,,
32.645,16643639.0,29541689344.0,,,,,,,,,,
33.619,17040850.0,30603384832.0,,,,,,,,,,
34.184,17438882.0,31879333888.0,,,,,,,,,,
36.121,17844012.0,33320583168.0,,,,,,,,,,
35.558,18268044.0,34919976960.0,,,,,,,,,,
27.816,18714708.0,36531372032.0,,,,,,,,,,
33.798,19176800.0,38131240960.0,,,,,,,,,,
41.627,19665506.0,39519514624.0,,,,,,,,,7.13,
41.868,20195584.0,41144434688.0,,,,,,,,,7.73,
38.324,20758324.0,42979041280.0,,,,,,,,,7.11,
35.093,21329520.0,45217304576.0,,,,,,,,,5.73,
41.455,21906448.0,47687385088.0,,,,,,,,,5.88,
42.603,22496952.0,50453082112.0,,,,,,,,,6.68,
41.445,23098590.0,53573709824.0,,,,,,,,,8.22,
39.113,23708328.0,55855472640.0,,,,,,,,,6.77,
46.215,24326092.0,60944891904.0,,,,,,,,,8.14,
53.156,24950768.0,63844990976.0,,,,,,,,,8.78,
54.777,25574722.0,68838727680.0,,,,,,,,,9.93,
68.864,26205940.0,78458888192.0,,,,,,,,,10.93,
70.667,26858760.0,85729714176.0,,,,,,,,,11.72,
74.279,27525586.0,92004286464.0,,,,,,,,,12.53,
75.372,28196356.0,95677579264.0,,,,,,,,,12.63,
82.196,28870946.0,99411263488.0,,,,,,,,,11.17,
83.195,29554298.0,103444160512.0,,,,,,,,,11.4,
83.352,30222266.0,111867617280.0,,,,,,,,,12.84,
96.078,30870648.0,118873890816.0,,,,,,,,,14.37,
98.841,31522294.0,,,,,,,,,,16.69,
112.122,32180402.0,,,,,,,,,,20.2,
114.369,32833036.0,,,,,,,,,,20.93,
,28752.0,,,,,,,,,,,
,28840.0,,,,,,,,,,,
,28885.0,,,,,,,,,,,
,28877.0,,,,,,,,,,,
,28817.0,,,,,,,,,,,
,28701.0,,,,,,,,,,,
,28528.0,,,,,,,,,,,
,28296.0,,,,,,,,,,,
,28023.0,,,,,,,,,,,
,27713.0,,,,,,,,,,,
,27342.0,,,,,,,,,,,
,27013.0,,,,,,,,,,,
,26974.0,,,,,,,,,,,
,27143.0,,,,,,,,,,,
,27307.0,,,,,,,,,,,
,27433.0,,,,,,,,,,,
,27519.0,,,,,,,,,,,
,27586.0,,,,,,,,,,,
,27663.0,,,,,,,,,,,
,27723.0,,,,,,,,,,,
,27765.0,,,,,,,,,,0.0,
,27746.0,,,,,,,,,,0.0,
,27918.0,,,,,,,,,,0.0,
,28320.0,,,,,,,,,,0.0,
,28743.0,,,,,,,,,,0.0,
,29179.0,,,,,,,,,,0.0,
,29613.0,,,,,,,,,,0.0,
,30021.0,,,,,,,,,,0.0,
,30426.0,,,,,,,,,,0.0,
,30844.0,,,,,,,,,,0.0,
,31289.0,,,,,,,,,,0.0,
,31725.0,,,,,,,,,,0.0,
,32183.0,,,,,,,,,,0.0,
,32437.0,,,,,,,,,,0.0,
,32478.0,,,,,,,,,,0.0,
,32546.0,,,,,,,,,,0.0,
,32590.0,,,,,,,,,,0.0,
,32628.0,,,,,,,,,,0.0,
,32677.0,,,,,,,,,,0.0,
,32715.0,,,,,,,,,,0.0,
,32739.0,,,,,,,,,,0.0,
,32698.0,,,,,,,,,,0.0,
,4990133.0,9785064448.0,,,,,,,,,,
,5032141.0,9444330496.0,,,,,,,,,,
,5071280.0,12192535552.0,,,,,,,,,,
,5107496.0,11993588736.0,,,,,,,,,,
,5143970.0,12744796160.0,,,,,,,,,,
,5180704.0,13153280000.0,,,,,,,,,,
,5217700.0,13090220032.0,,,,,,,,,,
,5254961.0,13363649536.0,,,,,,,,,,
,5292488.0,13377300480.0,,,,,,,,,,
,5330209.0,13741082624.0,,,,,,,,,,
,5368127.0,13789440000.0,,,,,,,,,,
,5406242.0,17302005760.0,,,,,,,,,,
,5444555.0,16897649664.0,,,,,,,,,,
,5483067.0,10177300480.0,,,,,,,,,,
,5521851.0,13078421504.0,,,,,,,,,,
,5560909.0,10024643584.0,,,,,,,,,,
,5600243.0,8583008768.0,,,,,,,,,,
,5639856.0,7544160256.0,,,,,,,,,,
,5678901.0,12807980032.0,,,,,,,,,,
,5722766.0,11495459840.0,,,,,,,,,,
,5771532.0,13018800128.0,,,,,,,,,,
,5825284.0,17843709952.0,,,,,,,,,,
,5884107.0,18429810688.0,,,,,,,,,,
,5948086.0,19045689344.0,,,,,,,,,,
,6012762.0,19673999360.0,,,,,,,,,,
,6078140.0,20322738176.0,,,,,,,,,,
,6144230.0,20995950592.0,,,,,,,,,,
,6211038.0,21683453952.0,,,,,,,,,,
,6278572.0,22096005120.0,,,,,,,,,,
,6350526.0,23424575488.0,,,,,,,,,,
,6426998.0,22857248768.0,,,,,,,,,,
,6508088.0,21908879360.0,,,,,,,,,,
,6593900.0,23776884736.0,,,,,,,,,,
,6684536.0,25164437504.0,,,,,,,,,,
,6776418.0,25775552512.0,,,,,,,,,,
,6869563.0,26852728832.0,,,,,,,,,,
,6963989.0,26944917504.0,,,,,,,,,,
,7059712.0,30778822656.0,,,,,,,,,,
,7156751.0,30129287168.0,,,,,,,,,,
,7240587.0,30090979328.0,,,,,,,,,,
,7310983.0,25793040384.0,,,,,,,,,,
,7367696.0,21990293504.0,,,,,,,,,,
,7410484.0,18472263680.0,,,,,,,,,,
,7439097.0,15433154560.0,,,,,,,,,,
,7467821.0,12958235648.0,,,,,,,,,,
,7496655.0,10946390016.0,,,,,,,,,,
,7525601.0,16386362368.0,,,,,,,,,,
,7554659.0,21156489216.0,,,,,,,,,,
,7583829.0,22208634880.0,,,,,,,,,,
,7621936.0,23403024384.0,,,,,,,,,,
,7669097.0,23091517440.0,,,,,,,,,,
,7766347.0,25133723648.0,,,,,,,,,,
,7863884.0,25303193600.0,,,,,,,,,,
,7959594.0,28774727680.0,,,,,,,,,,
,8052769.0,29671335936.0,,,,,,,,,,
,8146025.0,31917910016.0,,,,,,,,,,
,8234417.0,34637758464.0,,,,,,,,,,
,8313968.0,36894466048.0,,,,,,,,,,
,8385152.0,38601687040.0,,,,,,,,,,
,8447074.0,40019054592.0,,,,,,,,,,
,8495419.0,41761935360.0,,,,,,,,,,
,8526467.0,45416652800.0,,,,,,,,,,
,8540807.0,47115796480.0,,,,,,,,,,
,8541794.0,51912265728.0,,,,,,,,,,
,8534890.0,56177340416.0,,,,,,,,,,
79.146,8526265.0,61451243520.0,24.504,52.273,,,,,2.369,2.369,,
86.65,8520636.0,65205338112.0,24.458,57.077,,,,,5.116,5.116,,
95.398,8518064.0,68790149120.0,23.376,67.113,,,,,4.909,4.909,,
99.138,8518841.0,73369985024.0,26.4,68.693,,,,,4.045,4.045,,
104.722,8526141.0,80630472704.0,25.551,73.094,,,,,6.077,6.077,,
116.363,8544874.0,87048781824.0,29.401,79.167,,,,,7.795,7.795,,
138.633,8576110.0,93246906368.0,43.333,87.457,,,,,7.842,7.842,,
155.516,8616664.0,104841363456.0,46.287,101.313,,,,,7.916,7.916,,
178.934,8666390.0,108952707072.0,54.44,117.92,,,,,6.573,6.573,,
174.938,8729703.0,104999059456.0,57.336,110.662,,,,,6.94,6.94,,
198.29,8805416.0,111353888768.0,75.083,117.248,,,,,5.958,5.958,,
219.074,8890429.0,118430924800.0,88.725,124.792,,,,,5.556,5.556,,
227.19,8983231.0,122480967680.0,94.366,127.141,,,,,5.683,5.683,,
231.183,9084305.0,130699231232.0,83.91,138.437,,,,,8.835,8.835,,
203.037,9194179.0,135518429184.0,46.066,146.425,,,,,10.545,10.545,,
201.108,9307159.0,137887825920.0,46.066,144.973,,,,,10.069,10.069,,
196.518,9418999.0,137962176512.0,45.601,140.842,,,,,10.074,10.074,,
199.183,9528819.0,138508058624.0,46.299,141.511,0.844,188.653,,,10.53,10.53,,5.287
200.299,9636354.0,139066310656.0,56.778,135.798,0.804,193.379,,,6.919,6.919,,3.455
209.138,9740384.0,142899249152.0,60.627,139.163,0.884,200.675,,,8.463,8.463,,4.047
220.911,9840144.0,147360301056.0,70.303,141.482,0.831,212.616,,,8.294,8.294,27.74,3.755
221.38,9936729.0,149738258432.0,67.093,143.582,1.139,211.814,,,9.566,9.566,28.237,4.321
242.08,10029145.0,149058781184.0,76.595,155.962,1.3,233.857,,0.003,8.22,8.223,30.272,3.396
255.601,10120189.0,155690549248.0,85.969,161.073,1.559,248.601,,0.003,6.996,6.999,33.394,2.737
277.07,10211975.0,161665843200.0,92.424,177.452,1.572,271.448,,0.003,5.618,5.621,34.456,2.028
287.312,10302255.0,161708982272.0,93.727,186.743,1.606,282.076,0.0,0.006,5.231,5.237,34.78,1.821
291.482,10391552.0,168230944768.0,90.171,190.554,1.587,282.313,0.0,0.006,9.164,9.17,35.74,3.144
296.618,10478389.0,170928734208.0,94.088,194.523,1.466,290.077,0.0,0.024,6.514,6.541,37.22,2.196
300.531,10563442.0,169706668032.0,94.047,198.512,1.082,293.641,0.0,0.139,6.748,6.89,38.13,2.245
305.643,10647420.0,174662615040.0,94.249,203.043,0.553,297.846,0.0,0.109,7.685,7.798,40.39,2.514
316.794,10727928.0,179928432640.0,93.932,211.813,0.51,306.255,0.0,0.101,10.435,10.539,41.3,3.294
324.801,10803809.0,186744569856.0,91.377,219.881,0.573,311.831,0.0,0.112,12.857,12.969,42.42,3.958
334.044,10875274.0,196868816896.0,98.411,222.059,1.989,322.458,0.0,0.106,11.479,11.585,43.29,3.436
354.773,10939474.0,206380728320.0,102.95,232.479,8.145,343.575,0.0,0.207,10.991,11.198,46.19,3.098
354.705,10993861.0,214634217472.0,99.029,227.012,14.604,340.644,0.0,0.479,13.578,14.061,49.39,3.828
373.052,11038112.0,225054588928.0,104.948,236.249,19.602,360.798,0.0,1.334,10.92,12.254,53.42,2.927
376.025,11072182.0,236462129152.0,108.476,239.571,19.345,367.392,0.0,2.221,6.161,8.634,53.08,1.638
376.371,11096620.0,247945854976.0,104.366,240.725,20.805,365.895,0.0,1.9,8.173,10.475,53.95,2.171
398.316,11110488.0,264671526912.0,104.927,252.75,23.52,381.198,0.0,2.961,13.822,17.118,57.9,3.47
398.232,11115089.0,280566759424.0,107.558,247.728,25.855,381.141,0.002,3.23,13.463,17.092,58.8,3.381
399.606,11113450.0,284786819072.0,106.098,249.091,26.032,381.222,0.003,3.626,14.367,18.384,59.43,3.595
411.306,11106097.0,303593193472.0,97.707,260.49,30.693,388.89,0.004,4.835,16.688,22.416,60.17,4.057
419.35,11091491.0,316350857216.0,103.016,263.441,38.868,405.325,0.004,5.141,7.328,14.026,62.71,1.747
411.585,11073621.0,318127308800.0,96.969,252.572,45.03,394.571,0.015,6.3,9.308,17.015,62.92,2.261
396.398,11055503.0,307180732416.0,98.008,236.809,37.813,372.63,0.14,7.102,14.948,23.768,61.07,3.771
378.437,11033784.0,292966531072.0,91.506,214.719,41.44,347.664,0.438,7.533,20.747,30.773,57.38,5.482
371.285,11004730.0,268611518464.0,91.849,204.578,51.1,347.527,1.684,9.146,11.065,23.757,59.19,2.98
349.302,10963633.0,248992874496.0,94.659,178.331,46.965,319.955,4.645,10.557,12.044,29.347,60.75,3.448
328.303,10914501.0,240930471936.0,81.261,164.762,41.452,287.475,9.943,11.281,17.298,40.828,57.12,5.269
307.91,10862972.0,241776394240.0,78.098,163.353,31.603,273.054,10.273,9.993,12.132,34.856,50.35,3.94
311.723,10806644.0,241242128384.0,65.441,170.199,34.127,269.766,10.502,12.444,16.422,41.957,51.83,5.268
306.97,10749742.0,241653891072.0,50.692,169.917,44.42,265.029,10.52,13.776,14.838,41.941,54.41,4.834
322.177,10692230.0,245290991616.0,55.78,173.993,53.57,283.343,10.622,14.736,10.545,38.834,55.18,3.273
324.05,10633275.0,250035847168.0,54.775,171.973,52.451,279.199,10.029,16.669,15.196,44.852,53.25,4.689
316.865,10574026.0,,37.175,177.196,57.583,271.954,11.673,19.154,10.543,44.91,48.58,3.327
276.929,10512232.0,,21.295,143.459,63.427,228.181,11.679,24.451,8.781,48.749,48.16,3.171
302.512,10445368.0,,19.912,151.999,69.803,241.714,13.74,27.431,15.447,60.799,54.65,5.106
315.811,10384972.0,,20.013,171.01,61.967,252.99,18.649,28.364,11.863,62.82,52.44,3.756
,12762.0,,,,,,,,,,,
,,,,,,,,,,,,
,,,,,,,,,,,,
,,,,,,,,,,,,
,,,,,,,,,,,,
,,,,,,,,,,,,
,,,,,,,,,,,,
,,,,,,,,,,,,
,,,,,,,,,,,,
,,,,,,,,,,,,
,14357.0,,,,,,,,,,,
,,,,,,,,,,,,
,,,,,,,,,,,,
,,,,,,,,,,,,
,,,,,,,,,,,,
,,,,,,,,,,,,
,,,,,,,,,,,,
,,,,,,,,,,,,
,,,,,,,,,,,,
,,,,,,,,,,,,
,16152.0,,,,,,,,,,,
,,,,,,,,,,,,
,,,,,,,,,,,,
,,,,,,,,,,,,
,,,,,,,,,,,,
,,,,,,,,,,,,
,,,,,,,,,,,,
,,,,,,,,,,,,
,,,,,,,,,,,,
,,,,,,,,,,,,
,18171.0,,,,,,,,,,,
,,,,,,,,,,,,
,,,,,,,,,,,,
,,,,,,,,,,,,
,,,,,,,,,,,,
,,,,,,,,,,,,
,,,,,,,,,,,,
,,,,,,,,,,,,
,,,,,,,,,,,,
,,,,,,,,,,,,
,20442.0,,,,,,,,,,,
,,,,,,,,,,,,
,,,,,,,,,,,,
,,,,,,,,,,,,
,,,,,,,,,,,,
,,,,,,,,,,,,
,,,,,,,,,,,,
,,,,,,,,,,,,
,,,,,,,,,,,,
,,,,,,,,,,,,
,23142.0,,,,,,,,,,,
,23622.0,,,,,,,,,,,
,24248.0,,,,,,,,,,,
,24887.0,,,,,,,,,,,
,25579.0,,,,,,,,,,,
,26322.0,,,,,,,,,,,
,27230.0,,,,,,,,,,,
,28331.0,,,,,,,,,,,
,29512.0,,,,,,,,,,,
,30788.0,,,,,,,,,,,
,32145.0,,,,,,,,,,,
,33458.0,,,,,,,,,,,
,34693.0,,,,,,,,,,,
,35940.0,,,,,,,,,,,
,37227.0,,,,,,,,,,,
,38555.0,,,,,,,,,,,
,39964.0,,,,,,,,,,,
,41389.0,,,,,,,,,,,
,42765.0,,,,,,,,,,,
,44125.0,,,,,,,,,,,
,45457.0,,,,,,,,,,,
,46503.0,,,,,,,,,,,
,47262.0,,,,,,,,,,,
,47987.0,,,,,,,,,,,
,48628.0,,,,,,,,,,,
,49172.0,,,,,,,,,,,
,49589.0,,,,,,,,,,,
,49762.0,,,,,,,,,,,
,49756.0,,,,,,,,,,,
,49780.0,,,,,,,,,,,
2.291,50127.0,,,,,,,,,,,
2.161,50739.0,,,,,,,,,,,
2.099,51363.0,,,,,,,,,,,
1.482,52002.0,,,,,,,,,,,
2.353,52656.0,,,,,,,,,,,
2.099,53239.0,,,,,,,,,,,
1.396,53744.0,,,,,,,,,,,
0.966,54270.0,,,,,,,,,,,
2.259,54797.0,,,,,,,,,,,
1.992,55321.0,,,,,,,,,,,
2.275,55616.0,,,,,,,,,,,
2.247,55675.0,,,,,,,,,,,
1.997,55704.0,,,,,,,,,,,
2.042,55729.0,,,,,,,,,,,
2.054,55719.0,,,,,,,,,,,
2.054,55807.0,,,,,,,,,,,
2.177,55978.0,,,,,,,,,,,
2.233,56092.0,,,,,,,,,,,
2.233,56146.0,,,,,,,,,,,
2.746,56129.0,,,,,,,,,,,
2.976,56204.0,,,,,,,,,,0.42,
2.778,56401.0,,,,,,,,,,0.39,
2.689,56591.0,,,,,,,,,,0.38,
2.948,56748.0,,,,,,,,,,0.33,
2.843,56888.0,,,,,,,,,,0.33,
3.423,56909.0,,,,,,,,,,0.35,
3.141,56835.0,,,,,,,,,,0.39,
3.548,56728.0,,,,,,,,,,0.38,
3.154,56600.0,,,,,,,,,,0.4,
3.455,56461.0,,,,,,,,,,0.42,
4.365,56374.0,,,,,,,,,,0.41,
4.315,56310.0,,,,,,,,,,0.46,
3.6,56217.0,,,,,,,,,,0.44,
3.622,56116.0,,,,,,,,,,0.45,
3.385,55972.0,,,,,,,,,,0.47,
3.607,55916.0,,,,,,,,,,0.51,
3.56,55941.0,,,,,,,,,,0.48,
3.542,55951.0,,,,,,,,,,0.46,
3.611,55954.0,,,,,,,,,,0.51,
3.522,55955.0,,,,,,,,,,0.5,
3.552,56049.0,,,,,,,,,,0.59,
3.574,56266.0,,,,,,,,,,0.6,
0.18,94857.0,,,,,,,,,,,
0.239,95239.0,,,,,,,,,,,
0.239,96552.0,,,,,,,,,,,
0.239,98192.0,,,,,,,,,,,
0.24,99631.0,,,,,,,,,,,
0.239,100594.0,,,,,,,,,,,
0.277,100909.0,,,,,,,,,,,
0.341,100616.0,,,,,,,,,,,
0.354,99898.0,,,,,,,,,,,
0.354,99238.0,,,,,,,,,,,
0.526,99066.0,,,,,,,,,,,
0.526,99778.0,,,,,,,,,,,
0.542,101054.0,,,,,,,,,,,
0.623,102190.0,,,,,,,,,,,
0.714,103194.0,,,,,,,,,,,
0.651,104075.0,,,,,,,,,,,
0.697,104862.0,,,,,,,,,,,
0.922,105563.0,,,,,,,,,,,
0.8,106214.0,,,,,,,,,,,
0.8,106841.0,,,,,,,,,,,
0.863,107442.0,,,,,,,,,,0.13,
0.898,107945.0,,,,,,,,,,0.14,
0.923,108246.0,,,,,,,,,,0.15,
0.976,108750.0,,,,,,,,,,0.16,
0.948,109529.0,,,,,,,,,,0.15,
0.997,110268.0,,,,,,,,,,0.15,
1.031,111006.0,,,,,,,,,,0.17,
1.095,111740.0,,,,,,,,,,0.18,
1.164,112497.0,,,,,,,,,,0.19,
1.13,113260.0,,,,,,,,,,0.2,
1.175,114058.0,,,,,,,,,,0.2,
1.172,114933.0,,,,,,,,,,0.2,
1.194,115930.0,,,,,,,,,,0.19,
1.347,116954.0,,,,,,,,,,0.19,
1.139,117986.0,,,,,,,,,,0.19,
1.185,118994.0,,,,,,,,,,0.19,
1.221,119973.0,,,,,,,,,,0.2,
1.327,120934.0,,,,,,,,,,0.21,
1.307,121853.0,,,,,,,,,,0.21,
1.308,122737.0,,,,,,,,,,0.21,
1.103,123672.0,,,,,,,,,,0.2,
1.175,124624.0,,,,,,,,,,0.21,
2.069,334237.0,,,,,,,,,,,
2.888,335663.0,,,,,,,,,,,
3.654,338969.0,,,,,,,,,,,
3.831,344461.0,,,,,,,,,,,
4.196,350988.0,,,,,,,,,,,
3.831,357854.0,,,,,,,,,,,
3.988,364863.0,,,,,,,,,,,
4.61,371913.0,,,,,,,,,,,
5.075,378995.0,,,,,,,,,,,
5.592,385871.0,,,,,,,,,,,
6.043,391961.0,,,,,,,,,,,
6.282,396998.0,,,,,,,,,,,
5.956,401452.0,,,,,,,,,,,
6.785,405738.0,,,,,,,,,,,
7.014,409893.0,,,,,,,,,,,
7.202,413945.0,,,,,,,,,,,
7.162,417904.0,,,,,,,,,,,
7.333,421828.0,,,,,,,,,,,
7.348,424991.0,,,,,,,,,,,
7.348,425759.0,,,,,,,,,,,
8.722,424068.0,,,,,,,,,,1.27,
9.097,421198.0,,,,,,,,,,1.26,
9.355,417628.0,,,,,,,,,,1.22,
9.711,413448.0,,,,,,,,,,1.31,
9.538,408632.0,,,,,,,,,,1.56,
9.431,403244.0,,,,,,,,,,1.57,
9.745,400934.0,,,,,,,,,,1.64,
10.133,401620.0,,,,,,,,,,1.71,
9.444,402099.0,,,,,,,,,,1.69,
9.351,402688.0,,,,,,,,,,1.68,
9.945,403073.0,,,,,,,,,,1.68,
10.872,403153.0,,,,,,,,,,1.7,
0.0,402988.0,,,,,,,,,,0.0,
0.0,402351.0,,,,,,,,,,0.0,
0.0,400856.0,,,,,,,,,,0.0,
0.0,399094.0,,,,,,,,,,0.0,
0.0,397861.0,,,,,,,,,,0.0,
0.0,397027.0,,,,,,,,,,0.0,
0.0,396273.0,,,,,,,,,,0.0,
0.0,395487.0,,,,,,,,,,0.0,
0.0,395649.0,,,,,,,,,,0.0,
0.0,396057.0,,,,,,,,,,0.0,
14.641,110300.0,,,,,,,,,,,
20.442,113233.0,,,,,,,,,,,
15.77,116199.0,,,,,,,,,,,
15.185,119082.0,,,,,,,,,,,
5.271,121903.0,,,,,,,,,,,
2.687,124691.0,,,,,,,,,,,
4.502,127476.0,,,,,,,,,,,
3.168,130272.0,,,,,,,,,,,
3.278,133094.0,,,,,,,,,,,
3.045,135771.0,,,,,,,,,,,
7.645,138279.0,,,,,,,,,,,
8.576,140749.0,,,,,,,,,,,
10.311,143185.0,,,,,,,,,,,
13.676,145551.0,,,,,,,,,,,
19.914,147855.0,,,,,,,,,,,
14.791,150107.0,,,,,,,,,,,
13.113,152278.0,,,,,,,,,,,
14.938,154342.0,,,,,,,,,,,
12.348,156372.0,,,,,,,,,,,
13.726,158406.0,,,,,,,,,,,
13.982,160209.0,,,,,,,,,,1.85,
19.359,161542.0,,,,,,,,,,1.85,
13.456,162581.0,,,,,,,,,,1.63,
11.392,163405.0,,,,,,,,,,1.68,
13.244,164022.0,,,,,,,,,,1.77,
15.508,164448.0,,,,,,,,,,1.79,
16.355,164689.0,,,,,,,,,,1.79,
11.815,164775.0,,,,,,,,,,1.77,
7.44,164736.0,,,,,,,,,,1.76,
11.819,164593.0,,,,,,,,,,1.75,
10.536,164916.0,,,,,,,,,,1.76,
9.31,165662.0,,,,,,,,,,1.73,
9.969,166404.0,,,,,,,,,,1.68,
8.406,167067.0,,,,,,,,,,1.67,
8.136,167555.0,,,,,,,,,,1.62,
8.644,167996.0,,,,,,,,,,1.65,
8.145,168362.0,,,,,,,,,,1.73,
7.476,168619.0,,,,,,,,,,1.76,
7.497,168696.0,,,,,,,,,,1.73,
7.493,168632.0,,,,,,,,,,1.77,
7.124,169245.0,,,,,,,,,,1.7,
7.536,170546.0,,,,,,,,,,1.82,
,1352626.0,,,,,,,,,,,
,1359267.0,,,,,,,,,,,
,1370079.0,,,,,,,,,,,
,1385093.0,,,,,,,,,,,
,1400271.0,,,,,,,,,,,
,1415615.0,,,,,,,,,,,
,1431127.0,,,,,,,,,,,
,1446808.0,,,,,,,,,,,
,1462661.0,,,,,,,,,,,
,1478681.0,,,,,,,,,,,
,1494871.0,,,,,,,,,,,
,1511231.0,,,,,,,,,,,
,1527765.0,,,,,,,,,,,
,1544473.0,,,,,,,,,,,
,1561364.0,,,,,,,,,,,
,1578439.0,,,,,,,,,,,
,1595700.0,,,,,,,,,,,
,1613149.0,,,,,,,,,,,
,1629816.0,,,,,,,,,,,
,1646676.0,,,,,,,,,,,
,1663732.0,3238715904.0,,,,,,,,,,
,1680986.0,3555642112.0,,,,,,,,,,
,1698439.0,3356598016.0,,,,,,,,,,
,1716095.0,3691520000.0,,,,,,,,,,
,1733935.0,3991004928.0,,,,,,,,,,
,1751960.0,3914013952.0,,,,,,,,,,
,1770172.0,3953573120.0,,,,,,,,,,
,1788574.0,4211801088.0,,,,,,,,,,
,1807167.0,4306270208.0,,,,,,,,,,
,1830208.0,4806726144.0,,,,,,,,,,
,1857837.0,5013701120.0,,,,,,,,,,
,1890197.0,4673419776.0,,,,,,,,,,
,1927435.0,4092000000.0,,,,,,,,,,
,1969700.0,4135150080.0,,,,,,,,,,
,2012892.0,4675400192.0,,,,,,,,,,
,2057031.0,5403420160.0,,,,,,,,,,
,2102138.0,7421479936.0,,,,,,,,,,
,2148235.0,7278119936.0,,,,,,,,,,
,2195342.0,7479949824.0,,,,,,,,,,
,2247378.0,8419400192.0,,,,,,,,,,
,2304571.0,9616199680.0,,,,,,,,,,
,2367154.0,10131749888.0,,,,,,,,,,
,2435374.0,10264899584.0,,,,,,,,,,
,2509481.0,6844499968.0,,,,,,,,,,
,2585844.0,6632249856.0,,,,,,,,,,
,2664531.0,6736840192.0,,,,,,,,,,
,2745612.0,7977500160.0,,,,,,,,,,
,2829160.0,8090359808.0,,,,,,,,,,
,2915251.0,8366159872.0,,,,,,,,,,
,3005430.0,9152799744.0,,,,,,,,,,
,3099871.0,9865907200.0,,,,,,,,,,
,3185855.0,10004358144.0,,,,,,,,,,
,3276113.0,10213516288.0,,,,,,,,,,
,3368491.0,10588291072.0,,,,,,,,,,
,3462957.0,10782944256.0,,,,,,,,,,
,3560248.0,11053790208.0,,,,,,,,,,
,3660608.0,12055894016.0,,,,,,,,,,
,3764484.0,12737280000.0,,,,,,,,,,
,3870644.0,13335209984.0,,,,,,,,,,
,3981257.0,13990280192.0,,,,,,,,,,
,4098362.0,14333599744.0,,,,,,,,,,
,4220371.0,14947424256.0,,,,,,,,,,
,4346335.0,15472280576.0,,,,,,,,,,
,4475720.0,16951572480.0,,,,,,,,,,
,4608500.0,17735100416.0,,,,,,,,,,
,4744468.0,18509400064.0,,,,,,,,,,
,4882546.0,19531819008.0,,,,,,,,,,
,5022622.0,20331388928.0,,,,,,,,,,
,5164911.0,22122326016.0,,,,,,,,,,
,5308300.0,23164047360.0,,,,,,,,,,
,5453206.0,24493391872.0,,,,,,,,,,
,5598298.0,25853384704.0,,,,,,,,,,
,5744610.0,27753869312.0,,,,,,,,,,
,5895105.0,29632944128.0,,,,,,,,,,
,6048169.0,31526352896.0,,,,,,,,,,
,6201738.0,32144490496.0,,,,,,,,,,
,6342734.0,34520956928.0,,,,,,,,,,
,6487157.0,37212983296.0,,,,,,,,,,
,6648774.0,39065976832.0,,,,,,,,,,
,6814727.0,40911806464.0,,,,,,,,,,
18.91,6987769.0,42453598208.0,,,,,,,,,,
15.98,7165508.0,42722222080.0,,,,,,,,,,
16.428,7332796.0,41220648960.0,,,,,,,,,,
18.0,7512051.0,40150564864.0,,,,,,,,,,
15.639,7718977.0,40361218048.0,,,,,,,,,,
17.596,7932187.0,40118652928.0,,,,,,,,,,
19.033,8148187.0,40163520512.0,,,,,,,,,,
19.155,8369362.0,41599680512.0,,,,,,,,,,
21.003,8600110.0,43210657792.0,,,,,,,,,,
21.965,8839546.0,44912263168.0,,,,,,,,,,
23.442,9084779.0,46309388288.0,,,,,,,,,,
22.791,9329564.0,47626485760.0,,,,,,,,,,
25.089,9576630.0,50269765632.0,,,,,,,,,,
26.806,9831871.0,52486725632.0,,,,,,,,,,
29.929,10094917.0,54315614208.0,,,,,,,,,,
32.023,10363096.0,56765521920.0,,,,,,,,,,
33.116,10632295.0,58479763456.0,,,,,,,,,,
35.769,10905387.0,61052264448.0,,,,,,,,,,
42.065,11184035.0,64137048064.0,,,,,,,,,,
45.326,11463503.0,66900680704.0,,,,,,,,,,
47.631,11735893.0,68715679744.0,,,,,,,,,6.03,
49.645,12009197.0,70380544000.0,,,,,,,,,5.83,
50.179,12289867.0,73277358080.0,,,,,,,,,6.14,
55.094,12570507.0,75358445568.0,,,,,,,,,7.65,
51.992,12852433.0,78110564352.0,,,,,,,,,6.74,
53.676,13132818.0,80887496704.0,,,,,,,,,8.3,
56.908,13412401.0,85203984384.0,,,,,,,,,8.29,
61.005,13696609.0,90478133248.0,,,,,,,,,9.02,
56.658,13979451.0,93355040768.0,,,,,,,,,8.44,
59.241,14259415.0,93747200000.0,,,,,,,,,8.54,
58.236,14543126.0,96368689152.0,,,,,,,,,7.99,
59.401,14833458.0,100319617024.0,,,,,,,,,8.28,
63.603,15128307.0,103417749504.0,,,,,,,,,9.32,
68.008,15422663.0,107344740352.0,,,,,,,,,10.07,
71.688,15713744.0,111915376640.0,,,,,,,,,10.69,
80.047,16001105.0,116637179904.0,,,,,,,,,11.43,
87.282,16291004.0,120159256576.0,,,,,,,,,12.04,
94.633,16578718.0,123767644160.0,,,,,,,,,12.68,
97.3,16850176.0,127549980672.0,,,,,,,,,14.12,
100.102,17106338.0,,,,,,,,,,13.81,
99.566,17362716.0,,,,,,,,,,13.42,
100.582,17608484.0,,,,,,,,,,14.44,
3.986,4972611.0,3758107136.0,,,,,,,,,,
3.916,5067436.0,3770853632.0,,,,,,,,,,
3.979,5170741.0,3836730624.0,,,,,,,,,,
4.06,5282281.0,3872161280.0,,,,,,,,,,
4.072,5402102.0,3922762496.0,,,,,,,,,,
3.829,5531667.0,4117874944.0,,,,,,,,,,
4.632,5671383.0,4229720576.0,,,,,,,,,,
4.941,5820777.0,4360595968.0,,,,,,,,,,
5.008,5977177.0,4619869696.0,,,,,,,,,,
4.846,6136172.0,4795309056.0,,,,,,,,,,
6.393,6354146.0,4999406592.0,,,,,,,,,,
5.045,6615740.0,5139871744.0,,,,,,,,,,
5.2,6832196.0,5362577920.0,,,,,,,,,,
5.438,7046101.0,5695353344.0,,,,,,,,,,
5.501,7262110.0,5997836800.0,,,,,,,,,,
5.472,7468350.0,6351702528.0,,,,,,,,,,
5.499,7683120.0,6708782080.0,,,,,,,,,,
5.804,7842811.0,7124296704.0,,,,,,,,,,
5.93,7992557.0,7467530240.0,,,,,,,,,,
6.184,8174900.0,7849296384.0,,,,,,,,,,
7.78,8336973.0,8142368256.0,,,,,,,,,0.75,
8.524,8445722.0,8530150912.0,,,,,,,,,0.94,
8.881,8577787.0,9080053760.0,,,,,,,,,0.99,
8.629,8772259.0,9309106176.0,,,,,,,,,0.87,
9.331,8961046.0,9645747200.0,,,,,,,,,0.94,
9.43,9140112.0,10059821056.0,,,,,,,,,0.88,
9.589,9330632.0,10279821312.0,,,,,,,,,0.85,
10.18,9547087.0,11105668096.0,,,,,,,,,0.94,
10.279,9779793.0,11730749440.0,,,,,,,,,0.96,
10.79,10021319.0,11707655168.0,,,,,,,,,0.96,
12.349,10270728.0,12362233856.0,,,,,,,,,0.92,
12.58,10527711.0,13233698816.0,,,,,,,,,0.85,
12.204,10788696.0,14087314432.0,,,,,,,,,0.71,
10.857,11055433.0,14709018624.0,,,,,,,,,0.64,
11.221,11333362.0,14874104832.0,,,,,,,,,0.69,
13.617,11626003.0,14900875264.0,,,,,,,,,1.14,
15.34,11930991.0,15905507328.0,,,,,,,,,1.61,
15.438,12240791.0,18022438912.0,,,,,,,,,1.77,
14.088,12554871.0,19045322752.0,,,,,,,,,1.49,
15.476,12877537.0,,,,,,,,,,2.06,
17.915,13205157.0,,,,,,,,,,3.2,
17.341,13531909.0,,,,,,,,,,2.78,
0.358,831469.0,952269888.0,,,,,,,,,,
0.357,844965.0,946820992.0,,,,,,,,,,
0.357,858639.0,987040128.0,,,,,,,,,,
0.357,872403.0,954356096.0,,,,,,,,,,
0.478,886217.0,1005343808.0,,,,,,,,,,
0.536,900091.0,1048557504.0,,,,,,,,,,
0.461,914138.0,1038959040.0,,,,,,,,,,
0.795,928415.0,1098046464.0,,,,,,,,,,
0.915,943086.0,1173783552.0,,,,,,,,,,
0.925,958245.0,1223906688.0,,,,,,,,,,
1.131,973557.0,1261819904.0,,,,,,,,,,
1.131,993861.0,1300711424.0,,,,,,,,,,
1.202,1022910.0,1333901696.0,,,,,,,,,,
1.317,1056767.0,1360698880.0,,,,,,,,,,
1.317,1089623.0,1398135552.0,,,,,,,,,,
1.317,1117229.0,1448757888.0,,,,,,,,,,
1.264,1140610.0,1501514752.0,,,,,,,,,,
1.317,1162451.0,1589254016.0,,,,,,,,,,
1.317,1184074.0,1315465344.0,,,,,,,,,,
1.317,1206478.0,1485363968.0,,,,,,,,,,
0.997,1230855.0,1486201600.0,,,,,,,,,0.03,
1.015,1257390.0,1520990592.0,,,,,,,,,0.03,
1.037,1285682.0,1507700352.0,,,,,,,,,0.02,
1.206,1315670.0,1522869248.0,,,,,,,,,0.02,
1.247,1347012.0,1573921408.0,,,,,,,,,0.03,
1.264,1379714.0,1653070464.0,,,,,,,,,0.03,
1.292,1414094.0,1701900928.0,,,,,,,,,0.03,
1.373,1450574.0,1768964992.0,,,,,,,,,0.03,
1.337,1488437.0,1837842560.0,,,,,,,,,0.03,
1.386,1527207.0,1913611648.0,,,,,,,,,0.03,
1.422,1567226.0,2015432192.0,,,,,,,,,0.03,
1.443,1609025.0,2192198912.0,,,,,,,,,0.03,
1.471,1652720.0,2160239104.0,,,,,,,,,0.03,
1.506,1697757.0,2238347520.0,,,,,,,,,0.03,
1.582,1743318.0,2253617152.0,,,,,,,,,0.03,
1.637,1788931.0,2372699648.0,,,,,,,,,0.06,
1.704,1834554.0,2506111488.0,,,,,,,,,0.08,
1.379,1879835.0,2652453632.0,,,,,,,,,0.08,
1.386,1924954.0,2752462080.0,,,,,,,,,0.08,
1.385,1970460.0,,,,,,,,,,0.08,
1.323,2015839.0,,,,,,,,,,0.08,
1.396,2060730.0,,,,,,,,,,0.08,
6.103,778187.0,,,,,,,,,,,
7.449,779698.0,,,,,,,,,,,
5.776,779640.0,,,,,,,,,,,
5.157,778377.0,,,,,,,,,,,
5.792,776012.0,,,,,,,,,,,
5.9,772680.0,,,,,,,,,,,
5.606,768519.0,,,,,,,,,,,
4.261,763716.0,,,,,,,,,,,
4.211,758455.0,,,,,,,,,,,
2.833,752908.0,,,,,,,,,,,
2.726,747124.0,,,,,,,,,,,
3.214,744102.0,,,,,,,,,,,
3.569,744999.0,,,,,,,,,,,
4.553,747196.0,,,,,,,,,,,
4.551,749553.0,,,,,,,,,,,
3.864,751702.0,,,,,,,,,,,
4.211,753577.0,,,,,,,,,,,
4.48,755215.0,,,,,,,,,,,
5.793,756705.0,,,,,,,,,,,
6.954,758021.0,,,,,,,,,,,
6.931,759059.0,,,,,,,,,,0.88,
6.774,759816.0,,,,,,,,,,0.91,
6.852,760326.0,,,,,,,,,,0.91,
7.06,760569.0,,,,,,,,,,0.82,
6.893,760428.0,,,,,,,,,,0.86,
6.221,759713.0,,,,,,,,,,0.65,
5.568,758376.0,,,,,,,,,,0.67,
6.889,756528.0,,,,,,,,,,0.7,
6.55,754159.0,,,,,,,,,,0.71,
6.746,751265.0,,,,,,,,,,0.72,
7.265,747937.0,,,,,,,,,,0.86,
7.557,744235.0,,,,,,,,,,0.91,
8.568,743970.0,,,,,,,,,,0.95,
8.392,747424.0,,,,,,,,,,0.99,
8.371,751126.0,,,,,,,,,,1.0,
8.493,755043.0,,,,,,,,,,1.04,
9.591,759097.0,,,,,,,,,,1.1,
9.51,763265.0,,,,,,,,,,1.14,
9.718,785518.0,,,,,,,,,,1.16,
11.33,798761.0,,,,,,,,,,1.22,
11.015,797207.0,,,,,,,,,,1.16,
11.015,804571.0,,,,,,,,,,1.23,
4.729,5646680.0,11311428608.0,,,,,,,,,,
3.562,5760199.0,10988579840.0,,,,,,,,,,
4.301,5877684.0,10590194688.0,,,,,,,,,,
3.8,5997741.0,10692544512.0,,,,,,,,,,
3.856,6119933.0,10727849984.0,,,,,,,,,,
4.438,6245542.0,10790975488.0,,,,,,,,,,
4.467,6375104.0,10728444928.0,,,,,,,,,,
6.499,6508351.0,10655469568.0,,,,,,,,,,
6.877,6644968.0,10986759168.0,,,,,,,,,,
6.398,6784163.0,10662733824.0,,,,,,,,,,
4.109,6925335.0,10773449728.0,,,,,,,,,,
4.158,7066064.0,11156723712.0,,,,,,,,,,
4.495,7205779.0,10725683200.0,,,,,,,,,,
3.402,7345942.0,10302867456.0,,,,,,,,,,
2.911,7486096.0,9215060992.0,,,,,,,,,,
4.557,7627320.0,10289435648.0,,,,,,,,,,
5.295,7770602.0,10882101248.0,,,,,,,,,,
6.412,7915177.0,11346974720.0,,,,,,,,,,
6.3,8060901.0,11780950016.0,,,,,,,,,,
6.82,8208943.0,12289767424.0,,,,,,,,,,
6.99,8360224.0,12590116864.0,,,,,,,,,0.53,
7.604,8511728.0,12654294016.0,,,,,,,,,0.57,
8.329,8661546.0,12820096000.0,,,,,,,,,0.53,
7.706,8812248.0,13072601088.0,,,,,,,,,0.51,
8.874,8961495.0,12808948736.0,,,,,,,,,0.53,
9.256,9111901.0,13245369344.0,,,,,,,,,0.53,
9.475,9266293.0,13759840256.0,,,,,,,,,0.55,
10.218,9420832.0,14437109760.0,,,,,,,,,0.45,
10.295,9575251.0,14789628928.0,,,,,,,,,0.47,
9.787,9730646.0,15482895360.0,,,,,,,,,0.68,
9.077,9842883.0,14869726208.0,,,,,,,,,0.56,
9.542,9954318.0,15936159744.0,,,,,,,,,0.65,
10.491,10108541.0,16393482240.0,,,,,,,,,1.05,
11.039,10261205.0,17085683712.0,,,,,,,,,1.0,
11.896,10412741.0,17572202496.0,,,,,,,,,0.98,
13.57,10563762.0,17862467584.0,,,,,,,,,0.98,
14.088,10713845.0,18119806976.0,,,,,,,,,1.02,
13.984,10863546.0,18372038656.0,,,,,,,,,1.0,
14.597,11012427.0,18653679616.0,,,,,,,,,1.0,
13.218,11160441.0,,,,,,,,,,1.02,
11.048,11306804.0,,,,,,,,,,0.92,
11.801,11447575.0,,,,,,,,,,0.99,
28.03,,,,,,,,,,,,
32.302,,,,,,,,,,,,
29.817,,,,,,,,,,,,
27.953,,,,,,,,,,,,
33.636,,,,,,,,,,,,
32.364,,,,,,,,,,,,
18.946,,,,,,,,,,,,
,441928834.0,,,,,,,,,,,
,445426228.0,,,,,,,,,,,
,450208034.0,,,,,,,,,,,
,455171317.0,,,,,,,,,,,
,460204012.0,,,,,,,,,,,
,465308204.0,,,,,,,,,,,
,470485448.0,,,,,,,,,,,
,475740660.0,,,,,,,,,,,
,481071964.0,,,,,,,,,,,
,485843102.0,,,,,,,,,,,
,491482327.0,,,,,,,,,,,
,493681645.0,,,,,,,,,,,
,496704674.0,,,,,,,,,,,
,499185606.0,,,,,,,,,,,
,501704009.0,,,,,,,,,,,
,504199525.0,,,,,,,,,,,
,506672029.0,,,,,,,,,,,
,509166727.0,,,,,,,,,,,
,511740978.0,,,,,,,,,,,
,514817048.0,,,,,,,,,,,
,520160910.0,,,,,,,,,,,
,522626920.0,,,,,,,,,,,
,527267791.0,,,,,,,,,,,
,532410256.0,,,,,,,,,,,
,537630966.0,,,,,,,,,,,
,542932548.0,,,,,,,,,,,
,548329941.0,,,,,,,,,,,
,553872079.0,,,,,,,,,,,
,559230360.0,,,,,,,,,,,
,564542117.0,,,,,,,,,,,
,571476244.0,,,,,,,,,,,
,574597726.0,,,,,,,,,,,
,579166671.0,,,,,,,,,,,
,583558370.0,,,,,,,,,,,
,587972125.0,,,,,,,,,,,
,592419232.0,,,,,,,,,,,
,597041207.0,,,,,,,,,,,
,601849028.0,,,,,,,,,,,
,606463893.0,,,,,,,,,,,
,611477771.0,,,,,,,,,,,
,618661326.0,,,,,,,,,,,
,620822871.0,,,,,,,,,,,
,625453601.0,,,,,,,,,,,
,630209499.0,,,,,,,,,,,
,635078196.0,,,,,,,,,,,
,639500480.0,,,,,,,,,,,
,643327795.0,,,,,,,,,,,
,647655739.0,,,,,,,,,,,
,653171890.0,,,,,,,,,,,
,659463654.0,,,,,,,,,,,
,669397963.0,,,,,,,,,,,
,676774552.0,,,,,,,,,,,
,684518924.0,,,,,,,,,,,
,692819154.0,,,,,,,,,,,
,701492294.0,,,,,,,,,,,
,710382120.0,,,,,,,,,,,
,719265066.0,,,,,,,,,,,
,728148307.0,,,,,,,,,,,
,737635313.0,,,,,,,,,,,
,747296445.0,,,,,,,,,,,
,756613763.0,,,,,,,,,,,
,766062145.0,,,,,,,,,,,
,775529446.0,,,,,,,,,,,
,784955820.0,,,,,,,,,,,
,794527190.0,,,,,,,,,,,
30862.408,803939083.0,,10176.289,13659.541,4814.058,28649.887,0.0,0.0,2089.701,2145.331,,6.771
32366.426,812785800.0,,10129.451,14660.502,5217.048,30007.0,0.0,0.0,2206.263,2267.611,,6.817
33692.398,821405210.0,,9947.566,15733.98,5576.409,31257.955,0.0,0.0,2262.792,2324.593,,6.716
35913.195,829928109.0,,10173.062,17105.662,6104.979,33383.703,0.0,0.0,2322.1,2390.561,,6.466
38285.766,838295343.0,,10307.72,18580.105,6734.891,35622.715,0.0,0.0,2428.258,2500.248,,6.342
40411.734,847035032.0,,10155.094,20169.906,7306.234,37631.234,0.0,0.0,2494.999,2572.985,,6.174
41532.961,856236764.0,,9635.527,21138.852,7776.914,38551.293,0.0,0.0,2608.938,2688.685,,6.282
43642.562,865281941.0,,9561.42,22674.117,8193.013,40428.551,0.0,0.0,2727.749,2813.519,,6.25
46129.797,873811230.0,,9956.408,24389.547,8429.523,42775.477,0.0,0.0,2731.49,2823.096,,5.921
45488.648,882068516.0,,9871.146,23336.949,8500.762,41708.855,0.0,0.0,2999.521,3096.46,,6.594
44483.332,889965424.0,,9688.961,22529.379,8221.012,40439.352,0.0,0.0,3001.45,3098.0,,6.747
46917.387,897381759.0,,10227.338,24063.598,8557.812,42848.75,0.0,0.0,2872.125,2979.695,,6.122
48063.172,904794975.0,,10354.648,24693.797,8656.708,43705.152,0.0,0.0,2889.166,3002.205,,6.011
49595.617,912288970.0,,10296.286,25608.871,8866.396,44771.555,0.0,0.009,3109.28,3229.11,,6.269
51037.793,919797067.0,,10942.057,25793.562,9296.496,46032.113,0.0,0.018,3234.701,3360.002,,6.338
49601.438,927538869.0,,11327.567,23919.682,9235.812,44483.062,0.0,0.031,3208.491,3339.346,,6.469
48568.824,935113193.0,,11454.415,22541.781,9103.697,43099.891,0.0,0.031,3237.528,3372.566,,6.666
47199.551,942356988.0,,11307.303,21433.541,8723.053,41463.898,0.0,0.055,3322.676,3481.494,,7.04
47427.457,949463548.0,,11569.627,21112.693,8536.352,41218.672,0.009,0.097,3482.97,3656.646,,7.344
49686.273,956450952.0,,12060.209,21667.73,9225.09,42953.027,0.019,0.132,3474.068,3671.469,,6.992
50847.516,963419473.0,,12561.109,21660.145,9285.199,43506.453,0.035,0.19,3465.762,3667.935,6648.473,6.816
51680.641,970437010.0,,12413.555,22452.0,9147.004,44012.559,0.045,0.411,3456.103,3673.542,6764.733,6.687
53146.91,977626715.0,,12763.407,22763.02,9634.652,45161.078,0.031,0.578,3441.179,3675.324,7053.981,6.475
55052.609,985025837.0,,13072.27,23667.68,9976.09,46716.039,0.03,0.98,3451.826,3693.583,7345.583,6.27
56100.902,992663898.0,,13146.609,23981.682,10504.104,47632.391,0.775,7.835,3368.896,3647.451,7723.21,6.005
56477.102,1000128696.0,,12765.96,24201.377,10698.893,47666.227,1.139,10.64,3477.613,3806.324,7936.829,6.158
56883.086,1007966262.0,,12469.898,24242.225,11016.834,47728.961,1.482,11.716,3532.401,3879.033,8098.604,6.21
57434.258,1016302312.0,,12171.548,24798.053,11281.697,48251.297,1.362,13.339,3482.432,3854.594,8178.375,6.063
58304.008,1024111317.0,,12144.598,24875.273,11698.884,48718.754,1.622,15.942,3666.387,4059.191,8376.73,6.288
59454.328,1031535629.0,,12112.066,25696.496,11993.33,49801.891,1.736,19.329,3562.906,3974.336,8589.391,5.993
61122.422,1038643992.0,,12180.911,26162.945,12643.574,50987.43,1.851,21.104,3796.666,4220.095,8862.152,6.212
63053.871,1045645066.0,,12541.252,26858.207,13269.164,52668.625,2.005,24.203,3870.259,4299.028,9113.174,6.138
63730.516,1052805303.0,,12627.016,27246.102,13393.672,53266.789,2.148,31.674,3971.401,4438.826,9278.785,6.232
64000.328,1059873149.0,,12559.773,27415.863,13479.916,53455.555,2.32,42.412,3880.333,4375.417,9527.875,6.063
64988.281,1066734633.0,,12454.678,27896.441,13822.193,54173.312,2.587,56.332,3906.62,4429.999,9742.647,6.011
66263.938,1073716442.0,,13005.607,27904.887,14375.312,55285.805,2.975,84.863,3921.795,4492.925,9668.5,5.918
66166.602,1080682831.0,,12945.047,28058.539,14324.859,55328.445,3.964,101.939,3632.991,4242.435,9686.311,5.491
66828.398,1087599947.0,,13071.027,28104.934,14678.742,55854.703,4.963,141.333,3645.065,4346.615,9915.17,5.454
67565.062,1094702298.0,,13441.576,28541.252,14906.941,56889.77,6.174,169.801,3547.868,4322.327,10033.39,5.251
69023.094,1101994336.0,,13495.628,29203.562,15230.191,57929.383,8.127,223.664,3576.752,4472.567,10282.02,5.182
69517.078,1109756320.0,,13576.01,29304.691,15418.213,58298.914,11.482,272.403,3608.118,4632.276,10498.27,5.19
69736.461,1118325687.0,,13638.623,29231.941,15467.205,58337.766,15.772,336.793,3615.645,4799.382,10602.64,5.185
70297.492,1127897627.0,,13858.391,29133.428,16028.153,59019.973,21.221,427.574,3509.084,4894.172,10874.489,4.992
69845.531,1137726149.0,,13586.325,28298.551,16419.98,58304.855,34.525,532.188,3616.152,5239.551,10810.649,5.177
66690.703,1146851619.0,,12113.786,27122.945,15874.468,55111.199,57.125,632.678,3587.311,5414.162,10456.021,5.379
69494.219,1154843353.0,,12826.355,27642.367,17047.572,57516.297,90.488,740.588,3616.862,5720.31,10970.1,5.205
68878.0,1162275154.0,,12578.184,27367.297,17033.102,56978.582,168.371,905.914,3650.475,6070.689,10943.89,5.3
68430.75,1169663185.0,,12048.41,27228.113,17517.25,56793.773,253.499,1037.785,3637.408,6361.596,10966.37,5.315
69242.055,1176689524.0,,12214.199,27186.98,17840.408,57241.586,330.983,1196.35,3696.37,6725.061,10981.94,5.338
68948.578,1183328941.0,,11975.582,27184.816,17580.131,56740.531,436.689,1276.444,3644.767,6923.921,11022.359,5.286
69392.805,1189869736.0,,11216.65,27700.129,18104.486,57021.266,533.424,1477.412,3523.159,7174.781,11073.67,5.077
69733.945,1196437875.0,,10542.664,28122.26,18458.449,57123.371,620.561,1582.897,3583.186,7459.071,11154.34,5.138
70267.484,1202872536.0,,10444.242,28331.172,18623.303,57398.719,742.978,1810.886,3528.324,7805.611,11196.09,5.021
71243.438,1209044728.0,,10075.442,28451.094,19524.82,58051.355,848.223,1909.2,3602.65,8126.666,11340.939,5.057
70398.789,1214846354.0,,8902.242,28093.934,19955.551,56951.727,968.046,2114.986,3444.9,8320.975,11228.699,4.893
65600.695,1218093003.0,,7624.521,24850.373,19479.432,51954.328,1147.715,2370.627,3560.044,8844.5,10959.78,5.427
68622.867,1219584303.0,,8344.676,26339.812,19939.734,54624.223,1384.15,2431.26,3448.135,9102.577,11277.81,5.025
69124.555,1224121770.0,,8013.489,27073.508,19862.852,54949.848,1685.25,2737.438,3276.302,9587.823,11784.17,4.74
9.654,3777994.0,11170076672.0,,,,,,,,,,
9.191,3895738.0,11451429888.0,,,,,,,,,,
9.268,4015648.0,11293337600.0,,,,,,,,,,
9.846,4137786.0,11192001536.0,,,,,,,,,,
9.954,4261929.0,11678661632.0,,,,,,,,,,
9.332,4387696.0,12164889600.0,,,,,,,,,,
11.007,4515574.0,12256583680.0,,,,,,,,,,
10.615,4645740.0,12996597760.0,,,,,,,,,,
13.346,4778119.0,13594610688.0,,,,,,,,,,
15.42,4913683.0,14187663360.0,,,,,,,,,,
17.286,5053235.0,14201085952.0,,,,,,,,,,
17.263,5196892.0,14777669632.0,,,,,,,,,,
17.815,5344774.0,15733343232.0,,,,,,,,,,
17.767,5496843.0,16847893504.0,,,,,,,,,,
17.756,5652937.0,16756480000.0,,,,,,,,,,
19.196,5812836.0,17579243520.0,,,,,,,,,,
21.474,5976553.0,18358896640.0,,,,,,,,,,
22.051,6144117.0,19427979264.0,,,,,,,,,,
23.661,6308539.0,20150663168.0,,,,,,,,,,
25.352,6477370.0,19928432640.0,,,,,,,,,,
24.346,6656727.0,21239306240.0,,,,,,,,,3.54,
26.576,6837861.0,21992955904.0,,,,,,,,,3.75,
26.845,7019912.0,22983632896.0,,,,,,,,,3.93,
29.437,7201883.0,24205426688.0,,,,,,,,,4.35,
31.276,7383408.0,25910108160.0,,,,,,,,,4.66,
32.102,7564615.0,27704981504.0,,,,,,,,,5.4,
30.896,7745204.0,29769398272.0,,,,,,,,,5.74,
38.258,7924462.0,31871723520.0,,,,,,,,,6.05,
37.898,8101776.0,33484304384.0,,,,,,,,,6.28,
35.912,8277309.0,32923389952.0,,,,,,,,,6.38,
37.518,8450936.0,34409603072.0,,,,,,,,,6.52,
37.997,8622510.0,35990761472.0,,,,,,,,,7.0,
41.388,8792370.0,37443690496.0,,,,,,,,,7.49,
41.48,8960654.0,38446698496.0,,,,,,,,,7.72,
45.448,9127851.0,39484542976.0,,,,,,,,,8.37,
50.56,9294510.0,40757800960.0,,,,,,,,,9.39,
49.596,9460798.0,42061463552.0,,,,,,,,,9.56,
52.526,9626845.0,43867512832.0,,,,,,,,,9.6,
57.746,9792854.0,45382746112.0,,,,,,,,,9.91,
56.173,9958832.0,,,,,,,,,,11.12,
51.099,10121762.0,,,,,,,,,,11.31,
52.285,10278346.0,,,,,,,,,,11.97,
26.302,3602032.0,25526550528.0,1.43,24.872,,,,,0.0,0.0,,
28.526,3684669.0,26098438144.0,1.233,27.293,,,,,0.0,0.0,,
33.693,3762176.0,26904000512.0,0.989,32.704,,,,,0.0,0.0,,
36.428,3834048.0,28300687360.0,0.709,35.719,,,,,0.0,0.0,,
42.8,3898385.0,32017985536.0,0.419,42.381,,,,,0.0,0.0,,
45.982,3955076.0,35354054656.0,0.244,45.737,,,,,0.0,0.0,,
48.56,4028605.0,38035054592.0,0.314,48.246,,,,,0.0,0.0,,
55.154,4128332.0,41958748160.0,0.151,55.003,,,,,0.0,0.0,,
57.202,4234756.0,46980620288.0,0.081,57.121,,,,,0.0,0.0,,
58.558,4342778.0,47875346432.0,0.081,58.476,,,,,0.0,0.0,,
55.127,4451227.0,47881244672.0,0.07,55.057,,,,,0.0,0.0,,
65.091,4558871.0,55544791040.0,0.093,64.998,,,,,0.0,0.0,,
70.284,4664905.0,61975547904.0,0.081,70.202,,,,,0.0,0.0,,
73.017,4768799.0,67200319488.0,0.058,72.959,,,,,0.0,0.0,,
74.763,4872751.0,74946936832.0,0.047,74.716,,,,,0.0,0.0,,
76.396,4978551.0,82606710784.0,0.023,76.373,,,,,0.0,0.0,,
81.409,5077744.0,90351788032.0,0.407,81.002,,,,,0.0,0.0,,
89.35,5166910.0,93056245760.0,10.409,78.941,,,,,0.0,0.0,,
94.743,5252129.0,98638831616.0,24.446,70.297,,,,,0.0,0.0,,
97.063,5333577.0,108818497536.0,31.913,65.15,,,,,0.0,0.0,,
100.768,5411686.0,109638262784.0,39.507,61.261,,,,,0.0,0.0,19.249,
105.591,5492797.0,121782206464.0,45.718,59.873,,,,,0.0,0.0,21.419,
116.019,5578536.0,137910681600.0,57.289,58.73,,,,,0.0,0.0,23.754,
133.649,5665618.0,149349941248.0,66.279,67.37,,,,,0.0,0.0,25.507,
142.859,5752711.0,153499123712.0,71.013,71.847,,,,,0.0,0.0,27.363,
139.358,5838573.0,159035326464.0,63.872,75.486,,,0.0,0.0,0.0,0.0,28.96,
144.389,5923453.0,166794706944.0,68.919,75.47,,,0.0,0.0,0.0,0.0,31.889,
169.929,6007690.0,175823863808.0,73.06,96.869,,,0.0,0.0,0.0,0.0,35.076,
185.502,6089809.0,185281249280.0,84.608,100.894,,,0.0,0.0,0.0,0.0,35.947,
168.093,6168709.0,194935750656.0,60.441,107.652,,,0.0,0.0,0.0,0.0,26.741,
180.681,6243859.0,198024249344.0,65.151,115.225,0.304,180.681,0.0,0.0,0.0,0.0,27.916,0.0
180.591,6333446.0,204853985280.0,48.416,112.907,19.269,180.591,0.0,0.0,0.0,0.0,28.44,0.0
182.693,6441245.0,213630222336.0,40.856,111.75,30.087,182.693,0.0,0.0,0.0,0.0,28.943,0.0
186.234,6546051.0,199509311488.0,50.788,107.22,28.226,186.234,0.0,0.0,0.0,0.0,31.414,0.0
188.622,6641959.0,202921197568.0,43.414,114.084,31.125,188.622,0.0,0.0,0.0,0.0,29.496,0.0
197.475,6731195.0,216781242368.0,50.45,118.889,28.137,197.475,0.0,0.0,,,29.45,
249.42,6801538.0,216306581504.0,79.688,141.335,28.397,249.42,0.0,0.0,,,30.5,
243.433,6848847.0,218185318400.0,61.989,154.466,26.978,243.433,0.0,0.0,,,32.26,
251.405,6886463.0,223111692288.0,78.615,155.443,17.348,251.405,0.0,0.0,,,33.37,
281.527,6915997.0,240644194304.0,73.406,183.06,25.061,281.527,0.0,0.0,,,34.9,
270.09,6936872.0,256420806656.0,79.862,165.109,25.119,270.09,0.0,0.0,,,36.15,
285.752,6960600.0,272324296704.0,79.734,178.459,27.557,285.751,0.0,0.002,,,36.29,
304.014,7001452.0,287685148672.0,86.998,191.27,25.744,304.012,0.0,0.002,,,36.6,
282.853,7050673.0,291529719808.0,79.722,173.348,29.781,282.851,0.0,0.002,0.0,0.002,35.71,0.0
308.858,7094600.0,282158628864.0,83.248,196.685,28.923,308.855,0.0,0.003,0.0,0.003,36.4,0.0
321.176,7132437.0,298918510592.0,72.423,212.637,35.943,321.003,0.003,0.003,0.0,0.173,36.03,0.0
329.331,7175370.0,310881386496.0,86.147,214.105,28.625,328.878,0.008,0.002,0.0,0.454,36.73,0.0
316.489,7234062.0,316167815168.0,84.797,205.138,26.359,316.294,0.008,0.003,0.0,0.195,36.47,0.0
325.055,7296820.0,325974589440.0,90.376,209.566,24.833,324.775,0.008,0.002,0.0,0.28,36.75,0.0
317.236,7352180.0,334980448256.0,94.726,198.409,23.87,317.006,0.008,0.002,0.0,0.23,37.46,0.0
326.495,7399845.0,342917120000.0,77.901,217.86,30.456,326.218,0.011,0.002,0.0,0.277,35.72,0.0
335.114,7435925.0,350065655808.0,77.895,225.61,31.266,334.771,0.011,0.001,0.0,0.343,36.01,0.0
359.495,7461508.0,363336761344.0,72.968,254.955,31.161,359.084,0.015,0.003,0.0,0.41,34.85,0.0
363.676,7481563.0,373682634752.0,74.941,258.113,30.174,363.227,0.017,0.002,0.0,0.449,34.42,0.0
344.753,7496121.0,,71.769,241.283,31.162,344.213,0.044,0.002,0.0,0.54,34.75,0.0
258.173,7500955.0,,38.231,169.682,49.443,257.355,0.137,0.002,0.0,0.818,33.14,0.0
243.326,7494580.0,,42.465,151.845,48.255,242.565,0.137,0.003,0.0,0.761,35.25,0.0
218.318,7488863.0,,41.766,130.572,45.145,217.483,0.136,0.003,0.0,0.834,36.233,0.0
,7106097.0,19107487744.0,,,,,,,,,,
,7156618.0,,,,,,,,,,,
,7207003.0,,,,,,,,,,,
,7257247.0,,,,,,,,,,,
,7307841.0,,,,,,,,,,,
,7358788.0,,,,,,,,,,,
,7410090.0,,,,,,,,,,,
,7461749.0,,,,,,,,,,,
,7513769.0,,,,,,,,,,,
,7561436.0,,,,,,,,,,,
,7604701.0,24369072128.0,,,,,,,,,,
,7643515.0,,,,,,,,,,,
,7677830.0,,,,,,,,,,,
,7707596.0,26216960000.0,,,,,,,,,,
,7737477.0,,,,,,,,,,,
,7767474.0,,,,,,,,,,,
,7797587.0,,,,,,,,,,,
,7827817.0,,,,,,,,,,,
,7858603.0,,,,,,,,,,,
,7896685.0,,,,,,,,,,,
,7942153.0,21655799808.0,,,,,,,,,,
,7995099.0,,,,,,,,,,,
,8055612.0,,,,,,,,,,,
,8123785.0,,,,,,,,,,,
,8192535.0,25091135488.0,,,,,,,,,,
,8261866.0,30150266880.0,,,,,,,,,,
,8331785.0,28887818240.0,,,,,,,,,,
,8402295.0,30146963456.0,,,,,,,,,,
,8473402.0,32793479168.0,,,,,,,,,,
,8542835.0,33877100544.0,,,,,,,,,,
,8610564.0,33142968320.0,,,,,,,,,,
,8676559.0,31533645824.0,,,,,,,,,,
,8740788.0,30694789120.0,,,,,,,,,,
,8803220.0,33480830976.0,,,,,,,,,,
,8866098.0,33695981568.0,,,,,,,,,,
,8929425.0,35391913984.0,,,,,,,,,,
,8993204.0,37748957184.0,,,,,,,,,,
,9057438.0,36910669824.0,,,,,,,,,,
,9122132.0,38794743808.0,,,,,,,,,,
,9175084.0,41742946304.0,,,,,,,,,,
,9216204.0,38875381760.0,,,,,,,,,,
,9245400.0,39113981952.0,,,,,,,,,,
,9262582.0,41079312384.0,,,,,,,,,,
,9267656.0,,,,,,,,,,,
,9272733.0,,,,,,,,,,,
,9277812.0,,,,,,,,,,,
,9282895.0,24802205696.0,,,,,,,,,,
,9287980.0,25675411456.0,,,,,,,,,,
,9293068.0,32117106688.0,,,,,,,,,,
,9309618.0,34706001920.0,,,,,,,,,,
,9337718.0,36913115136.0,,,,,,,,,,
,9423047.0,40481206272.0,,,,,,,,,,
,9503843.0,41846112256.0,,,,,,,,,,
,9594226.0,42611396608.0,,,,,,,,,,
,9704531.0,44094357504.0,,,,,,,,,,
,9823339.0,48083550208.0,,,,,,,,,,
,9854134.0,45907750912.0,,,,,,,,,,
,9837654.0,49696788480.0,,,,,,,,,,
,9879817.0,53036695552.0,,,,,,,,,,
,9936025.0,55180161024.0,,,,,,,,,,
,9982618.0,58064105472.0,,,,,,,,,,
,10025842.0,61006405632.0,,,,,,,,,,
,10057460.0,63547846656.0,,,,,,,,,,
,10083331.0,67044605952.0,,,,,,,,,,
,10114177.0,70807257088.0,,,,,,,,,,
184.975,10140858.0,71364976640.0,126.883,44.273,13.597,184.754,,,0.222,0.222,,0.12
187.463,10170086.0,75426856960.0,121.685,48.626,16.856,187.167,,,0.296,0.296,,0.158
178.892,10206829.0,79752912896.0,105.566,51.45,21.635,178.65,,,0.242,0.242,,0.136
185.606,10244346.0,80722755584.0,104.193,53.921,27.229,185.343,,,0.263,0.263,,0.142
198.762,10281127.0,83133407232.0,105.752,60.314,32.416,198.482,,,0.281,0.281,,0.141
214.14,10315367.0,82851086336.0,107.473,70.054,36.353,213.879,,,0.26,0.26,,0.122
221.097,10345368.0,86536290304.0,104.03,78.927,37.855,220.813,,,0.284,0.284,,0.128
228.278,10376619.0,88401747968.0,101.1,85.993,40.86,227.953,,,0.325,0.325,,0.142
247.194,10410508.0,92999778304.0,101.623,96.752,48.52,246.895,,,0.299,0.299,,0.121
254.761,10457951.0,95403761664.0,96.924,105.922,51.675,254.522,,,0.24,0.24,,0.094
269.719,10520241.0,97450934272.0,92.342,119.491,57.403,269.237,,,0.482,0.482,,0.179
288.155,10578511.0,97744560128.0,93.563,125.176,68.927,287.667,,,0.488,0.488,,0.169
302.98,10627916.0,103871971328.0,95.168,133.091,74.28,302.539,,,0.441,0.441,,0.145
324.038,10664861.0,106380779520.0,95.075,147.213,81.341,323.63,,,0.408,0.408,,0.126
320.872,10692722.0,106597203968.0,95.808,138.71,85.922,320.44,,,0.432,0.432,,0.135
321.839,10698682.0,107668201472.0,93.947,134.841,92.72,321.508,,,0.331,0.331,,0.103
318.581,10680617.0,108436037632.0,94.401,128.843,94.841,318.084,,,0.497,0.497,,0.156
319.994,10655628.0,112333176832.0,98.425,122.05,99.049,319.524,,,0.47,0.47,,0.147
314.48,10620933.0,111181103104.0,92.528,115.731,98.746,307.005,,,0.458,0.458,,0.146
323.017,10580910.0,114105942016.0,90.039,121.191,100.565,311.796,,,0.535,0.535,,0.166
333.381,10542756.0,111300345856.0,88.435,123.434,102.668,314.536,,,0.458,0.458,26.794,0.137
331.824,10505773.0,113513152512.0,87.399,114.002,108.902,310.303,,,0.455,0.455,28.044,0.137
346.654,10469197.0,115264970752.0,87.353,119.512,108.116,314.981,,,0.5,0.5,29.749,0.144
338.656,10434269.0,117029101568.0,82.422,110.646,106.938,300.006,,,0.5,0.5,29.233,0.148
329.905,10397176.0,114408742912.0,73.827,107.247,108.948,290.022,,,0.467,0.467,29.596,0.142
323.255,10375989.0,106788855808.0,71.609,108.445,103.659,283.713,0.0,0.0,0.526,0.581,28.44,0.163
301.901,10374750.0,95995723776.0,66.683,92.83,102.789,262.303,0.0,0.0,0.574,0.65,29.96,0.19
289.652,10370067.0,94900822016.0,60.135,98.92,90.36,249.415,0.0,0.0,0.467,0.614,31.68,0.161
278.841,10357423.0,96248037376.0,54.17,87.672,97.238,239.08,0.0,0.0,0.491,0.615,32.91,0.176
283.585,10342435.0,101057019904.0,51.387,93.518,98.196,243.101,0.0,0.0,0.476,0.62,33.52,0.168
286.801,10327171.0,104661049344.0,50.547,89.09,106.704,246.341,0.0,0.0,0.482,0.661,34.02,0.168
292.249,10308272.0,106794262528.0,49.917,82.263,119.062,251.241,0.0,0.0,0.612,0.772,35.09,0.209
285.197,10286223.0,112578945024.0,47.682,84.159,112.914,244.755,0.0,0.0,0.639,0.808,35.4,0.224
289.477,10260965.0,119714947072.0,46.272,89.277,113.698,249.247,0.0,0.0,0.458,0.65,37.2,0.158
289.338,10230263.0,126067187712.0,48.171,85.231,115.196,248.597,0.0,0.0,0.535,0.743,37.83,0.185
280.802,10202054.0,134035357696.0,44.993,82.531,112.308,239.832,0.0,0.0,0.526,0.734,35.19,0.187
287.644,10177955.0,141920337920.0,42.75,79.735,124.565,247.049,0.0,0.003,0.546,0.773,36.42,0.19
280.912,10148404.0,151325425664.0,41.247,74.154,125.727,241.128,0.0,0.003,0.566,0.703,36.15,0.202
284.387,10118060.0,160317177856.0,42.21,72.272,138.235,252.717,0.0,0.012,0.496,1.021,34.13,0.174
288.927,10094499.0,171776475136.0,40.024,76.82,136.213,253.057,0.0,0.017,0.591,2.922,33.71,0.204
308.077,10073533.0,182948364288.0,35.594,87.89,140.653,264.136,0.0,0.029,0.578,5.929,35.75,0.188
302.061,10057063.0,193865269248.0,35.729,91.522,133.242,260.493,0.0,0.122,0.529,4.813,35.85,0.175
298.086,10041171.0,198699892736.0,36.335,91.202,124.497,252.034,0.0,0.311,0.594,6.227,39.96,0.199
293.896,10023508.0,204543000576.0,35.294,86.559,122.822,244.675,0.003,0.576,0.599,9.264,40.02,0.204
272.688,10008581.0,195011821568.0,29.717,84.226,106.436,220.379,0.003,0.924,0.637,10.969,35.91,0.234
277.827,9986832.0,200323055616.0,31.309,79.047,114.154,224.51,0.003,1.463,0.522,11.339,37.37,0.188
269.464,9953247.0,207957688320.0,31.547,77.141,109.135,217.824,0.003,1.727,0.612,10.119,36.02,0.227
251.116,9922133.0,204625346560.0,30.353,72.018,97.4,199.771,0.022,2.115,0.584,9.791,34.62,0.233
238.041,9894637.0,208958734336.0,26.577,70.436,90.801,187.814,0.068,1.957,0.581,10.031,30.25,0.244
238.269,9867906.0,217412730880.0,26.271,78.382,81.196,185.849,0.182,1.779,0.815,11.739,29.35,0.342
251.04,9844250.0,224257294336.0,27.226,83.994,87.107,198.327,0.38,1.866,0.63,11.794,30.29,0.251
255.495,9815106.0,228414177280.0,25.507,83.439,93.362,202.307,0.653,1.831,0.693,11.947,31.81,0.271
269.293,9788940.0,238288093184.0,26.144,90.399,99.341,215.885,0.929,2.017,0.585,12.299,32.83,0.217
271.203,9776361.0,250426490880.0,24.698,96.89,96.224,217.812,1.664,1.606,0.587,13.447,31.93,0.217
274.892,9771799.0,,21.387,97.931,98.44,217.758,3.946,1.922,0.577,15.934,34.19,0.21
270.327,9750571.0,,19.595,89.379,101.93,210.904,6.458,1.72,0.641,18.962,34.78,0.237
283.989,9709784.0,,15.946,97.12,108.104,221.17,9.933,1.737,0.555,22.668,35.96,0.195
265.733,9967304.0,,13.813,96.34,91.793,201.945,12.121,1.576,0.459,24.229,35.52,0.173
1946.264,,,,,,,,,,,,
1998.814,,,,,,,,,,,,
2167.387,,,,,,,,,,,,
2288.054,,,,,,,,,,,,
2402.631,,,,,,,,,,,,
2466.385,,,,,,,,,,,,
2511.873,,,,,,,,,,,,
2602.436,,,,,,,,,,,,
2697.355,,,,,,,,,,,,
2757.169,,,,,,,,,,,,
2843.93,,,,,,,,,,,,
2898.07,,,,,,,,,,,,
2919.853,,,,,,,,,,,,
2945.379,,,,,,,,,,,,
3011.26,,,,,,,,,,,,
3145.98,,,,,,,,,,,,
3250.327,,,,,,,,,,,,
3326.657,,,,,,,,,,,,
3383.567,,,,,,,,,,,,
3398.346,,,,,,,,,,,,
3539.406,,,,,,,,,,,,
3670.425,,,,,,,,,,,,
3784.599,,,,,,,,,,,,
3937.834,,,,,,,,,,,,
4065.275,,,,,,,,,,,,
4290.539,,,,,,,,,,,,
4371.761,,,,,,,,,,,,
4527.218,,,,,,,,,,,,
4727.976,,,,,,,,,,,,
4727.059,,,,,,,,,,,,
4954.607,,,,,,,,,,,,
5083.864,,,,,,,,,,,,
5292.802,,,,,,,,,,,,
5464.019,,,,,,,,,,,,
5644.543,,,,,,,,,,,,
5634.305,,,,,,,,,,,,
5674.271,,,,,,,,,,,,
5853.867,,,,,,,,,,,,
5951.019,,,,,,,,,,,,
6119.822,,,,,,,,,,,,
5818.306,,,,,,,,,,,,
5934.747,,,,,,,,,,,,
1618.177,,,,,,,,,,,,
1696.898,,,,,,,,,,,,
1772.036,,,,,,,,,,,,
2000.853,,,,,,,,,,,,
2190.223,,,,,,,,,,,,
2423.448,,,,,,,,,,,,
2573.326,,,,,,,,,,,,
2732.801,,,,,,,,,,,,
2899.837,,,,,,,,,,,,
3048.768,,,,,,,,,,,,
3096.069,,,,,,,,,,,,
3156.643,,,,,,,,,,,,
3456.145,,,,,,,,,,,,
3609.357,,,,,,,,,,,,
3781.996,,,,,,,,,,,,
3855.539,,,,,,,,,,,,
4025.095,,,,,,,,,,,,
4360.437,,,,,,,,,,,,
4553.042,,,,,,,,,,,,
4676.227,,,,,,,,,,,,
4976.168,,,,,,,,,,,,
5189.818,,,,,,,,,,,,
5467.334,,,,,,,,,,,,
5609.032,,,,,,,,,,,,
6024.874,,,,,,,,,,,,
6645.6,,,,,,,,,,,,
6941.434,,,,,,,,,,,,
7341.246,,,,,,,,,,,,
7840.378,,,,,,,,,,,,
8168.103,,,,,,,,,,,,
8793.595,,,,,,,,,,,,
9227.165,,,,,,,,,,,,
9523.796,,,,,,,,,,,,
9799.952,,,,,,,,,,,,
10102.621,,,,,,,,,,,,
9837.831,,,,,,,,,,,,
10688.977,,,,,,,,,,,,
10947.908,,,,,,,,,,,,
11100.843,,,,,,,,,,,,
11095.067,,,,,,,,,,,,
10114.187,,,,,,,,,,,,
10284.651,,,,,,,,,,,,
20335.174,,,,,,,,,,,,
19605.104,,,,,,,,,,,,
19424.699,,,,,,,,,,,,
19490.299,,,,,,,,,,,,
19724.611,,,,,,,,,,,,
20401.203,,,,,,,,,,,,
20886.805,,,,,,,,,,,,
21286.967,,,,,,,,,,,,
21492.174,,,,,,,,,,,,
21532.781,,,,,,,,,,,,
21449.459,,,,,,,,,,,,
21282.314,,,,,,,,,,,,
21426.586,,,,,,,,,,,,
21454.25,,,,,,,,,,,,
21478.869,,,,,,,,,,,,
22038.066,,,,,,,,,,,,
22723.021,,,,,,,,,,,,
22649.986,,,,,,,,,,,,
22906.641,,,,,,,,,,,,
22863.508,,,,,,,,,,,,
23179.223,,,,,,,,,,,,
23530.434,,,,,,,,,,,,
23483.932,,,,,,,,,,,,
23854.721,,,,,,,,,,,,
24293.572,,,,,,,,,,,,
24392.537,,,,,,,,,,,,
24541.9,,,,,,,,,,,,
24400.949,,,,,,,,,,,,
24348.783,,,,,,,,,,,,
23071.234,,,,,,,,,,,,
23964.324,,,,,,,,,,,,
23247.434,,,,,,,,,,,,
23218.361,,,,,,,,,,,,
23135.066,,,,,,,,,,,,
22487.691,,,,,,,,,,,,
22834.059,,,,,,,,,,,,
23039.412,,,,,,,,,,,,
23524.234,,,,,,,,,,,,
23377.324,,,,,,,,,,,,
22980.99,,,,,,,,,,,,
21238.383,,,,,,,,,,,,
22174.354,,,,,,,,,,,,
7.583,192322.0,2711260672.0,0.076,5.612,,,,,1.895,1.895,,
7.952,195540.0,2945495296.0,0.056,6.051,,,,,1.845,1.845,,
7.879,198733.0,2909014016.0,0.043,5.872,,,,,1.965,1.965,,
8.334,201483.0,2746591744.0,0.034,6.269,,,,,2.031,2.031,,
8.322,203348.0,2816529664.0,0.024,5.75,,,,,2.543,2.549,,
10.104,204483.0,3026862336.0,0.016,5.876,,,,,4.178,4.212,,
10.997,206184.0,3422363648.0,0.011,6.4,,,,,4.553,4.587,,
11.961,209199.0,3634269696.0,0.008,6.857,,,,,5.035,5.096,,
14.463,212377.0,3881376768.0,0.005,7.94,,,,,6.449,6.518,,
14.108,215291.0,4102783488.0,0.004,7.41,,,,,6.677,6.694,,
13.537,218080.0,4128417024.0,0.003,6.96,,,,,6.522,6.574,,
13.997,220256.0,4375583744.0,0.003,6.993,,,,,6.947,7.001,,
14.813,221898.0,4761430528.0,0.003,7.314,,,,,7.451,7.496,,
15.464,223646.0,5048370688.0,0.002,7.707,,,,,7.703,7.755,,
16.132,225864.0,5292233728.0,0.183,7.483,,,,,8.336,8.466,,
16.362,228276.0,5596333056.0,0.244,6.962,,,,,9.028,9.155,,
16.681,230891.0,5835622912.0,0.416,6.795,,,,,9.121,9.47,,
17.123,234003.0,5961541632.0,0.388,6.21,,,,,10.075,10.526,,
17.684,237139.0,5832393728.0,0.554,6.034,,,,,10.609,11.097,,
18.606,239680.0,6072950784.0,0.766,6.296,,,,,11.053,11.544,,
18.41,241589.0,6274063872.0,0.819,6.275,,,,,10.831,11.317,3.837,
19.249,243367.0,6667649536.0,0.922,6.365,,,,,11.36,11.963,4.058,
19.856,246041.0,7236537344.0,0.735,6.883,,,,,11.574,12.238,4.152,
20.947,249920.0,7230172672.0,0.742,7.195,,,,,12.313,13.01,4.416,
21.678,253054.0,7241678336.0,0.792,7.697,,,,,12.458,13.189,4.475,
21.688,255026.0,7325718528.0,0.756,7.847,,,0.0,0.0,12.282,13.085,4.51,
21.188,257995.0,7281773056.0,0.78,7.368,,,0.0,0.0,12.282,13.04,4.49,
21.934,261275.0,7008859648.0,0.614,7.94,,,0.0,0.0,12.728,13.38,4.55,
22.785,263942.0,7073786368.0,0.634,8.238,,,0.0,0.0,13.191,13.913,4.73,
23.04,266230.0,7301300736.0,0.627,8.346,,,0.0,0.0,13.334,14.067,4.77,
23.782,267689.0,7281669120.0,0.737,8.397,,,0.0,0.0,13.83,14.648,4.98,
25.168,269140.0,7601171456.0,0.73,9.382,,,0.0,0.0,14.082,15.056,5.12,
26.403,271363.0,8113932288.0,0.757,9.207,,,0.0,0.0,15.38,16.439,5.59,
28.57,274292.0,8613685248.0,0.68,9.433,,,0.0,0.0,16.605,18.457,6.27,
31.3,277634.0,8924296192.0,0.795,9.417,,,0.0,0.0,17.866,21.088,7.19,
33.23,281469.0,9306326016.0,1.1,9.599,,,0.0,0.0,18.778,22.531,7.61,
33.6,285245.0,9626312704.0,1.193,9.008,,,0.0,0.0,19.309,23.399,7.96,
34.911,287799.0,9619515392.0,1.188,9.37,,,0.0,0.0,20.346,24.353,8.35,
35.086,289806.0,9816636416.0,1.167,9.471,,,0.0,0.0,20.54,24.449,8.44,
35.781,292364.0,10571340800.0,1.222,9.907,,,0.0,0.0,20.552,24.652,8.55,
35.904,297037.0,11236789248.0,1.167,10.09,,,0.0,0.0,20.088,24.648,8.62,
39.382,304086.0,11753620480.0,1.194,10.259,,,0.0,0.0,20.74,27.929,9.86,
45.02,311859.0,12803464192.0,1.278,10.292,0.0,11.569,0.0,0.0,23.734,33.451,11.89,52.719
56.451,317722.0,12948303872.0,1.111,9.529,,,0.0,0.0,34.922,45.811,16.34,
56.355,318809.0,12002982912.0,1.028,8.833,,,0.0,0.0,34.293,46.494,16.71,
56.386,318346.0,11531380736.0,1.083,8.459,,,0.0,0.0,34.95,46.843,16.74,
56.377,319308.0,11715657728.0,1.083,8.345,,,0.0,0.0,34.502,46.949,16.85,
56.898,320988.0,11858326528.0,1.108,8.255,,,0.0,0.0,33.826,47.535,17.29,
58.717,324036.0,12381386752.0,1.275,8.628,,,0.0,0.015,35.057,48.814,17.99,
58.63,327650.0,12619691008.0,1.044,9.023,,,0.0,0.023,34.874,48.562,17.8,
61.207,331068.0,13136775168.0,1.156,9.844,,,0.0,0.029,37.111,50.207,18.55,
61.442,335677.0,14111050752.0,1.344,10.843,,,0.0,0.025,36.059,49.255,18.17,
64.246,343641.0,14752536576.0,1.333,12.105,,,0.0,0.022,37.414,50.807,18.84,
66.459,352951.0,15315260416.0,1.333,13.107,,,0.0,0.012,36.545,52.018,19.43,
63.328,360787.0,,1.306,11.098,,,0.0,0.017,35.484,50.924,19.12,
57.112,366682.0,,0.0,7.314,,,0.0,0.017,34.554,49.798,18.78,
58.115,370338.0,,0.0,7.196,,,0.0,0.016,36.121,50.919,19.26,
61.854,372903.0,,0.0,9.826,,,0.0,0.015,36.958,52.028,20.108,
,280714154.0,271697494016.0,,,,,,,,,,
,281834058.0,277327806464.0,,,,,,,,,,
,283199773.0,300671991808.0,,,,,,,,,,
,284812956.0,304764387328.0,,,,,,,,,,
,286435299.0,306075009024.0,,,,,,,,,,
,288066854.0,300632506368.0,,,,,,,,,,
,289707671.0,308969701376.0,,,,,,,,,,
,291357804.0,290665103360.0,,,,,,,,,,
,293017306.0,294816907264.0,,,,,,,,,,
,294397607.0,335358001152.0,,,,,,,,,,
,295496971.0,335633088512.0,,,,,,,,,,
,296313651.0,333713113088.0,,,,,,,,,,
,296845891.0,333133185024.0,,,,,,,,,,
,297091925.0,325870092288.0,,,,,,,,,,
,297338132.0,343519985664.0,,,,,,,,,,
,297584511.0,334924185600.0,,,,,,,,,,
,297831063.0,344693997568.0,,,,,,,,,,
,298077789.0,338632802304.0,,,,,,,,,,
,298421342.0,295336804352.0,,,,,,,,,,
,299273541.0,335829991424.0,,,,,,,,,,
,300639878.0,309267202048.0,,,,,,,,,,
,302525896.0,332498599936.0,,,,,,,,,,
,304937193.0,346716798976.0,,,,,,,,,,
,307879422.0,335551987712.0,,,,,,,,,,
,310850039.0,351853707264.0,,,,,,,,,,
,313849318.0,356048699392.0,,,,,,,,,,
,316877536.0,367478407168.0,,,,,,,,,,
,319934973.0,367200010240.0,,,,,,,,,,
,323021910.0,370912493568.0,,,,,,,,,,
,326429031.0,386395996160.0,,,,,,,,,,
,330163509.0,389214797824.0,,,,,,,,,,
,334232641.0,386353004544.0,,,,,,,,,,
,338643856.0,390754009088.0,,,,,,,,,,
,343404711.0,391381188608.0,,,,,,,,,,
,348232496.0,395071586304.0,,,,,,,,,,
,353128154.0,390890389504.0,,,,,,,,,,
,358092638.0,406292692992.0,,,,,,,,,,
,363126915.0,399830188032.0,,,,,,,,,,
,368231967.0,400546496512.0,,,,,,,,,,
,371781679.0,409623592960.0,,,,,,,,,,
,373766276.0,422772408320.0,,,,,,,,,,
,374175756.0,431261712384.0,,,,,,,,,,
,372999886.0,428796608512.0,,,,,,,,,,
,370228201.0,446201692160.0,,,,,,,,,,
,367477113.0,441698385920.0,,,,,,,,,,
,364746467.0,434203197440.0,,,,,,,,,,
,362036112.0,411463188480.0,,,,,,,,,,
,359345897.0,340810006528.0,,,,,,,,,,
,356675672.0,344050008064.0,,,,,,,,,,
,355893489.0,353225015296.0,,,,,,,,,,
,357021120.0,354332999680.0,,,,,,,,,,
,364922368.0,362445012992.0,,,,,,,,,,
,372997184.0,373116010496.0,,,,,,,,,,
,381227712.0,396813008896.0,,,,,,,,,,
,389731392.0,413406003200.0,,,,,,,,,,
,398577984.0,423653998592.0,,,,,,,,,,
,407656608.0,447916998656.0,,,,,,,,,,
,416935392.0,443355987968.0,,,,,,,,,,
,426295776.0,476938010624.0,,,,,,,,,,
,435900352.0,486917996544.0,,,,,,,,,,
,445954560.0,520800010240.0,,,,,,,,,,
,456351872.0,536351997952.0,,,,,,,,,,
,467024192.0,548431986688.0,,,,,,,,,,
,477933632.0,576287997952.0,,,,,,,,,,
,489059296.0,620466012160.0,,,,,,,,,,
619.451,500114336.0,596064993280.0,413.407,146.995,2.373,562.775,,0.0,56.676,56.676,,9.149
638.414,510992608.0,601424986112.0,412.415,164.15,2.663,579.228,,0.0,59.186,59.186,,9.271
658.433,521987072.0,650715987968.0,419.285,169.36,3.559,592.204,,0.0,66.229,66.229,,10.059
703.985,533431904.0,668219998208.0,433.825,189.771,3.954,627.55,,0.0,76.435,76.435,,10.858
780.436,545314688.0,712563032064.0,460.841,227.929,4.745,693.515,,0.0,84.864,84.864,,10.874
763.741,557501312.0,748744015872.0,436.809,226.891,6.328,670.029,,0.0,90.0,90.0,,11.784
794.386,569999168.0,755656032256.0,442.872,243.332,6.706,692.911,0.0,0.0,98.717,98.717,,12.427
835.859,582837952.0,753543020544.0,467.683,262.383,7.356,737.422,0.0,0.0,95.815,95.815,,11.463
853.324,596107456.0,788800012288.0,461.449,276.959,7.337,745.745,0.0,0.0,102.036,102.036,,11.957
903.988,609721920.0,796992012288.0,520.856,271.543,8.304,800.703,0.0,0.0,98.181,98.181,,10.861
972.011,623524224.0,868009967616.0,559.906,278.093,10.631,848.63,0.0,0.0,117.299,117.299,,12.068
1019.454,637451456.0,878540029952.0,583.035,293.259,12.914,889.208,0.0,0.0,122.71,122.71,,12.037
1078.32,651685632.0,947196002304.0,610.346,315.044,13.793,939.183,0.0,0.0,133.883,133.883,,12.416
1120.973,666267776.0,997920014336.0,590.664,342.375,15.405,948.443,0.0,0.0,166.109,166.109,,14.818
1182.959,681248384.0,947528007680.0,627.493,369.473,19.159,1016.124,0.0,0.0,160.176,160.176,,13.54
1218.599,696828352.0,1015104995328.0,659.565,376.816,11.331,1047.712,0.0,0.0,163.94,163.94,,13.453
1349.284,712869312.0,1077444018176.0,742.142,405.655,19.782,1167.579,0.0,0.0,174.708,174.708,,12.948
1336.049,729169472.0,1111560028160.0,733.904,422.656,25.935,1182.495,0.0,0.0,147.435,147.435,,11.035
1405.05,745826560.0,1202349015040.0,779.048,444.353,30.858,1254.259,0.0,0.0,142.064,142.064,,10.111
1500.919,762895168.0,1248909983744.0,818.311,477.067,35.341,1330.719,0.0,0.0,158.738,158.738,,10.576
1584.263,780242112.0,1298600034304.0,857.397,517.636,43.228,1418.261,0.0,0.0,153.211,153.211,186.386,9.671
1695.59,797878976.0,1353105014784.0,921.24,544.259,60.4,1525.9,0.0,0.0,155.445,155.445,202.677,9.168
1802.854,815716160.0,1412883939328.0,1011.63,561.767,69.577,1642.974,0.0,0.0,144.782,144.782,223.669,8.031
1962.301,833729664.0,1560089985024.0,1085.557,616.501,81.505,1783.563,0.0,0.0,161.496,161.496,241.305,8.23
2143.414,852012672.0,1663727960064.0,1179.941,667.773,96.905,1944.618,0.0,0.0,187.384,187.384,272.446,8.742
2300.701,870452160.0,1750992945152.0,1276.025,694.058,115.927,2086.01,0.0,0.09,196.335,196.545,287.763,8.534
2427.663,888941760.0,1762411544576.0,1357.878,706.101,129.108,2193.086,0.0,0.334,218.577,219.215,320.458,9.004
2552.772,907574080.0,1842360483840.0,1438.256,744.187,144.347,2326.79,0.0,0.262,207.169,207.812,337.153,8.115
2616.248,926351296.0,1931870470144.0,1489.625,752.043,146.671,2388.339,0.0,0.28,209.155,210.24,362.176,7.994
2757.121,945261952.0,2039524753408.0,1537.287,808.267,158.569,2504.123,0.0,0.566,237.186,238.966,387.967,8.603
2963.118,964279104.0,2171040956416.0,1631.613,901.352,180.778,2713.743,0.003,1.468,224.497,227.768,427.149,7.576
3081.631,983281216.0,2323733020672.0,1678.483,972.761,197.317,2848.561,0.018,2.597,204.202,209.231,443.205,6.626
3252.01,1002335232.0,2403114156032.0,1755.363,1039.856,214.526,3009.745,0.018,2.922,207.613,213.686,469.154,6.384
3449.497,1021434560.0,2541494206464.0,1813.659,1113.507,235.429,3162.595,0.018,3.191,247.301,254.636,505.078,7.169
3549.489,1040500032.0,2681321029632.0,1796.674,1222.579,241.234,3260.487,0.018,4.276,243.211,252.887,547.362,6.852
3728.514,1059633664.0,2773211152384.0,1911.166,1281.237,253.627,3446.03,0.021,4.678,227.66,237.741,571.39,6.106
3743.853,1078970880.0,2906877853696.0,1926.953,1285.022,254.277,3466.253,0.033,6.125,211.588,224.351,586.09,5.652
3865.751,1098313088.0,2989575634944.0,2012.79,1311.634,265.544,3589.969,0.038,6.086,200.071,221.578,609.64,5.175
4004.078,1117415168.0,3212953780224.0,2107.983,1336.147,284.269,3728.399,0.047,7.553,200.968,225.192,638.13,5.019
4347.582,1136264576.0,3454210932736.0,2243.529,1414.218,306.691,3964.438,0.052,15.058,289.998,324.367,698.32,6.67
4603.61,1154638720.0,3709371154432.0,2456.113,1438.144,343.256,4237.514,0.052,17.155,278.954,317.387,704.52,6.059
4849.72,1172373760.0,4024058511360.0,2549.865,1519.21,358.772,4427.847,0.02,26.568,320.442,373.731,744.43,6.607
5263.111,1189691776.0,4355554279424.0,2790.272,1622.901,388.103,4801.275,0.167,33.035,346.703,413.451,796.26,6.587
5570.697,1206734848.0,4601841975296.0,3020.762,1704.719,399.877,5125.357,0.177,40.404,323.632,404.269,828.41,5.81
5986.512,1223640192.0,4945730863104.0,3268.266,1793.477,491.081,5552.823,0.209,45.44,296.971,388.624,879.71,4.961
6244.97,1240613632.0,5314516615168.0,3348.546,1832.569,589.616,5770.731,0.314,54.003,301.828,412.761,937.47,4.833
6586.134,1257621248.0,5675666636800.0,3478.864,1920.216,602.859,6001.939,2.281,66.076,363.327,498.893,1034.0,5.517
6942.567,1274487168.0,5949387964416.0,3787.818,2036.417,556.991,6381.226,5.755,75.218,317.451,474.145,1091.84,4.573
7172.946,1291132032.0,6320315957248.0,4009.729,2051.262,490.193,6551.184,9.356,81.783,359.709,534.651,1146.14,5.015
7656.914,1307246464.0,6754740994048.0,4401.073,2107.813,485.016,6993.901,13.299,90.633,376.555,572.842,1262.02,4.918
7922.428,1322866560.0,7259602550784.0,4490.47,2277.954,478.068,7246.493,17.683,88.172,358.926,576.942,1321.96,4.531
8278.461,1338636288.0,7767449403392.0,4587.692,2498.029,507.91,7593.63,30.936,116.325,343.682,587.477,1401.63,4.152
8594.206,1354195712.0,8275647004672.0,4737.157,2571.897,535.999,7845.052,57.336,140.062,361.465,653.606,1471.16,4.206
9081.509,1369003264.0,8835757506560.0,4981.602,2688.057,579.963,8249.621,96.123,159.567,369.748,732.744,1578.98,4.071
9310.841,1383112064.0,,4989.023,2775.68,592.498,8357.201,121.96,166.895,427.202,839.401,1621.91,4.588
8821.111,1396387072.0,,4714.672,2520.253,603.601,7838.526,154.12,158.7,429.933,870.152,1562.71,4.874
9584.976,1407563904.0,,5359.929,2568.601,620.864,8549.395,178.734,178.181,419.539,925.305,1713.75,4.377
10123.443,1417173120.0,,5581.429,2791.583,581.839,8954.851,248.09,182.617,456.052,1053.022,1837.95,4.505
,38179623.0,51910098944.0,,,,,,,,,,
,38668903.0,51089575936.0,,,,,,,,,,
,39163692.0,50067218432.0,,,,,,,,,,
,39646401.0,52836519936.0,,,,,,,,,,
,40116661.0,53544038400.0,,,,,,,,,,
,40574022.0,54217261056.0,,,,,,,,,,
,41018198.0,55577653248.0,,,,,,,,,,
,41465424.0,57010999296.0,,,,,,,,,,
,41914876.0,56856240128.0,,,,,,,,,,
,42366545.0,59669188608.0,,,,,,,,,,
,42820498.0,63242977280.0,,,,,,,,,,
,43254585.0,66186964992.0,,,,,,,,,,
,43716724.0,67204390912.0,,,,,,,,,,
,44180972.0,70277955584.0,,,,,,,,,,
,44647319.0,70179414016.0,,,,,,,,,,
,45118696.0,71131422720.0,,,,,,,,,,
,45528655.0,71621763072.0,,,,,,,,,,
,45837761.0,71790051328.0,,,,,,,,,,
,46225903.0,73209782272.0,,,,,,,,,,
,46707410.0,79914983424.0,,,,,,,,,,
,47304303.0,77485137920.0,,,,,,,,,,
,47889453.0,77563396096.0,,,,,,,,,,
,48464913.0,79663742976.0,,,,,,,,,,
,49048301.0,81177518080.0,,,,,,,,,,
,49640203.0,85424193536.0,,,,,,,,,,
,50240326.0,87028097024.0,,,,,,,,,,
,50849550.0,92032958464.0,,,,,,,,,,
,51467289.0,97879146496.0,,,,,,,,,,
,52094423.0,101521252352.0,,,,,,,,,,
,52730659.0,103854333952.0,,,,,,,,,,
,53422386.0,105315721216.0,,,,,,,,,,
,54167255.0,98592702464.0,,,,,,,,,,
,54965265.0,94763261952.0,,,,,,,,,,
,55772671.0,95742566400.0,,,,,,,,,,
,56592409.0,97150009344.0,,,,,,,,,,
,57426239.0,99821166592.0,,,,,,,,,,
,58274749.0,106169204736.0,,,,,,,,,,
,59137646.0,118784974848.0,,,,,,,,,,
,60015810.0,118306021376.0,,,,,,,,,,
,60908068.0,119488020480.0,,,,,,,,,,
,61843190.0,131348013056.0,,,,,,,,,,
,62820886.0,136663105536.0,,,,,,,,,,
,63742503.0,,,,,,,,,,,
,64402814.0,,,,,,,,,,,
,64654432.0,,,,,,,,,,,
,64894598.0,,,,,,,,,,,
,65358783.0,,,,,,,,,,,
,66226965.0,,,,,,,,,,,
,67261032.0,,,,,,,,,,,
,68405199.0,94018076672.0,,,,,,,,,,
,69567624.0,105742753792.0,,,,,,,,,,
,71019352.0,113595809792.0,,,,,,,,,,
,72570832.0,119008854016.0,,,,,,,,,,
,74207992.0,125027606528.0,,,,,,,,,,
,75925328.0,132648517632.0,,,,,,,,,,
,77741512.0,136433229824.0,,,,,,,,,,
,79661840.0,138179182592.0,,,,,,,,,,
,81690984.0,147685294080.0,,,,,,,,,,
,83818760.0,142311981056.0,,,,,,,,,,
,86047672.0,148373766144.0,,,,,,,,,,
,88382888.0,154784595968.0,,,,,,,,,,
,90816944.0,164961484800.0,,,,,,,,,,
,93345496.0,164672684032.0,,,,,,,,,,
,95962536.0,158306828288.0,,,,,,,,,,
,98675064.0,164270391296.0,,,,,,,,,,
84.516,101157872.0,165966266368.0,1.5,72.544,5.075,79.119,,0.0,5.397,5.397,,6.386
83.896,103561104.0,165937627136.0,1.838,69.864,5.176,76.879,,0.0,7.018,7.018,,8.365
82.897,106260752.0,162199044096.0,1.291,67.403,6.323,75.017,,0.0,7.88,7.88,,9.506
88.425,109138728.0,177944035328.0,0.965,71.299,6.425,78.69,,0.0,9.736,9.736,,11.01
99.786,112149256.0,199907966976.0,1.163,76.334,12.109,89.606,,0.0,10.18,10.18,,10.202
106.956,115228392.0,220830580736.0,1.012,80.993,12.576,94.58,,0.0,12.376,12.376,,11.571
101.902,118347136.0,233065676800.0,1.163,83.944,12.718,97.825,0.0,0.0,4.077,4.077,,4.001
108.067,121504136.0,259469197312.0,1.163,90.784,12.474,104.421,0.0,0.0,3.646,3.646,,3.374
121.874,124709056.0,297900736512.0,0.779,108.375,8.12,117.274,0.0,0.0,4.6,4.6,,3.774
130.604,127945192.0,313092767744.0,0.849,113.22,11.439,125.508,0.0,0.0,5.097,5.097,,3.902
159.924,131213216.0,313087918080.0,1.082,129.848,23.649,154.579,0.0,0.0,5.345,5.345,,3.342
167.967,134521024.0,340620640256.0,1.082,139.897,23.852,164.831,0.0,0.0,3.136,3.136,,1.867
222.085,137861536.0,367091482624.0,1.163,164.958,50.75,216.871,0.0,0.0,5.214,5.214,,2.348
249.855,141250960.0,383794642944.0,1.547,185.917,58.667,246.131,0.0,0.0,3.724,3.724,,1.491
284.463,144693088.0,404845723648.0,2.326,202.276,75.719,280.321,0.0,0.0,4.143,4.143,,1.456
305.611,148177104.0,439667523584.0,2.942,227.564,71.354,301.86,0.0,0.0,3.751,3.751,,1.227
327.653,151686336.0,469898592256.0,3.14,249.523,71.253,323.916,0.0,0.0,3.737,3.737,,1.141
334.077,155228656.0,452605706240.0,2.966,259.334,67.701,330.0,0.0,0.0,4.077,4.077,,1.22
353.79,158790608.0,470680076288.0,2.966,253.853,90.842,347.661,0.0,0.0,6.129,6.129,,1.732
389.436,162331968.0,503305928704.0,3.105,273.572,106.067,382.745,0.0,0.0,6.691,6.691,,1.718
412.985,165791696.0,515643146240.0,10.467,268.883,125.454,404.804,0.0,0.0,8.181,8.181,16.369,1.981
441.025,169135280.0,545914224640.0,16.817,275.736,135.299,427.853,0.0,0.0,13.173,13.173,18.415,2.987
465.495,172421392.0,572867018752.0,26.365,285.61,139.968,451.944,0.0,0.0,13.552,13.552,20.72,2.911
491.403,175694640.0,605642424320.0,27.54,300.383,148.596,476.518,0.0,0.0,14.885,14.885,24.807,3.029
544.869,178949168.0,660041564160.0,41.333,318.608,166.358,526.299,0.0,0.0,18.57,18.57,28.487,3.408
600.179,182159888.0,718548893696.0,39.788,366.263,171.73,577.781,0.0,0.0,19.198,22.398,33.115,3.199
652.938,185361232.0,786439995392.0,40.266,390.092,197.687,628.045,0.0,0.0,21.909,24.893,38.103,3.355
716.86,188558416.0,841780428800.0,49.151,420.51,215.596,685.257,0.0,0.0,28.522,31.603,40.284,3.979
763.843,191737280.0,912702636032.0,57.297,448.465,228.691,734.453,0.0,0.0,26.291,29.39,39.707,3.442
799.647,194928544.0,986200276992.0,57.317,443.341,270.831,771.489,0.0,0.0,23.605,28.157,45.928,2.952
870.284,198140160.0,1072204283904.0,63.077,490.82,285.584,839.482,0.0,0.0,24.523,30.802,54.121,2.818
933.146,201373792.0,1161281404928.0,75.189,527.91,297.305,900.404,0.0,0.0,26.094,32.742,58.868,2.796
1012.695,204628016.0,1221454462976.0,92.729,584.765,310.114,987.608,0.0,0.0,17.345,25.087,70.691,1.713
995.569,207855488.0,1066065592320.0,99.512,557.096,298.99,955.598,0.0,0.0,30.645,39.971,76.693,3.078
1086.986,210996912.0,1079382573056.0,136.964,583.229,324.917,1045.11,0.0,0.0,30.693,41.876,83.971,2.824
1163.577,214072416.0,1138300026880.0,153.069,637.012,330.052,1120.133,0.0,0.0,29.617,43.444,98.03,2.545
1246.32,217112432.0,1185220919296.0,194.332,659.389,341.346,1195.066,0.0,0.0,34.24,51.253,106.15,2.747
1280.054,220115088.0,1244249980928.0,200.456,661.409,371.034,1232.899,0.0,0.0,28.993,47.155,113.03,2.265
1388.661,223080128.0,1309811277824.0,269.087,679.262,395.582,1343.931,0.0,0.0,26.388,44.73,117.39,1.9
1375.442,225938592.0,1381839929344.0,247.381,718.923,362.022,1328.325,0.0,0.0,27.877,47.116,124.77,2.027
1415.489,228805152.0,1467344879616.0,283.749,717.888,363.936,1365.573,0.0,0.0,30.71,49.915,132.88,2.17
1439.761,231797424.0,1555183173632.0,330.789,691.336,371.114,1393.239,0.0,0.0,27.381,46.523,137.98,1.902
1545.187,234858288.0,1661589520384.0,417.329,729.227,346.42,1492.976,0.0,0.0,31.913,52.211,148.39,2.065
1563.029,237936544.0,1793465253888.0,366.071,743.942,396.947,1506.96,0.0,0.001,32.395,56.069,155.89,2.073
1605.616,240981296.0,1886334484480.0,378.321,747.329,421.008,1546.658,0.0,0.01,31.792,58.958,162.84,1.98
1737.839,244016176.0,2015864815616.0,429.619,791.234,440.476,1661.329,0.001,0.01,48.451,76.51,177.51,2.788
1835.917,247099696.0,2150142705664.0,496.265,848.442,427.343,1772.05,0.002,0.013,34.259,63.866,191.87,1.866
1895.301,250222688.0,2279736344576.0,505.706,892.108,429.712,1827.526,0.008,0.013,35.094,67.775,208.94,1.852
1829.965,253275920.0,2406465929216.0,440.756,862.608,445.055,1748.419,0.015,0.0,46.122,81.545,225.16,2.52
1853.965,256229760.0,2526852677632.0,469.07,859.077,440.418,1768.565,0.018,0.0,41.073,85.401,237.52,2.215
1882.794,259091968.0,2650203488256.0,532.274,819.179,457.556,1809.009,0.014,0.01,37.003,73.786,243.27,1.965
1888.482,261850176.0,2783164760064.0,544.316,790.219,446.308,1780.842,0.056,0.015,49.999,107.639,257.55,2.648
1954.256,264498848.0,2924271370240.0,566.109,847.52,432.153,1845.782,0.077,0.0,49.586,108.473,265.81,2.537
2143.717,267066848.0,3075456106496.0,655.729,874.4,445.286,1975.415,0.239,0.503,57.244,168.301,283.79,2.67
2284.574,269582880.0,,801.231,852.238,439.988,2093.457,0.312,1.276,55.78,191.118,295.43,2.442
2112.62,271857984.0,,765.38,750.039,375.176,1890.595,0.449,1.247,63.884,222.025,291.82,3.024
2154.942,273753184.0,,763.23,780.862,370.807,1914.898,0.504,1.143,64.624,240.044,309.36,2.999
2714.916,275501344.0,,1216.511,851.199,370.15,2437.859,0.781,0.928,71.162,277.056,333.54,2.621
,10122370.0,,,,,,,,,,,
,10225598.0,,,,,,,,,,,
,10327712.0,,,,,,,,,,,
,10428677.0,,,,,,,,,,,
,10530628.0,,,,,,,,,,,
,10633576.0,,,,,,,,,,,
,10737529.0,,,,,,,,,,,
,10842498.0,,,,,,,,,,,
,10948492.0,,,,,,,,,,,
,10990047.0,,,,,,,,,,,
,10967798.0,,,,,,,,,,,
,10882360.0,,,,,,,,,,,
,10734332.0,,,,,,,,,,,
,10524294.0,14017349632.0,,,,,,,,,,
,10318365.0,,,,,,,,,,,
,10116464.0,,,,,,,,,,,
,9918514.0,,,,,,,,,,,
,9724436.0,,,,,,,,,,,
,9531760.0,,,,,,,,,,,
,9441677.0,,,,,,,,,,,
,9455525.0,,,,,,,,,,,
,9574734.0,,,,,,,,,,,
,9800820.0,,,,,,,,,,,
,10135396.0,,,,,,,,,,,
,10481394.0,,,,,,,,,,,
,10839204.0,,,,,,,,,,,
,11209228.0,,,,,,,,,,,
,11591884.0,,,,,,,,,,,
,11987603.0,,,,,,,,,,,
,12354653.0,,,,,,,,,,,
,12691310.0,,,,,,,,,,,
,12995777.0,,,,,,,,,,,
,13266186.0,,,,,,,,,,,
,13500586.0,,,,,,,,,,,
,13739128.0,,,,,,,,,,,
,13981885.0,,,,,,,,,,,
,14228931.0,,,,,,,,,,,
,14480343.0,,,,,,,,,,,
,14736196.0,,,,,,,,,,,
,14969197.0,,,,,,,,,,,
,15178703.0,,,,,,,,,,,
,15364059.0,,,,,,,,,,,
,15524597.0,,,,,,,,,,,
,15659633.0,,,,,,,,,,,
,15795843.0,,,,,,,,,,,
,15933238.0,,,,,,,,,,,
,16071828.0,,,,,,,,,,,
,16211624.0,,,,,,,,,,,
,16352636.0,,,,,,,,,,,
,16558920.0,,,,,,,,,,,
,16832842.0,44850892800.0,,,,,,,,,,
,17219634.0,44840296448.0,,,,,,,,,,
,17614458.0,44843151360.0,,,,,,,,,,
,18017556.0,44886630400.0,,,,,,,,,,
,18434882.0,44884369408.0,,,,,,,,,,
,18873866.0,44862808064.0,,,,,,,,,,
,19332418.0,48871698432.0,,,,,,,,,,
,19805916.0,55700860928.0,,,,,,,,,,
,20295116.0,62178754560.0,,,,,,,,,,
,20821856.0,67527569408.0,,,,,,,,,,
,21388810.0,74059071488.0,,,,,,,,,,
,21983630.0,80338485248.0,,,,,,,,,,
,22605052.0,81892024320.0,,,,,,,,,,
,23259096.0,90921967616.0,,,,,,,,,,
,23948632.0,97500512256.0,,,,,,,,,,
97.29,24667028.0,109475799040.0,2.454,81.94,7.813,92.207,,,5.083,5.083,,5.225
106.037,25398706.0,120466931712.0,2.698,89.685,8.192,100.574,,,5.462,5.462,,5.151
116.651,26133346.0,134024241152.0,2.977,99.205,8.588,110.771,,,5.881,5.881,,5.041
128.25,26875302.0,154230439936.0,3.28,109.472,9.173,121.925,,,6.325,6.325,,4.932
140.755,27643692.0,174223163392.0,3.617,119.566,10.764,133.947,,,6.808,6.808,,4.837
166.041,28449702.0,192659390464.0,3.989,129.196,25.525,158.71,,,7.331,7.331,,4.415
181.881,29273686.0,216529780736.0,2.81,141.647,29.543,174.001,,,7.88,7.88,,4.333
206.218,30111578.0,251717222400.0,4.391,157.659,33.818,195.868,,,10.35,10.35,,5.019
246.471,30981904.0,273301962752.0,7.383,189.242,41.077,237.702,,,8.769,8.769,,3.558
279.468,31895540.0,297538977792.0,8.086,219.959,41.765,269.81,,,9.657,9.657,,3.456
325.649,32856976.0,311929470976.0,14.979,257.92,42.609,315.508,,,10.141,10.141,,3.114
366.469,33841064.0,365375389696.0,14.805,292.325,47.996,355.126,,,11.343,11.343,,3.095
414.94,34876504.0,360749400064.0,14.977,339.159,49.081,403.217,,,11.722,11.722,,2.825
405.671,35993664.0,318003249152.0,9.152,340.151,38.008,387.311,,,18.361,18.361,,4.526
437.969,37205012.0,290524364800.0,13.21,357.921,50.921,422.052,,,15.917,15.917,,3.634
406.055,38520668.0,249697452032.0,13.911,330.285,45.354,389.55,,,16.505,16.505,,4.065
407.537,40476260.0,242198937600.0,11.617,328.618,49.28,389.516,,,18.021,18.021,,4.422
459.948,42500036.0,280254578688.0,15.669,357.879,67.491,441.039,,,18.91,18.91,,4.111
546.101,44027988.0,317242867712.0,14.783,435.68,77.133,527.597,,,18.504,18.504,,3.388
590.164,45628400.0,322589097984.0,11.429,471.644,89.789,572.862,,,17.302,17.302,,2.932
643.941,47266160.0,330378117120.0,11.245,518.389,96.864,626.498,,,17.443,17.443,38.915,2.709
603.273,48913236.0,299361763328.0,11.075,478.297,93.055,582.427,,,20.847,20.847,42.186,3.456
646.76,50541504.0,294831456256.0,10.894,498.836,113.918,623.648,,,23.112,23.112,45.062,3.573
659.579,52111868.0,278182821888.0,11.242,500.279,123.675,635.196,,,24.383,24.383,46.97,3.697
720.975,53644740.0,288903888896.0,8.259,536.641,156.168,701.069,,,19.906,19.906,51.431,2.761
811.283,55793628.0,318478254080.0,8.261,553.211,227.985,789.457,0.0,0.0,21.826,21.826,57.655,2.69
880.229,57990892.0,369999085568.0,11.792,586.546,265.31,863.649,0.0,0.0,16.58,16.58,62.814,1.884
973.424,59372016.0,415816908800.0,10.386,630.639,305.183,946.208,0.0,0.0,27.216,27.216,67.178,2.796
900.748,59755432.0,415192252416.0,12.767,691.704,165.132,869.602,0.0,0.0,31.146,31.146,74.686,3.458
1008.745,59985752.0,419387342848.0,12.818,714.483,261.053,988.354,0.0,0.0,20.391,20.391,81.004,2.021
1057.944,60794808.0,438197157888.0,12.005,702.648,318.68,1033.333,0.0,0.0,24.611,24.611,84.353,2.326
1150.883,61598380.0,485151768576.0,12.558,737.468,374.794,1124.82,0.0,0.0,26.063,26.063,89.74,2.265
1186.134,62480528.0,515019898880.0,12.872,758.171,397.523,1168.567,0.0,0.0,17.567,17.567,96.983,1.481
1235.507,63461424.0,544002506752.0,14.989,736.062,462.313,1213.365,0.0,0.0,22.142,22.142,102.385,1.792
1331.568,64474748.0,567746232320.0,14.265,752.266,549.726,1316.257,0.0,0.103,15.208,15.311,110.088,1.142
1396.568,65544380.0,600692162560.0,15.16,775.711,594.409,1385.28,0.0,0.108,11.18,11.288,119.35,0.801
1492.142,66674856.0,642713059328.0,14.862,799.744,665.327,1479.933,0.0,0.099,12.11,12.209,127.59,0.812
1626.368,67327120.0,708074733568.0,14.082,806.609,782.203,1602.894,0.0,0.088,23.386,23.474,138.23,1.438
1656.194,67954704.0,787813564416.0,15.257,810.283,802.767,1628.308,0.0,0.08,27.806,27.886,151.65,1.679
1831.958,69061680.0,859884224512.0,15.971,848.906,932.56,1797.438,0.0,0.133,34.387,34.52,162.76,1.877
1940.3,70182592.0,919502782464.0,18.103,910.154,970.469,1898.726,0.0,0.203,41.371,41.574,177.07,2.132
2120.271,71275768.0,1006243938304.0,17.474,991.934,1057.84,2067.248,0.0,0.357,52.666,53.022,193.43,2.484
2253.991,72319424.0,1109290516480.0,18.215,999.074,1185.522,2202.812,0.0,0.398,50.781,51.18,203.12,2.253
2323.367,73318400.0,1141269463040.0,14.342,1029.706,1257.867,2301.915,0.001,0.55,20.901,21.452,210.49,0.9
2379.29,74322688.0,1215221465088.0,9.255,1002.677,1347.944,2359.876,0.001,0.632,18.775,19.413,221.81,0.789
2421.595,75373864.0,1316410097664.0,13.364,935.378,1443.894,2392.636,0.002,0.469,28.455,28.959,235.68,1.175
2529.514,76342968.0,1352440086528.0,13.733,953.441,1531.926,2499.1,0.002,0.585,29.473,30.13,235.59,1.165
2558.024,77324448.0,1271703928832.0,10.651,982.968,1525.455,2519.074,0.002,0.776,34.28,35.13,248.75,1.34
2647.917,78458928.0,1249348157440.0,8.863,1049.064,1538.345,2596.271,0.002,0.597,39.857,40.517,258.86,1.505
2756.672,79961672.0,1284499832832.0,10.552,961.545,1734.009,2706.107,0.002,0.542,39.293,39.985,275.63,1.425
2745.521,81790848.0,1282580676608.0,12.695,847.475,1840.195,2700.365,0.004,0.38,35.687,36.123,280.24,1.3
2878.794,83306232.0,1342488838144.0,10.56,846.627,1963.19,2820.377,0.013,0.418,41.285,41.786,286.13,1.434
2986.091,84505080.0,1434521042944.0,11.982,859.289,2050.04,2921.311,0.228,0.846,45.859,47.012,305.17,1.536
3087.446,85617560.0,1398995943424.0,15.849,899.005,2126.434,3041.288,0.587,1.984,26.029,28.678,312.35,0.843
3257.938,86564208.0,,18.933,946.344,2183.896,3149.172,1.346,1.903,89.267,92.55,318.89,2.74
3378.643,87290192.0,,21.418,908.093,2367.673,3297.185,1.533,2.957,60.943,65.505,337.22,1.804
3360.935,87923432.0,,19.573,924.24,2364.653,3308.467,1.616,2.959,38.942,43.588,357.84,1.159
3376.707,88550568.0,,21.139,1025.341,2289.14,3335.62,1.905,3.25,19.433,24.659,370.81,0.575
,2399016.0,,,,,,,,,,,
,2449455.0,,,,,,,,,,,
,2495317.0,,,,,,,,,,,
,2536364.0,,,,,,,,,,,
,2578082.0,,,,,,,,,,,
,2620482.0,,,,,,,,,,,
,2663573.0,,,,,,,,,,,
,2707369.0,,,,,,,,,,,
,2751879.0,,,,,,,,,,,
,2799474.0,,,,,,,,,,,
,2850254.0,,,,,,,,,,,
,2904326.0,,,,,,,,,,,
,2961797.0,,,,,,,,,,,
,3022777.0,3331575040.0,,,,,,,,,,
,3085007.0,,,,,,,,,,,
,3148513.0,,,,,,,,,,,
,3213320.0,,,,,,,,,,,
,3279456.0,,,,,,,,,,,
,3342491.0,,,,,,,,,,,
,3402579.0,,,,,,,,,,,
,3459608.0,,,,,,,,,,,
,3513464.0,,,,,,,,,,,
,3564028.0,,,,,,,,,,,
,3611180.0,,,,,,,,,,,
,3658956.0,,,,,,,,,,,
,3707365.0,,,,,,,,,,,
,3756413.0,,,,,,,,,,,
,3806111.0,,,,,,,,,,,
,3856466.0,,,,,,,,,,,
,3899075.0,,,,,,,,,,,
,3933814.0,,,,,,,,,,,
,3960556.0,,,,,,,,,,,
,3979174.0,,,,,,,,,,,
,3989537.0,,,,,,,,,,,
,3999928.0,,,,,,,,,,,
,4010346.0,,,,,,,,,,,
,4020791.0,,,,,,,,,,,
,4031263.0,,,,,,,,,,,
,4041762.0,,,,,,,,,,,
,4077709.0,,,,,,,,,,,
,4140032.0,,,,,,,,,,,
,4229689.0,,,,,,,,,,,
,4347673.0,,,,,,,,,,,
,4495010.0,,,,,,,,,,,
,4647340.0,,,,,,,,,,,
,4804832.0,,,,,,,,,,,
,4967661.0,,,,,,,,,,,
,5136009.0,,,,,,,,,,,
,5310061.0,,,,,,,,,,,
,5483614.0,,,,,,,,,,,
,5656483.0,11225325568.0,,,,,,,,,,
,5783975.0,12205860864.0,,,,,,,,,,
,5930354.0,13506462720.0,,,,,,,,,,
,6089263.0,18969126912.0,,,,,,,,,,
,6252046.0,22545258496.0,,,,,,,,,,
,6405692.0,21623615488.0,,,,,,,,,,
,6552814.0,23127861248.0,,,,,,,,,,
,6683810.0,22907525120.0,,,,,,,,,,
,6796489.0,25565155328.0,,,,,,,,,,
,6929328.0,26644594688.0,,,,,,,,,,
,7084683.0,29744050176.0,,,,,,,,,,
,7260718.0,33164032000.0,,,,,,,,,,
,7481829.0,34818408448.0,,,,,,,,,,
,7735816.0,34189524992.0,,,,,,,,,,
,7997661.0,38285467648.0,,,,,,,,,,
23.005,8270548.0,41774678016.0,,18.065,4.731,,,,0.209,0.209,,
25.372,8553880.0,43987525632.0,,19.331,5.766,,,,0.274,0.274,,
25.621,8848513.0,42962739200.0,,20.709,4.598,,,,0.314,0.314,,
27.219,9156137.0,50599358464.0,,22.232,4.608,,,,0.379,0.379,,
31.467,9476742.0,52311482368.0,,23.81,7.239,,,,0.418,0.418,,
39.157,9811356.0,52114083840.0,,31.238,7.41,,,,0.51,0.51,,
42.859,10154937.0,55337283584.0,,33.48,8.788,,,,0.591,0.591,,
50.203,10507318.0,53295796224.0,,40.729,8.883,,,,0.591,0.591,,
49.361,10872140.0,62224502784.0,,39.859,8.645,,,,0.858,0.858,,
48.344,11243145.0,65566679040.0,,39.219,7.942,,,,1.183,1.183,,
52.839,11617631.0,76468256768.0,,39.174,12.302,,,,1.363,1.363,,
66.442,11999347.0,92032417792.0,,47.937,17.147,,,,1.357,1.357,,
69.559,12400193.0,94552358912.0,,56.694,11.191,,,,1.674,1.674,,
73.769,12819715.0,111778021376.0,,60.076,11.599,,,,2.094,2.094,,
92.369,13233833.0,137502638080.0,,72.683,16.635,,,,3.052,3.052,,
101.361,13653368.0,134511804416.0,,87.151,12.169,,,,2.04,2.04,,
94.751,14067267.0,110104428544.0,,87.058,5.89,,,,1.804,1.804,,
98.13,14467687.0,109191241728.0,,89.896,6.46,,,,1.774,1.774,,
112.716,14903738.0,99708346368.0,,106.477,4.465,,,,1.774,1.774,,
124.893,15377037.0,99953483776.0,,117.485,5.605,,,,1.804,1.804,,
143.262,15753858.0,98367610880.0,,133.384,8.075,,,,1.804,1.804,20.973,
165.008,16148228.0,97354063872.0,,148.509,14.725,,,,1.774,1.774,22.287,
194.665,16598017.0,100119379968.0,,151.351,35.625,,,,7.688,7.688,22.51,
225.422,16987352.0,78971518976.0,,164.534,53.2,,,,7.688,7.688,23.45,
255.942,17442600.0,71995359232.0,,186.979,61.275,,,,7.688,7.688,23.86,
237.724,17658384.0,71051763712.0,,186.163,37.81,,0.0,0.0,13.751,13.751,28.373,
150.032,17846384.0,28285614080.0,,127.158,16.53,,0.0,0.0,6.343,6.343,13.359,
238.086,18385682.0,39202230272.0,,201.088,21.565,,0.0,0.0,15.433,15.433,21.912,
316.35,19295822.0,42079948800.0,,273.904,24.225,,0.0,0.0,18.22,18.22,27.09,
358.079,20248074.0,42891943936.0,,309.49,30.115,,0.0,0.0,18.475,18.475,26.663,
356.731,20948856.0,41889726464.0,,305.563,30.115,,0.0,0.0,21.053,21.053,26.498,
357.132,21639336.0,50576642048.0,,307.163,30.78,,0.0,0.0,19.189,19.189,25.981,
423.333,22330776.0,52183760896.0,,374.818,28.975,,0.0,0.0,19.54,19.54,26.693,
317.774,23053490.0,64343797760.0,,271.423,28.025,,0.0,0.0,18.326,18.326,26.744,
229.281,23820734.0,74946027520.0,,188.547,30.21,,0.0,0.0,10.524,10.524,24.721,
322.662,24628860.0,89277112320.0,,283.285,29.925,,0.0,0.0,9.452,9.452,30.02,
360.445,25425666.0,104531812352.0,,323.352,26.22,,0.0,0.0,10.873,10.873,30.35,
342.596,26255344.0,120219820032.0,,306.866,22.42,,0.0,0.0,13.31,13.31,31.85,
304.073,27068826.0,100983889920.0,,275.46,14.82,,0.0,0.0,13.793,13.793,26.66,
326.044,27858950.0,166055247872.0,,299.975,9.5,,0.0,0.0,16.569,16.569,30.38,
308.323,28698688.0,180541587456.0,,280.534,13.775,,0.0,0.0,14.013,14.013,28.88,
299.682,28905614.0,203390877696.0,,271.706,13.775,,0.0,0.0,14.201,14.201,32.11,
302.179,28660888.0,220479586304.0,,243.838,45.43,,0.0,0.0,12.912,12.912,31.53,
345.913,29218384.0,253769580544.0,,273.098,64.576,,0.0,0.0,8.239,8.239,34.8,
339.513,30289044.0,279575789568.0,,263.082,68.527,,0.0,0.0,7.904,7.904,43.02,
380.425,31264880.0,318132289536.0,,299.038,71.353,,0.0,0.0,10.034,10.034,46.21,
391.37,32378066.0,367344648192.0,,318.973,63.019,,0.0,0.0,9.378,9.378,50.84,
427.024,33864452.0,420047355904.0,,351.554,63.413,,0.0,0.0,12.056,12.056,43.48,
474.099,35481804.0,454203146240.0,,390.685,70.727,,0.126,0.0,12.561,12.687,55.21,
471.448,36746484.0,459176935424.0,,388.304,75.308,,0.155,0.0,7.681,7.836,63.9,
470.378,37757812.0,481955184640.0,,390.357,73.011,,0.154,0.0,6.857,7.011,64.75,
532.021,38697940.0,529717002240.0,,423.887,98.956,,0.153,0.0,9.025,9.178,75.46,
597.89,39621156.0,516500586496.0,0.0,477.678,114.269,591.946,0.153,0.0,5.791,5.944,82.28,0.969
604.674,40590700.0,513592688640.0,0.0,452.865,146.004,598.869,0.996,0.0,4.809,5.805,83.11,0.795
641.341,41563524.0,,0.0,432.342,194.923,627.265,0.993,0.0,13.083,14.076,89.19,2.04
553.082,42556988.0,,,356.29,184.869,,0.992,0.0,10.931,11.922,91.75,
577.572,43533592.0,,,399.366,168.466,,0.985,0.0,8.755,9.741,97.26,
640.391,44496124.0,,,442.034,188.671,,1.101,0.0,8.585,9.686,117.237,
,4424108.0,,,,,,,,,,,
,4408385.0,,,,,,,,,,,
,4395829.0,,,,,,,,,,,
,4386416.0,,,,,,,,,,,
,4377023.0,,,,,,,,,,,
,4367650.0,,,,,,,,,,,
,4358296.0,,,,,,,,,,,
,4348962.0,,,,,,,,,,,
,4339648.0,,,,,,,,,,,
,4331518.0,,,,,,,,,,,
,4324569.0,,,,,,,,,,,
,4318796.0,,,,,,,,,,,
,4314196.0,,,,,,,,,,,
,4310765.0,18952906752.0,,,,,,,,,,
,4307336.0,,,,,,,,,,,
,4303910.0,,,,,,,,,,,
,4300487.0,,,,,,,,,,,
,4297066.0,,,,,,,,,,,
,4294708.0,,,,,,,,,,,
,4259285.0,,,,,,,,,,,
,4192107.0,,,,,,,,,,,
,4094434.0,12501648384.0,,,,,,,,,,
,3967476.0,12431282176.0,,,,,,,,,,
,3812396.0,12372469760.0,,,,,,,,,,
,3663378.0,12305474560.0,,,,,,,,,,
,3520184.0,12241484800.0,,,,,,,,,,
,3382587.0,12181099520.0,,,,,,,,,,
,3250369.0,12505152512.0,,,,,,,,,,
,3123319.0,12844672000.0,,,,,,,,,,
,3024351.0,13219436544.0,,,,,,,,,,
,2952393.0,13516886016.0,,,,,,,,,,
,2906413.0,13893620736.0,,,,,,,,,,
,2885420.0,13562450944.0,,,,,,,,,,
,2888461.0,13219405824.0,,,,,,,,,,
,2891506.0,13648774144.0,,,,,,,,,,
,2894554.0,14046887936.0,,,,,,,,,,
,2897605.0,14434454528.0,,,,,,,,,,
,2900660.0,13893923840.0,,,,,,,,,,
,2903717.0,14288504832.0,,,,,,,,,,
,2906263.0,14273909760.0,,,,,,,,,,
,2908297.0,14390670336.0,,,,,,,,,,
,2909818.0,14560945152.0,,,,,,,,,,
,2910825.0,14414995456.0,,,,,,,,,,
,2911319.0,14332290048.0,,,,,,,,,,
,2911812.0,14322560000.0,,,,,,,,,,
,2912306.0,14205024256.0,,,,,,,,,,
,2912799.0,14385805312.0,,,,,,,,,,
,2913293.0,14658845696.0,,,,,,,,,,
,2913787.0,15369764864.0,,,,,,,,,,
,2911552.0,16174906368.0,,,,,,,,,,
,2906608.0,16308451328.0,,,,,,,,,,
,2924713.0,16717148160.0,,,,,,,,,,
,2929379.0,17137265664.0,,,,,,,,,,
,2917036.0,17604288512.0,,,,,,,,,,
,2902783.0,17761579008.0,,,,,,,,,,
,2886375.0,18219999232.0,,,,,,,,,,
,2869658.0,17985310720.0,,,,,,,,,,
,2854321.0,17957214208.0,,,,,,,,,,
,2838765.0,17591040000.0,,,,,,,,,,
,2823474.0,18300655616.0,,,,,,,,,,
,2811075.0,19328399360.0,,,,,,,,,,
,2807012.0,20252303360.0,,,,,,,,,,
,2813072.0,20913700864.0,,,,,,,,,,
,2824097.0,21902249984.0,,,,,,,,,,
,2837439.0,22763071488.0,,,,,,,,,,
67.663,2852404.0,23154675712.0,36.355,28.522,,,,,2.786,2.786,,
75.806,2867008.0,23351748608.0,41.414,31.882,,,,,2.51,2.51,,
82.17,2882744.0,24740753408.0,44.101,35.696,,,,,2.373,2.373,,
95.832,2899653.0,26786263040.0,53.859,39.704,,,,,2.27,2.27,,
96.15,2917193.0,28395874304.0,51.277,43.153,,,,,1.719,1.719,,
75.804,2937647.0,29149937664.0,25.004,48.426,,,,,2.373,2.373,,
78.734,2969402.0,30164221952.0,23.865,53.493,,,,,1.376,1.376,,
83.127,3013995.0,32122152960.0,22.213,58.884,,,,,2.029,2.029,,
87.369,3062017.0,33639247872.0,21.667,63.811,,,,,1.891,1.891,,
88.9,3110101.0,35069145088.0,23.365,63.197,,,,,2.339,2.339,,
83.145,3157921.0,37053673472.0,19.783,61.815,,,,,1.548,1.548,,
84.877,3205754.0,37568364544.0,20.341,62.782,,,,,1.754,1.754,,
90.463,3254661.0,40653357056.0,21.306,66.956,,,,,2.201,2.201,,
94.112,3305575.0,43579101184.0,20.155,71.894,,,,,2.063,2.063,,
103.786,3351902.0,44914946048.0,23.12,75.462,2.762,101.345,,,2.442,2.442,,2.353
100.424,3391393.0,46301212672.0,21.911,67.972,8.066,97.948,,,2.476,2.476,,2.466
97.991,3424834.0,47839154176.0,22.934,60.384,12.128,95.446,,,2.545,2.545,,2.597
97.288,3451220.0,48932278272.0,24.26,52.858,17.797,94.915,,,2.373,2.373,,2.439
95.877,3472904.0,48814223360.0,26.319,48.005,19.25,93.573,,,2.304,2.304,,2.403
94.857,3490937.0,50941116416.0,25.225,47.207,20.395,92.828,,,2.029,2.029,,2.139
99.538,3505781.0,52512358400.0,28.982,47.078,21.002,97.062,,,2.476,2.476,12.088,2.488
107.503,3515672.0,52286103552.0,31.855,58.119,14.813,104.786,,,2.717,2.717,12.652,2.527
108.719,3513702.0,54719774720.0,40.926,51.009,14.755,106.69,,,2.029,2.029,13.064,1.866
108.199,3498032.0,57578364928.0,41.67,46.249,17.7,105.62,,,2.579,2.579,13.228,2.384
111.472,3483316.0,60929429504.0,41.752,47.584,20.073,109.409,,,2.063,2.063,13.833,1.851
117.886,3485370.0,66087473152.0,40.262,53.734,21.83,115.825,0.0,0.0,2.061,2.061,14.23,1.748
122.462,3504806.0,67936149504.0,38.622,59.269,22.364,120.256,0.0,0.0,2.206,2.206,14.93,1.801
123.019,3528370.0,71167893504.0,36.787,61.681,22.12,120.588,0.0,0.015,2.416,2.431,15.78,1.964
125.626,3545700.0,73646604288.0,35.746,62.441,25.132,123.32,0.0,0.044,2.262,2.306,16.14,1.801
130.936,3559396.0,78875959296.0,34.204,68.393,25.563,128.159,0.0,0.056,2.72,2.777,16.83,2.078
133.621,3579486.0,87428767744.0,34.438,69.825,27.203,131.465,0.0,0.047,2.108,2.156,17.61,1.578
141.037,3606725.0,96464093184.0,34.625,73.248,30.901,138.774,0.0,0.041,2.135,2.263,18.91,1.514
145.73,3640157.0,108048252928.0,32.989,78.034,32.297,143.319,0.0,0.148,2.005,2.411,19.69,1.376
156.805,3678670.0,118272466944.0,33.208,87.461,32.657,153.326,0.0,0.5,2.709,3.48,20.89,1.727
165.537,3719918.0,132615405568.0,28.569,98.698,34.925,162.192,0.0,0.553,2.502,3.345,21.77,1.511
173.349,3768954.0,147422871552.0,30.419,99.361,40.042,169.822,0.0,0.722,2.502,3.527,23.67,1.443
183.168,3829019.0,158125555712.0,31.861,106.501,41.763,180.125,0.0,0.981,1.751,3.042,24.64,0.956
181.354,3894256.0,168846213120.0,30.63,103.802,42.868,177.301,0.0,1.133,2.662,4.053,24.84,1.468
176.855,3958706.0,177045291008.0,29.651,101.324,42.554,173.529,0.0,1.317,1.734,3.326,24.86,0.981
180.362,4031961.0,191105269760.0,27.702,106.124,42.484,176.311,0.0,1.888,1.815,4.051,25.22,1.007
188.174,4121220.0,204428607488.0,30.785,111.535,40.438,182.757,0.0,3.184,1.808,5.417,25.62,0.961
194.294,4234809.0,218886733824.0,27.772,113.515,45.904,187.192,0.0,4.616,2.061,7.103,27.11,1.061
197.324,4359841.0,229784272896.0,27.121,112.171,49.835,189.127,0.0,5.539,1.885,8.198,28.37,0.955
196.379,4452393.0,222239932416.0,26.54,106.853,52.207,185.6,0.0,6.773,2.721,10.779,29.92,1.386
176.612,4499797.0,214513696768.0,23.202,91.394,49.555,164.151,0.001,8.255,2.518,12.46,27.97,1.426
178.3,4524581.0,221367779328.0,23.097,88.998,54.673,166.767,0.001,7.814,1.663,11.533,28.16,0.933
170.262,4544504.0,223963938816.0,22.667,83.329,48.09,154.086,0.001,12.086,1.95,16.176,27.16,1.145
167.469,4564550.0,221943971840.0,26.295,78.681,46.903,151.88,0.002,10.998,2.2,15.589,27.13,1.314
164.997,4588830.0,225008336896.0,23.795,79.803,44.672,148.27,0.002,12.38,1.634,16.727,25.57,0.99
164.553,4622165.0,244831715328.0,23.388,78.995,43.283,145.665,0.003,13.927,1.92,18.888,25.81,1.167
173.913,4665764.0,254793482240.0,25.505,81.824,43.764,151.093,0.004,17.704,2.172,22.82,28.1,1.249
181.641,4715791.0,268695470080.0,24.504,86.162,49.207,159.873,0.016,16.456,1.823,21.769,30.23,1.004
182.408,4771860.0,290581577728.0,20.864,85.463,50.189,156.516,0.031,19.811,1.841,25.892,30.66,1.009
186.485,4834506.0,314321666048.0,16.405,88.726,52.105,157.237,0.058,22.858,1.836,29.248,30.9,0.985
187.375,4896021.0,,11.741,88.716,53.159,153.616,0.104,26.411,2.337,33.759,30.72,1.247
176.231,4946123.0,,10.059,75.178,53.081,138.318,0.162,30.332,2.449,37.912,31.97,1.39
179.475,4986525.0,,13.722,81.763,50.964,146.449,0.243,25.58,1.961,33.026,31.6,1.093
189.68,5023108.0,,11.806,87.688,52.0,151.494,0.353,29.591,1.842,38.186,33.61,0.971
,359278.0,,,,,,,,,,,
,364057.0,,,,,,,,,,,
,368972.0,,,,,,,,,,,
,374026.0,,,,,,,,,,,
,379148.0,,,,,,,,,,,
,384341.0,,,,,,,,,,,
,389605.0,,,,,,,,,,,
,394940.0,,,,,,,,,,,
,400349.0,,,,,,,,,,,
,405451.0,,,,,,,,,,,
,410239.0,,,,,,,,,,,
,414705.0,,,,,,,,,,,
,418840.0,,,,,,,,,,,
,422638.0,,,,,,,,,,,
,426470.0,,,,,,,,,,,
,430337.0,,,,,,,,,,,
,434239.0,,,,,,,,,,,
,438176.0,,,,,,,,,,,
,442229.0,,,,,,,,,,,
,447821.0,,,,,,,,,,,
,455007.0,,,,,,,,,,,
,463840.0,,,,,,,,,,,
,474377.0,,,,,,,,,,,
,486676.0,,,,,,,,,,,
,499294.0,,,,,,,,,,,
,512239.0,,,,,,,,,,,
,525520.0,,,,,,,,,,,
,539144.0,,,,,,,,,,,
,553123.0,,,,,,,,,,,
,569352.0,,,,,,,,,,,
,587972.0,,,,,,,,,,,
,609126.0,,,,,,,,,,,
,632966.0,,,,,,,,,,,
,659653.0,,,,,,,,,,,
,687466.0,,,,,,,,,,,
,716451.0,,,,,,,,,,,
,746658.0,,,,,,,,,,,
,778139.0,,,,,,,,,,,
,810947.0,,,,,,,,,,,
,844322.0,,,,,,,,,,,
,878256.0,,,,,,,,,,,
,912743.0,,,,,,,,,,,
,947772.0,,,,,,,,,,,
,983331.0,,,,,,,,,,,
,1020225.0,,,,,,,,,,,
,1058503.0,,,,,,,,,,,
,1098217.0,,,,,,,,,,,
,1139421.0,,,,,,,,,,,
,1182170.0,,,,,,,,,,,
,1230283.0,,,,,,,,,,,
,1284166.0,5774728192.0,,,,,,,,,,
,1337637.0,7502139904.0,,,,,,,,,,
,1393191.0,7825772544.0,,,,,,,,,,
,1450460.0,7732000768.0,,,,,,,,,,
,1507415.0,9205237760.0,,,,,,,,,,
,1564966.0,10453217280.0,,,,,,,,,,
,1625677.0,11383412736.0,,,,,,,,,,
,1688686.0,12372224000.0,,,,,,,,,,
,1754789.0,13262256128.0,,,,,,,,,,
,1825849.0,14935422976.0,,,,,,,,,,
,1902260.0,15917731840.0,,,,,,,,,,
,1983320.0,17656586240.0,,,,,,,,,,
,2069094.0,19402350592.0,,,,,,,,,,
,2160430.0,21455390720.0,,,,,,,,,,
,2257904.0,23558017024.0,,,,,,,,,,
41.013,2361090.0,25774104576.0,,40.277,0.736,,,,,,,
42.65,2467859.0,26059960320.0,,41.695,0.955,,,,,,,
51.743,2575798.0,26714976256.0,,50.674,1.069,,,,,,,
52.673,2684855.0,30793713664.0,,51.301,1.372,,,,,,,
59.532,2795473.0,34677899264.0,,58.122,1.41,,,,,,,
63.549,2907314.0,37492043776.0,,62.261,1.289,,,,,,,
72.115,3018592.0,41612218368.0,,70.909,1.206,,,,0.0,0.0,,
68.315,3120955.0,46772752384.0,,67.122,1.192,,,,0.0,0.0,,
72.821,3214277.0,49156997120.0,,72.304,0.518,,,,0.0,0.0,,
73.13,3303723.0,52506460160.0,,72.497,0.633,,,,0.0,0.0,,
75.146,3388093.0,54258216960.0,,74.568,0.578,,,,0.0,0.0,,
77.041,3468125.0,54959611904.0,,76.485,0.557,,,,0.0,0.0,,
80.898,3541379.0,54959325184.0,,80.344,0.553,,,,0.0,0.0,,
88.331,3608739.0,57612681216.0,,87.787,0.544,,,,0.0,0.0,,
91.254,3675787.0,61235978240.0,,90.867,0.388,,,,0.0,0.0,,
92.577,3744612.0,65435676672.0,0.012,92.547,0.018,92.577,,,0.0,0.0,,0.0
94.156,3816754.0,68815618048.0,0.012,94.119,0.02,94.15,,,0.006,0.006,,0.006
101.747,3892841.0,70049636352.0,6.455,94.852,0.435,101.741,,,0.006,0.006,,0.006
101.812,3979099.0,72521859072.0,12.165,89.029,0.616,101.809,,,0.003,0.003,,0.003
105.946,4077001.0,73171255296.0,19.69,85.713,0.538,105.94,,,0.006,0.006,,0.006
98.257,4182689.0,75693883392.0,21.481,76.265,0.506,98.251,,,0.006,0.006,15.431,0.006
103.356,4295413.0,79316328448.0,23.853,79.106,0.379,103.339,,,0.018,0.018,16.034,0.017
110.838,4412035.0,85032771584.0,25.4,84.977,0.432,110.809,,,0.03,0.03,17.677,0.027
118.794,4535402.0,86737059840.0,24.342,94.026,0.397,118.764,,,0.03,0.03,19.353,0.025
124.279,4666781.0,87503233024.0,26.295,97.61,0.364,124.27,,,0.009,0.009,20.453,0.007
129.138,4803255.0,93268262912.0,27.565,101.249,0.315,129.129,0.0,0.0,0.009,0.009,20.898,0.007
131.28,4942821.0,97249247232.0,29.848,101.152,0.262,131.262,0.0,0.0,0.018,0.018,21.514,0.014
153.199,5079388.0,103872339968.0,36.737,116.151,0.224,153.113,0.0,0.0,0.086,0.086,24.686,0.056
166.368,5213005.0,107432747008.0,41.507,124.561,0.223,166.291,0.0,0.0,0.077,0.077,26.0,0.046
173.571,5346294.0,114590285824.0,43.992,129.304,0.206,173.503,0.0,0.0,0.068,0.068,28.316,0.039
195.21,5478738.0,125242884096.0,48.019,146.877,0.24,195.137,0.0,0.0,0.074,0.074,30.437,0.038
202.298,5612491.0,132362215424.0,58.213,143.863,0.151,202.227,0.0,0.0,0.071,0.071,32.569,0.035
221.214,5743280.0,137269043200.0,63.302,157.658,0.18,221.141,0.0,0.0,0.074,0.074,35.111,0.033
232.795,5869504.0,142513438720.0,67.954,164.654,0.113,232.721,0.0,0.0,0.074,0.074,37.976,0.032
241.273,5994091.0,147072876544.0,66.741,174.332,0.102,241.175,0.0,0.0,0.098,0.098,39.228,0.04
227.372,6116955.0,159558369280.0,72.745,154.444,0.092,227.28,0.0,0.0,0.092,0.092,40.1,0.04
227.213,6237984.0,159187451904.0,83.969,143.09,0.096,227.155,0.0,0.029,0.029,0.059,41.32,0.013
231.783,6356697.0,158357520384.0,88.76,142.726,0.086,231.573,0.0,0.032,0.061,0.211,42.77,0.026
238.837,6475917.0,159601999872.0,91.988,146.526,0.078,238.592,0.0,0.035,0.09,0.245,44.22,0.038
243.589,6595990.0,167111835648.0,92.874,139.086,11.394,243.354,0.0,0.032,0.081,0.236,44.45,0.033
244.788,6714119.0,173480329216.0,92.337,136.454,15.703,244.494,0.0,0.031,0.08,0.293,45.69,0.033
246.153,6832082.0,182781509632.0,91.287,132.768,21.927,245.982,0.0,0.028,0.043,0.171,47.52,0.017
255.315,6952007.0,193502150656.0,93.36,135.563,26.235,255.159,0.0,0.028,0.04,0.157,50.56,0.016
262.745,7074530.0,198668206080.0,91.87,134.592,36.098,262.56,0.0,0.025,0.045,0.185,53.38,0.017
255.308,7199704.0,200768798720.0,89.966,124.927,40.023,254.916,0.067,0.025,0.067,0.392,54.74,0.026
265.509,7328439.0,211431161856.0,89.92,123.848,51.13,264.898,0.194,0.022,0.086,0.61,58.55,0.032
270.48,7459750.0,221407084544.0,92.252,129.74,47.492,269.484,0.53,0.019,0.08,0.995,59.6,0.03
282.94,7592099.0,226681126912.0,102.469,154.567,24.416,281.452,1.012,0.016,0.09,1.488,63.01,0.032
267.764,7726675.0,236605734912.0,82.442,117.322,66.355,266.119,1.322,0.016,0.075,1.645,61.34,0.028
261.285,7863849.0,244088406016.0,76.612,109.441,72.483,258.536,2.277,0.112,0.034,2.749,60.86,0.013
275.679,8007777.0,250204356608.0,75.027,116.403,80.526,271.956,3.275,0.018,0.066,3.723,64.24,0.024
281.284,8159015.0,260228481024.0,64.121,119.49,92.494,276.106,4.378,0.085,0.068,5.178,67.03,0.024
286.979,8309256.0,269531643904.0,58.193,124.574,98.938,281.705,4.372,0.094,0.066,5.275,67.6,0.023
291.692,8456487.0,278806233088.0,54.781,125.858,105.229,285.869,4.836,0.12,0.061,5.823,68.87,0.021
302.013,8607922.0,,57.899,127.13,107.719,292.748,8.21,0.127,0.058,9.265,71.72,0.019
285.44,8757487.0,,50.47,109.861,112.985,273.316,10.933,0.156,0.063,12.124,71.61,0.022
290.038,8900057.0,,43.971,114.398,116.595,274.963,14.001,0.09,0.062,15.075,73.08,0.021
304.076,9038313.0,,43.437,128.11,112.869,284.416,18.494,0.09,0.061,19.66,76.477,0.02
,33332371.0,109905412096.0,,,,,,,,,,
,33571430.0,112370008064.0,,,,,,,,,,
,33827207.0,115173588992.0,,,,,,,,,,
,34099919.0,117151268864.0,,,,,,,,,,
,34374827.0,120148615168.0,,,,,,,,,,
,34651950.0,123658854400.0,,,,,,,,,,
,34931305.0,128904642560.0,,,,,,,,,,
,35212911.0,132267302912.0,,,,,,,,,,
,35496784.0,136236703744.0,,,,,,,,,,
,35739219.0,138550935552.0,,,,,,,,,,
,35939804.0,140034195456.0,,,,,,,,,,
,36098124.0,142868791296.0,,,,,,,,,,
,36213760.0,143956246528.0,,,,,,,,,,
,36286291.0,151115137024.0,,,,,,,,,,
,36358965.0,143912206336.0,,,,,,,,,,
,36431783.0,138330439680.0,,,,,,,,,,
,36504744.0,150355771392.0,,,,,,,,,,
,36577850.0,150214852608.0,,,,,,,,,,
,36659635.0,144677126144.0,,,,,,,,,,
,36789373.0,137862250496.0,,,,,,,,,,
,36967588.0,141701021696.0,,,,,,,,,,
,37194808.0,137949052928.0,,,,,,,,,,
,37471567.0,149601812480.0,,,,,,,,,,
,37798403.0,163378085888.0,,,,,,,,,,
,38128090.0,167814447104.0,,,,,,,,,,
,38460652.0,179375702016.0,,,,,,,,,,
,38796116.0,180761149440.0,,,,,,,,,,
,39134505.0,177482989568.0,,,,,,,,,,
,39475845.0,188592898048.0,,,,,,,,,,
,39817412.0,197852938240.0,,,,,,,,,,
,40159184.0,188903129088.0,,,,,,,,,,
,40501139.0,186657013760.0,,,,,,,,,,
,40843255.0,190665457664.0,,,,,,,,,,
,41185511.0,188473049088.0,,,,,,,,,,
,41530635.0,187987345408.0,,,,,,,,,,
,41878651.0,198143426560.0,,,,,,,,,,
,42229584.0,191135252480.0,,,,,,,,,,
,42583457.0,210128764928.0,,,,,,,,,,
,42940295.0,216270045184.0,,,,,,,,,,
,43279914.0,230115786752.0,,,,,,,,,,
,43602046.0,226094759936.0,,,,,,,,,,
,43906421.0,222193778688.0,,,,,,,,,,
,44192767.0,209763647488.0,,,,,,,,,,
,44460808.0,177590779904.0,,,,,,,,,,
,44730474.0,143206973440.0,,,,,,,,,,
,45001776.0,128646299648.0,,,,,,,,,,
,45274723.0,173983629312.0,,,,,,,,,,
,45549326.0,207087927296.0,,,,,,,,,,
,45825595.0,223278137344.0,,,,,,,,,,
,46106450.0,242450808832.0,,,,,,,,,,
,46391944.0,262940114944.0,,,,,,,,,,
,46750764.0,282516455424.0,,,,,,,,,,
,47016488.0,303680094208.0,,,,,,,,,,
,47412148.0,325628035072.0,,,,,,,,,,
,47833768.0,342536519680.0,,,,,,,,,,
,48130728.0,362461757440.0,,,,,,,,,,
,48403440.0,378893139968.0,,,,,,,,,,
,48660256.0,401226760192.0,,,,,,,,,,
,48930472.0,422722928640.0,,,,,,,,,,
,49224672.0,449036156928.0,,,,,,,,,,
,49517708.0,473363382272.0,,,,,,,,,,
,49812724.0,513214676992.0,,,,,,,,,,
,50162244.0,553275686912.0,,,,,,,,,,
,50555128.0,592671539200.0,,,,,,,,,,
,50997780.0,615796768768.0,,,,,,,,,,
928.462,51452860.0,629615755264.0,100.32,610.738,73.747,784.806,0.0,0.0,126.068,133.697,,13.578
1008.304,51882568.0,662465740800.0,104.344,673.435,80.521,858.3,0.0,0.0,129.28,139.043,,12.821
1091.974,52294440.0,709741838336.0,114.346,745.365,87.953,947.664,0.0,0.0,125.199,135.366,,11.465
1179.984,52661072.0,768994508800.0,110.741,821.854,103.293,1035.889,0.0,0.0,126.195,136.786,,10.695
1270.033,53001508.0,812977618944.0,113.672,905.27,113.412,1132.354,0.0,0.0,121.727,132.915,,9.585
1402.124,53324036.0,831317737472.0,114.788,1024.059,122.352,1261.199,0.0,0.0,119.383,131.913,,8.514
1476.256,53636100.0,846968258560.0,110.892,1101.371,126.397,1338.66,0.0,0.0,115.556,128.047,,7.828
1548.182,53995428.0,871751811072.0,103.193,1156.252,144.946,1404.391,0.0,0.0,122.266,133.503,,7.897
1615.823,54379588.0,928806469632.0,104.705,1217.019,162.833,1484.557,0.0,0.0,110.955,122.349,,6.867
1615.333,54750684.0,972368773120.0,114.021,1184.078,183.135,1481.234,0.0,0.0,111.759,124.424,,6.919
1581.353,55093992.0,951557554176.0,114.323,1112.074,211.032,1437.428,0.0,0.0,121.299,133.142,,7.671
1668.908,55388904.0,1013301903360.0,113.358,1162.111,255.521,1530.989,0.0,0.0,115.843,127.117,,6.941
1674.358,55649672.0,1042645909504.0,111.474,1130.089,260.953,1502.516,0.0,0.0,151.217,162.237,,9.031
1715.524,55877016.0,1081497944064.0,113.392,1186.676,257.094,1557.162,0.0,0.0,134.516,145.797,,7.841
1769.165,56070680.0,1142855303168.0,124.441,1225.945,264.134,1614.52,0.0,0.0,135.865,147.188,,7.68
1723.793,56329480.0,1183161647104.0,146.003,1163.881,262.164,1572.048,0.0,0.0,133.786,145.479,,7.761
1687.626,56532908.0,1188868915200.0,149.632,1138.735,254.199,1542.565,0.0,0.0,127.251,137.38,,7.54
1654.092,56585840.0,1194202234880.0,167.298,1081.306,253.313,1501.917,0.0,0.0,122.6,132.869,,7.412
1619.34,56607516.0,1208770101248.0,156.586,1053.436,260.487,1470.51,0.0,0.0,122.552,132.421,,7.568
1644.551,56620236.0,1239849238528.0,177.59,1005.088,306.875,1489.553,0.0,0.0,125.379,135.455,,7.624
1636.66,56636468.0,1274693681152.0,175.334,999.884,311.901,1487.119,0.0,0.0,121.509,129.611,185.74,7.424
1681.007,56639056.0,1310891966464.0,172.345,1023.836,329.776,1525.958,0.0,0.0,121.52,130.198,192.33,7.229
1731.074,56644528.0,1351528480768.0,171.077,1067.589,365.805,1604.471,0.0,0.0,116.816,126.109,201.372,6.748
1773.739,56670880.0,1403769978880.0,160.354,1086.691,396.848,1643.894,0.0,0.0,120.278,129.844,203.561,6.781
1824.944,56711524.0,1444197040128.0,167.309,1118.121,429.279,1714.709,0.006,0.006,100.706,110.235,210.75,5.518
1854.886,56756560.0,1475485237248.0,170.259,1127.532,454.26,1752.051,0.012,0.006,93.518,102.835,213.15,5.042
1913.132,56794488.0,1508723261440.0,161.724,1134.522,482.582,1778.829,0.015,0.009,124.9,134.304,218.43,6.529
1905.329,56833184.0,1531922481152.0,141.861,1150.392,478.134,1770.387,0.027,0.006,124.785,134.942,222.37,6.549
1865.054,56869456.0,1529549684736.0,124.07,1119.796,487.875,1731.741,0.033,0.011,122.493,133.313,219.39,6.568
1860.836,56883820.0,1573413584896.0,131.003,1116.12,471.443,1718.565,0.033,0.02,132.053,142.271,228.45,7.096
1936.397,56885124.0,1630198169600.0,140.907,1153.954,519.306,1814.167,0.038,0.026,111.721,122.231,237.0,5.77
1935.798,56898972.0,1662791450624.0,129.658,1134.068,535.757,1799.482,0.041,0.094,124.303,136.316,239.05,6.421
1969.284,56925808.0,1705185902592.0,131.551,1145.138,556.298,1832.987,0.044,0.349,123.02,136.297,245.81,6.247
2014.581,56938736.0,1744897703936.0,136.562,1141.959,598.945,1877.466,0.047,0.686,121.887,137.116,252.93,6.05
2071.383,56945064.0,1784528371712.0,136.379,1132.526,651.001,1919.906,0.05,1.192,134.144,151.477,258.6,6.476
2099.285,56966400.0,1863750516736.0,145.58,1124.703,678.785,1949.068,0.053,1.665,130.699,150.217,269.15,6.226
2097.537,56994992.0,1910079750144.0,154.697,1102.603,680.646,1937.946,0.056,3.464,137.521,159.591,271.08,6.556
2083.352,57107576.0,1928259829760.0,159.678,1106.428,676.029,1942.135,0.061,4.098,115.349,141.217,276.76,5.537
2149.784,57425176.0,1944748163072.0,172.299,1095.877,745.332,2013.508,0.07,4.228,106.348,136.277,285.38,4.947
2197.52,57860664.0,1989364940800.0,193.013,1072.42,773.418,2038.851,0.084,5.322,122.003,158.669,294.83,5.552
2200.25,58199876.0,2022361923584.0,191.534,1039.467,827.695,2058.696,0.089,6.709,103.275,141.554,295.72,4.694
2190.067,58429904.0,2077408362496.0,193.911,1038.177,810.588,2042.676,0.1,8.454,105.263,147.391,306.67,4.806
2148.299,58778480.0,2122822582272.0,189.848,1005.712,814.561,2010.122,0.11,11.407,92.788,138.178,307.21,4.319
2111.905,59224228.0,2115287121920.0,183.701,946.612,808.515,1938.828,0.542,13.66,116.963,173.077,312.5,5.538
1971.705,59562844.0,2013344956416.0,143.823,875.992,743.176,1762.991,1.891,18.273,137.228,208.715,287.58,6.96
2036.733,59822452.0,2061694140416.0,159.028,853.391,791.499,1803.918,5.289,25.33,141.879,232.815,297.91,6.966
1997.912,60025952.0,2088117207040.0,178.27,828.881,742.161,1749.311,29.782,27.19,126.41,248.601,299.74,6.327
1943.877,60190152.0,2029244776448.0,182.733,772.214,713.566,1668.513,51.718,36.761,114.819,275.365,296.48,5.907
1858.6,60312600.0,1994213294080.0,157.403,706.48,667.404,1531.288,58.838,40.601,143.831,327.312,287.07,7.739
1762.32,60322792.0,1996478611456.0,153.447,671.279,589.716,1414.442,60.43,41.119,158.604,347.878,277.44,9.0
1814.766,60232908.0,2012113928192.0,143.395,710.444,643.154,1496.994,61.783,39.974,122.631,317.772,280.95,6.757
1821.932,60118628.0,2026955079680.0,127.732,704.79,675.458,1507.98,59.174,47.353,113.592,313.951,287.2,6.235
1843.121,60004024.0,2060761825280.0,111.904,713.695,715.788,1541.387,64.876,47.216,96.335,301.734,293.33,5.227
1853.64,59877432.0,2077209133056.0,102.567,730.328,692.141,1525.036,59.936,46.873,129.177,328.604,287.39,6.969
1819.556,59727936.0,,77.534,709.052,707.906,1494.493,62.443,53.252,122.194,325.063,291.35,6.716
1651.962,59500576.0,,59.253,585.492,676.252,1320.996,65.504,49.273,125.1,330.966,278.07,7.573
1760.804,59240336.0,,65.182,652.068,723.737,1440.987,65.519,54.76,118.766,319.817,286.39,6.745
1706.785,59037472.0,,84.773,686.015,652.692,1423.48,71.749,53.87,73.416,283.305,278.86,4.301
34.011,2135548.0,11088294912.0,,,,,,,,,,
29.509,2166671.0,11382174720.0,,,,,,,,,,
25.147,2199604.0,11535212544.0,,,,,,,,,,
26.464,2232789.0,11802647552.0,,,,,,,,,,
22.524,2264104.0,11703298048.0,,,,,,,,,,
19.913,2292036.0,11161991168.0,,,,,,,,,,
19.781,2315874.0,11346420736.0,,,,,,,,,,
21.74,2336242.0,12223987712.0,,,,,,,,,,
24.555,2354813.0,12576229376.0,,,,,,,,,,
28.556,2373368.0,13436047360.0,,,,,,,,,,
29.885,2392035.0,14169709568.0,,,,,,,,,,
31.194,2411869.0,14561161216.0,,,,,,,,,,
33.741,2434580.0,15185282048.0,,,,,,,,,,
34.251,2459064.0,15692845056.0,,,,,,,,,,
35.318,2484186.0,16160345088.0,,,,,,,,,,
39.372,2509369.0,16727488512.0,,,,,,,,,,
40.578,2532895.0,16930953216.0,,,,,,,,,,
42.375,2554952.0,16826990592.0,,,,,,,,,,
43.329,2576569.0,16799006720.0,,,,,,,,,,
44.371,2596276.0,17139270656.0,,,,,,,,,,
43.211,2612203.0,17441458176.0,,,,,,,,,6.22,
43.844,2625410.0,17823879168.0,,,,,,,,,6.26,
43.649,2638248.0,18032736256.0,,,,,,,,,6.53,
45.49,2651034.0,18718085120.0,,,,,,,,,6.73,
44.501,2664027.0,18987051008.0,,,,,,,,,6.79,
45.887,2676868.0,19174920192.0,,,,,,,,,6.99,
52.42,2689658.0,19747219456.0,,,,,,,,,7.03,
53.391,2701222.0,20046346240.0,,,,,,,,,5.61,
45.405,2711378.0,19893166080.0,,,,,,,,,4.0,
35.698,2722405.0,19223476224.0,,,,,,,,,4.06,
32.796,2733904.0,18949013504.0,,,,,,,,,3.96,
34.745,2746169.0,19220332544.0,,,,,,,,,4.01,
32.559,2759819.0,18945521664.0,,,,,,,,,3.93,
35.42,2773134.0,18817073152.0,,,,,,,,,3.93,
34.901,2784542.0,18759622656.0,,,,,,,,,3.91,
35.998,2794455.0,18792005632.0,,,,,,,,,3.91,
37.267,2802699.0,18942029824.0,,,,,,,,,4.13,
33.539,2808388.0,19072161792.0,,,,,,,,,4.1,
34.684,2811842.0,19431862272.0,,,,,,,,,4.17,
43.296,2813776.0,,,,,,,,,,4.25,
34.124,2820438.0,,,,,,,,,,4.07,
34.599,2827701.0,,,,,,,,,,4.35,
,44416502.0,93641719808.0,,,,,,,,,,
,44903535.0,96537575424.0,,,,,,,,,,
,45413962.0,91087773696.0,,,,,,,,,,
,45948233.0,101027676160.0,,,,,,,,,,
,46488789.0,101057249280.0,,,,,,,,,,
,47035703.0,98867773440.0,,,,,,,,,,
,47589051.0,109990608896.0,,,,,,,,,,
,48148908.0,112465895424.0,,,,,,,,,,
,48715351.0,113744846848.0,,,,,,,,,,
,49292444.0,114021212160.0,,,,,,,,,,
,49880362.0,114732015616.0,,,,,,,,,,
,50479280.0,120504688640.0,,,,,,,,,,
,51089380.0,123262418944.0,,,,,,,,,,
,51710843.0,125595254784.0,,,,,,,,,,
,52339865.0,123539496960.0,,,,,,,,,,
,52976538.0,133450932224.0,,,,,,,,,,
,53620954.0,152258084864.0,,,,,,,,,,
,54273209.0,160078839808.0,,,,,,,,,,
,54927094.0,163202859008.0,,,,,,,,,,
,55611871.0,177876287488.0,,,,,,,,,,
,56328237.0,166000623616.0,,,,,,,,,,
,57076902.0,183273455616.0,,,,,,,,,,
,57858589.0,185576275968.0,,,,,,,,,,
,58674033.0,187921547264.0,,,,,,,,,,
,59500970.0,194623733760.0,,,,,,,,,,
,60339562.0,203229184000.0,,,,,,,,,,
,61189973.0,203158044672.0,,,,,,,,,,
,62052369.0,205599588352.0,,,,,,,,,,
,62926919.0,221638213632.0,,,,,,,,,,
,63798063.0,231794737152.0,,,,,,,,,,
,64665549.0,214059745280.0,,,,,,,,,,
,65529121.0,216533467136.0,,,,,,,,,,
,66388515.0,233600040960.0,,,,,,,,,,
,67243463.0,254404919296.0,,,,,,,,,,
,68109421.0,255724781568.0,,,,,,,,,,
,68986531.0,264856322048.0,,,,,,,,,,
,69874936.0,279669735424.0,,,,,,,,,,
,70774782.0,290452307968.0,,,,,,,,,,
,71686216.0,305977491456.0,,,,,,,,,,
,72625078.0,347620933632.0,,,,,,,,,,
,73591941.0,356253958144.0,,,,,,,,,,
,74587386.0,369006706688.0,,,,,,,,,,
,75612006.0,370533728256.0,,,,,,,,,,
,76666406.0,366773534720.0,,,,,,,,,,
,77735509.0,371697745920.0,,,,,,,,,,
,78819521.0,280326733824.0,,,,,,,,,,
,79918650.0,213946990592.0,,,,,,,,,,
,81033105.0,211776700416.0,,,,,,,,,,
,82163102.0,229021270016.0,,,,,,,,,,
,83270008.0,234992009216.0,,,,,,,,,,
,84353056.0,256610910208.0,,,,,,,,,,
,85683472.0,288620281856.0,,,,,,,,,,
,86921760.0,321973420032.0,,,,,,,,,,
,88057136.0,345711968256.0,,,,,,,,,,
,89093016.0,365311033344.0,,,,,,,,,,
,90090280.0,396713132032.0,,,,,,,,,,
,91021560.0,426510417920.0,,,,,,,,,,
,91837664.0,457723478016.0,,,,,,,,,,
,92671296.0,484394336256.0,,,,,,,,,,
,93575984.0,528525033472.0,,,,,,,,,,
,94464840.0,597858254848.0,,,,,,,,,,
,95355464.0,669824909312.0,,,,,,,,,,
,96267888.0,729663012864.0,,,,,,,,,,
,97246712.0,791534436352.0,,,,,,,,,,
,98319344.0,883860307968.0,,,,,,,,,,
1823.564,99468752.0,935329857536.0,566.523,1013.77,18.261,1598.555,0.0,0.0,224.938,224.938,,12.335
2013.865,100466904.0,1034825498624.0,603.773,1155.059,18.74,1777.571,0.0,0.0,234.637,234.637,,11.651
2305.036,101527856.0,1149408116736.0,663.195,1417.968,19.386,2100.549,0.0,0.0,202.702,202.702,,8.794
2569.702,102819280.0,1297449615360.0,682.455,1645.999,21.095,2349.549,0.0,0.0,217.191,217.191,,8.452
2927.122,104102072.0,1459365609472.0,728.983,1948.935,23.326,2701.243,0.0,0.0,222.809,222.809,,7.612
3271.379,105416840.0,1615677620224.0,702.305,2296.708,35.721,3034.734,0.0,0.0,222.957,223.646,,6.815
3483.683,106789360.0,1691571322880.0,637.666,2535.34,38.302,3211.307,0.0,0.0,248.979,249.647,,7.147
3649.382,108220400.0,1833991405568.0,623.121,2708.699,38.317,3370.138,0.0,0.0,251.64,252.345,,6.895
4048.936,109679472.0,1981290119168.0,658.821,3111.068,53.32,3823.21,0.0,0.0,197.462,198.183,,4.877
4068.269,111100024.0,1957033279488.0,698.346,2995.798,72.873,3767.017,0.0,0.0,244.484,245.357,,6.01
3886.657,112411640.0,2017465073664.0,653.263,2827.113,87.284,3567.659,0.0,0.0,246.631,247.705,,6.346
4028.624,113624872.0,2097612062720.0,638.791,2940.281,104.635,3683.707,0.0,0.0,247.175,248.218,,6.135
4056.803,114761520.0,2189767606272.0,602.657,3019.249,127.785,3749.69,0.0,0.0,215.766,217.28,,5.319
4226.014,115809520.0,2305153040384.0,545.732,3123.159,179.344,3848.236,0.0,0.0,207.128,209.477,,4.901
4393.007,116765512.0,2431613140992.0,582.814,3155.786,212.789,3951.389,0.0,0.0,238.756,241.877,,5.435
4264.411,117624200.0,2500143611904.0,677.06,2837.012,251.809,3765.882,0.0,0.0,261.078,264.175,,6.122
4204.616,118385728.0,2579316867072.0,759.07,2681.806,252.311,3693.186,0.0,0.0,259.014,262.239,,6.16
4043.986,119098144.0,2658129674240.0,723.947,2498.636,258.383,3480.966,0.0,0.0,241.308,272.374,,5.967
4098.569,119793752.0,2719951093760.0,713.582,2498.728,278.063,3490.373,0.0,0.0,249.194,283.894,,6.08
4446.286,120470736.0,2826577117184.0,797.98,2643.381,373.981,3815.343,0.0,0.0,211.771,249.967,,4.763
4481.009,121119024.0,2950873743360.0,832.826,2509.713,400.598,3743.137,0.0,0.0,245.058,285.067,671.953,5.469
4487.236,121710304.0,3036325871616.0,793.076,2534.759,407.618,3735.453,0.0,0.0,238.972,282.544,676.363,5.326
4577.474,122268888.0,3162653589504.0,809.326,2547.061,418.045,3774.433,0.0,0.0,221.144,267.871,719.085,4.831
4867.985,122798304.0,3358737825792.0,874.772,2738.848,443.39,4057.01,0.0,0.0,266.99,317.54,753.728,5.485
5035.362,123270648.0,3520997621760.0,876.164,2846.183,460.56,4182.906,0.0,0.0,271.277,325.205,799.769,5.387
5218.65,123686320.0,3699821510656.0,907.69,2963.163,503.159,4374.012,0.003,0.0,256.948,292.539,881.5,4.924
5336.243,124073992.0,3824698523648.0,900.481,2995.825,532.015,4428.32,0.003,0.0,279.187,315.752,911.303,5.232
5391.939,124444696.0,3855720120320.0,885.255,3063.816,553.108,4502.179,0.031,0.0,236.695,273.92,916.787,4.39
5473.17,124779576.0,3861077295104.0,902.805,3000.457,556.939,4460.201,0.067,0.003,273.758,310.116,926.103,5.002
5677.982,125119264.0,3898677133312.0,945.326,3171.631,595.615,4712.571,0.086,0.003,190.613,232.629,984.493,3.357
5968.173,125433968.0,4003033513984.0,979.856,3290.452,606.176,4876.483,0.117,0.003,232.99,277.64,1010.88,3.904
6083.47,125726224.0,4124648144896.0,1005.582,3314.044,646.772,4966.399,0.161,0.006,228.2,275.744,1029.857,3.751
6200.573,126027984.0,4166540853248.0,1032.946,3277.962,671.348,4982.256,0.285,0.003,255.602,307.03,1054.864,4.122
6076.8,126308392.0,4117006909440.0,984.719,3161.263,691.639,4837.621,0.424,0.021,263.406,314.224,1059.663,4.335
6176.304,126555064.0,4104026587136.0,1035.977,3213.81,726.419,4976.206,0.645,0.108,247.772,299.939,1079.142,4.012
6242.476,126803864.0,4215551819776.0,1110.603,3168.357,756.65,5035.611,1.017,0.322,249.771,301.353,988.4,4.001
6183.373,127065736.0,4230083772416.0,1137.155,3073.678,777.284,4988.117,1.468,0.74,239.538,291.63,970.17,3.874
6192.44,127301744.0,4232499429376.0,1207.908,3052.657,760.46,5021.025,2.027,1.205,235.258,291.208,986.56,3.799
6170.211,127502352.0,4294503825408.0,1241.259,3124.677,834.982,5200.919,2.767,2.413,268.18,328.998,975.95,4.346
6241.509,127671288.0,4386537340928.0,1274.103,3042.727,806.041,5122.87,3.664,4.15,264.152,328.158,1004.65,4.232
6263.036,127798376.0,4456733736960.0,1334.814,2995.735,827.28,5157.83,4.668,5.469,222.091,300.02,1015.16,3.546
6248.704,127902168.0,4517298438144.0,1312.142,2888.42,885.503,5086.065,5.678,6.075,252.692,331.792,1032.38,4.044
6181.806,128006424.0,4589238091776.0,1377.404,2798.975,953.901,5130.279,6.539,7.748,210.685,294.473,1073.51,3.408
6073.238,128077632.0,4536234147840.0,1414.781,2695.132,990.995,5100.908,7.289,8.276,211.216,293.497,1005.92,3.478
5541.613,128117040.0,4287889670144.0,1186.947,2415.507,924.78,4527.235,8.505,9.571,196.792,278.349,977.19,3.551
5907.574,128105432.0,4464955621376.0,1352.734,2438.675,999.367,4790.777,11.051,10.896,245.646,338.129,1082.17,4.158
5595.579,128007256.0,4456991162368.0,1282.65,2438.134,1120.252,4841.036,15.005,12.301,227.552,323.242,1046.98,4.067
5552.538,127853688.0,4523675353088.0,1354.199,2602.73,1232.151,5189.08,20.213,12.962,211.403,316.12,1046.6,3.807
5512.085,127678920.0,4614146490368.0,1409.438,2488.522,1235.369,5133.329,35.182,13.99,216.212,340.565,1029.79,3.923
5372.656,127476728.0,4629616132096.0,1385.735,2363.367,1247.521,4996.624,63.794,13.583,221.357,376.032,1028.71,4.12
5296.524,127250936.0,4685428162560.0,1397.981,2268.357,1187.176,4853.515,93.016,14.065,230.963,431.317,1004.81,4.361
5228.627,126993856.0,4732216672256.0,1395.385,2201.723,1164.174,4761.283,115.985,14.297,212.626,421.931,1004.97,4.067
5292.342,126662464.0,4844015321088.0,1415.963,2169.759,1169.865,4755.587,144.353,15.508,211.017,462.508,1008.99,3.987
5264.132,126255872.0,4867010592768.0,1386.597,2099.697,1157.082,4643.376,164.338,17.051,214.586,496.084,1012.06,4.076
5140.941,125791680.0,,1362.594,2033.96,1081.233,4477.786,178.577,17.789,194.114,497.13,992.26,3.776
4762.967,125244760.0,,1270.752,1806.011,1041.275,4118.038,197.326,20.536,203.312,536.562,964.13,4.269
4983.889,124612528.0,,1369.467,1834.926,1036.123,4240.516,241.791,21.587,208.247,589.646,958.53,4.178
4956.198,123951696.0,,1365.525,1835.925,1004.983,4206.433,266.965,21.309,195.23,620.236,966.72,3.939
22.808,2216908.0,15444604928.0,,,,,,,,,,
27.049,2306655.0,16171682816.0,,,,,,,,,,
30.738,2406352.0,17370376192.0,,,,,,,,,,
32.582,2514792.0,17715677184.0,,,,,,,,,,
34.52,2629947.0,19244550144.0,,,,,,,,,,
35.634,2751501.0,19913089024.0,,,,,,,,,,
37.971,2879812.0,21720213504.0,,,,,,,,,,
40.886,3014701.0,22309351424.0,,,,,,,,,,
38.365,3157180.0,22080860160.0,,,,,,,,,,
39.515,3310963.0,19744194560.0,,,,,,,,,,
42.156,3480591.0,19715854336.0,,,,,,,,,,
39.966,3666384.0,20298213376.0,,,,,,,,,,
47.103,3866894.0,23492214784.0,,,,,,,,,,
46.598,4075763.0,24831922176.0,,,,,,,,,,
53.55,4278165.0,26378711040.0,,,,,,,,,,
56.132,4458201.0,28377888768.0,,,,,,,,,,
60.326,4608685.0,29368569856.0,,,,,,,,,,
58.303,4733666.0,30792687616.0,,,,,,,,,,
62.354,4844416.0,32203982848.0,,,,,,,,,,
62.998,4950778.0,33788473344.0,,,,,,,,,,
66.34,5056172.0,35716132864.0,,,,,,,,,6.94,
63.718,5163313.0,38099918848.0,,,,,,,,,7.09,
66.825,5275531.0,40832221184.0,,,,,,,,,7.65,
72.972,5396122.0,43096850432.0,,,,,,,,,7.52,
79.277,5532426.0,47416274944.0,,,,,,,,,8.43,
86.071,5678541.0,52009521152.0,,,,,,,,,9.08,
88.994,6075550.0,57027649536.0,,,,,,,,,10.45,
85.587,6473460.0,62595022848.0,,,,,,,,,12.23,
82.449,6632880.0,68244795392.0,,,,,,,,,13.01,
85.744,6780508.0,73471746048.0,,,,,,,,,13.41,
89.246,6931263.0,77063831552.0,,,,,,,,,13.89,
93.454,7109980.0,81420263424.0,,,,,,,,,13.77,
99.17,7211866.0,85277655040.0,,,,,,,,,15.6,
98.468,7694818.0,89527279616.0,,,,,,,,,16.22,
101.034,8658030.0,94014873600.0,,,,,,,,,17.18,
109.157,9494250.0,97646624768.0,,,,,,,,,17.92,
116.346,9964659.0,100765786112.0,,,,,,,,,18.54,
120.371,10215384.0,102897983488.0,,,,,,,,,19.58,
117.5,10459864.0,104894210048.0,,,,,,,,,19.26,
120.448,10698682.0,,,,,,,,,,19.43,
107.517,10928723.0,,,,,,,,,,20.04,
102.376,11148288.0,,,,,,,,,,21.88,
796.027,15413315.0,182290350080.0,443.498,246.888,90.234,780.62,,,15.407,15.407,81.263,1.936
814.251,15721289.0,184592269312.0,465.968,224.887,109.256,800.111,,,14.14,14.14,85.094,1.737
832.595,16072474.0,183469473792.0,484.157,217.355,114.133,815.645,,,16.949,16.949,88.49,2.036
862.957,16430588.0,198629916672.0,505.021,218.252,119.011,842.284,,,20.674,20.674,88.417,2.396
849.496,16704995.0,197669306368.0,482.017,222.715,122.913,827.645,,,21.562,21.562,89.657,2.538
859.425,16866574.0,194940977152.0,450.307,256.327,131.01,837.644,0.0,0.0,21.781,21.781,87.379,2.534
858.537,16993796.0,174429519872.0,439.575,258.597,137.546,835.717,0.0,0.0,21.29,21.29,85.99,2.48
847.475,17043420.0,166043893760.0,442.82,241.588,141.447,825.856,0.0,0.0,20.303,20.303,83.166,2.396
748.154,16979700.0,151572676608.0,402.126,186.607,135.594,724.328,0.0,0.0,22.559,22.559,77.889,3.015
666.421,16747153.0,133221818368.0,393.372,146.303,98.525,638.201,0.0,0.0,27.142,27.142,66.777,4.073
598.716,16434323.0,122950926336.0,317.69,143.007,113.158,573.856,0.0,0.0,24.635,24.635,66.739,4.115
521.202,16144248.0,124225961984.0,283.743,120.907,94.623,499.274,0.0,0.0,21.678,21.678,58.747,4.159
459.578,15820435.0,127005614080.0,243.586,121.648,74.275,439.508,0.0,0.0,19.217,19.217,52.0,4.182
433.003,15474257.0,125251796992.0,239.855,101.108,73.631,414.593,0.0,0.0,18.159,18.159,49.8,4.194
406.961,15256256.0,129322688512.0,222.084,83.379,83.366,388.829,0.0,0.0,18.132,18.132,47.3,4.456
369.747,15236256.0,142758051840.0,207.464,92.215,47.799,347.478,0.0,0.0,22.269,22.269,51.64,6.023
416.192,15281288.0,162896068608.0,259.348,92.171,40.932,392.451,0.0,0.0,23.741,23.741,55.38,5.704
423.944,15338962.0,179806994432.0,262.751,94.167,41.078,397.997,0.0,0.0,25.947,25.947,58.33,6.12
464.691,15416709.0,197584060416.0,290.113,102.732,46.834,439.678,0.0,0.0,25.012,25.012,63.86,5.383
493.803,15521921.0,217713229824.0,309.252,108.98,52.354,470.586,0.0,0.0,23.217,23.217,66.95,4.702
507.509,15656255.0,240091856896.0,312.671,111.753,60.589,485.014,0.0,0.0,22.495,22.495,67.92,4.432
546.162,15822751.0,267206115328.0,329.564,127.972,66.522,524.058,0.0,0.0,22.103,22.103,71.66,4.047
605.149,16006138.0,292533534720.0,362.144,138.733,81.166,582.043,0.0,0.0,23.106,23.106,76.62,3.818
638.147,16196521.0,303795863552.0,392.951,138.676,85.558,617.184,0.0,0.0,20.963,20.963,80.35,3.285
572.664,16402365.0,309091467264.0,359.793,112.726,80.934,553.453,0.0,0.0,19.211,19.211,78.73,3.355
614.388,16627839.0,333426884608.0,388.256,116.298,87.568,592.122,0.0,0.0,22.266,22.266,82.65,3.624
697.246,16864920.0,360338718720.0,422.64,154.122,98.737,675.498,0.0,0.0,21.747,21.748,86.58,3.119
733.17,17102868.0,378347749376.0,440.265,164.62,107.336,712.221,0.0,0.007,20.941,20.948,90.62,2.856
736.464,17345734.0,401054334976.0,435.881,167.673,111.826,715.38,0.002,0.012,21.07,21.084,92.61,2.861
773.146,17592296.0,418303442944.0,430.719,171.707,148.296,750.722,0.003,0.036,22.385,22.424,94.64,2.895
642.193,17835908.0,423317831680.0,318.006,160.719,138.026,616.751,0.124,0.355,24.962,25.442,91.65,3.887
721.457,18078558.0,427912429568.0,371.23,167.994,150.145,689.369,0.237,0.736,31.109,32.088,94.63,4.312
776.676,18314822.0,445456809984.0,407.12,171.309,167.256,745.685,0.247,0.904,29.834,30.991,103.12,3.841
803.081,18538100.0,463720546304.0,423.422,184.097,166.708,774.227,0.374,1.019,27.453,28.854,107.27,3.418
814.015,18754260.0,,400.92,186.801,197.041,784.761,1.031,1.864,26.343,29.254,106.48,3.236
751.4,18979250.0,,379.287,164.21,176.562,720.058,3.25,2.702,25.369,31.341,108.64,3.376
814.746,19196468.0,,389.989,175.653,216.167,781.809,4.263,4.57,24.096,32.937,114.35,2.957
867.129,19397998.0,,398.668,216.296,217.139,832.103,4.42,6.598,24.003,35.026,112.78,2.768
29.387,16187124.0,27353659392.0,,,,,,,,,,
29.528,16785966.0,27977959424.0,,,,,,,,,,
29.516,17411500.0,29668751360.0,,,,,,,,,,
28.945,18069468.0,29852176384.0,,,,,,,,,,
28.655,18753178.0,30366042112.0,,,,,,,,,,
30.147,19452160.0,31697426432.0,,,,,,,,,,
31.651,20160886.0,33951055872.0,,,,,,,,,,
29.038,20882096.0,35990433792.0,,,,,,,,,,
33.023,21626126.0,38155534336.0,,,,,,,,,,
35.63,22387804.0,39859834880.0,,,,,,,,,,
35.934,23162270.0,41570971648.0,,,,,,,,,,
33.324,23918238.0,42852790272.0,,,,,,,,,,
36.085,24655724.0,43098116096.0,,,,,,,,,,
37.225,25391832.0,43754835968.0,,,,,,,,,,
38.043,26133748.0,45663588352.0,,,,,,,,,,
40.418,26878350.0,48490934272.0,,,,,,,,,,
42.29,27615736.0,51489488896.0,,,,,,,,,,
39.314,28364268.0,52761223168.0,,,,,,,,,,
43.32,29137380.0,55518261248.0,,,,,,,,,,
41.109,29965128.0,57993138176.0,,,,,,,,,,
45.629,30851604.0,59408908288.0,,,,,,,,,4.05,
46.441,31800344.0,62956466176.0,,,,,,,,,4.6,
46.869,32779824.0,64478130176.0,,,,,,,,,4.75,
44.622,33767120.0,67617075200.0,,,,,,,,,5.1,
48.016,34791836.0,72070029312.0,,,,,,,,,5.45,
52.135,35843016.0,77598875648.0,,,,,,,,,5.87,
57.201,36925260.0,83653541888.0,,,,,,,,,6.32,
57.553,38036796.0,91061403648.0,,,,,,,,,6.52,
56.804,39186896.0,92973744128.0,,,,,,,,,6.4,
62.046,40364448.0,97797562368.0,,,,,,,,,6.57,
67.372,41517896.0,108091064320.0,,,,,,,,,7.22,
69.645,42635148.0,117165826048.0,,,,,,,,,7.58,
68.87,43725808.0,122978803712.0,,,,,,,,,8.09,
72.584,44792368.0,130279317504.0,,,,,,,,,8.69,
75.853,45831860.0,137740222464.0,,,,,,,,,8.37,
89.576,46851496.0,146192515072.0,,,,,,,,,9.87,
94.189,47894668.0,155624144896.0,,,,,,,,,9.69,
94.943,48948140.0,163192143872.0,,,,,,,,,10.7,
102.268,49953300.0,173505904640.0,,,,,,,,,11.25,
99.169,50951452.0,,,,,,,,,,11.49,
98.883,51985780.0,,,,,,,,,,11.75,
103.504,53005616.0,,,,,,,,,,11.83,
,54027484.0,,,,,,,,,,12.33,
0.124,60835.0,,,,,,,,,,,
0.124,61894.0,,,,,,,,,,,
0.124,62997.0,,,,,,,,,,,
0.124,64145.0,,,,,,,,,,,
0.062,65356.0,,,,,,,,,,,
0.062,66724.0,,,,,,,,,,,
0.064,68283.0,,,,,,,,,,,
0.075,69966.0,,,,,,,,,,,
0.076,71700.0,,,,,,,,,,,
0.075,73448.0,,,,,,,,,,,
0.075,75140.0,,,,,,,,,,,
0.076,76627.0,,,,,,,,,,,
0.076,77922.0,,,,,,,,,,,
0.075,79110.0,,,,,,,,,,,
0.075,80280.0,,,,,,,,,,,
0.075,81497.0,,,,,,,,,,,
0.076,82848.0,,,,,,,,,,,
0.075,84319.0,,,,,,,,,,,
0.075,85817.0,,,,,,,,,,,
0.075,87309.0,,,,,,,,,,,
0.145,88840.0,,,,,,,,,,0.01,
0.124,90543.0,,,,,,,,,,0.01,
0.182,92408.0,,,,,,,,,,0.01,
0.189,94316.0,,,,,,,,,,0.02,
0.203,96239.0,,,,,,,,,,0.02,
0.265,98181.0,,,,,,,,,,0.02,
0.295,100095.0,,,,,,,,,,0.02,
0.27,102013.0,,,,,,,,,,0.02,
0.302,103981.0,,,,,,,,,,0.02,
0.264,106011.0,,,,,,,,,,0.02,
0.262,108011.0,,,,,,,,,,0.02,
0.242,109887.0,,,,,,,,,,0.02,
0.239,111630.0,,,,,,,,,,0.02,
0.242,113316.0,,,,,,,,,,0.02,
0.244,115002.0,,,,,,,,,,0.02,
0.263,116717.0,,,,,,,,,,0.02,
0.282,118529.0,,,,,,,,,,0.03,
0.318,120378.0,,,,,,,,,,0.03,
0.32,122276.0,,,,,,,,,,0.03,
0.322,124252.0,,,,,,,,,,0.03,
0.306,126473.0,,,,,,,,,,0.03,
0.315,128883.0,,,,,,,,,,0.03,
,1823291.0,,,,,,,,,,2.96,
,1840261.0,,,,,,,,,,3.73,
,1846788.0,,,,,,,,,,3.71,
,1839437.0,,,,,,,,,,3.63,
,1832246.0,,,,,,,,,,4.08,
,1825054.0,,,,,,,,,,4.46,
,1817660.0,,,,,,,,,,4.43,
,1810225.0,,,,,,,,,,4.83,
24.446,1803379.0,,,,,,,,,,5.16,
27.5,1797465.0,,,,,,,,,,4.97,
27.259,1792559.0,,,,,,,,,,5.17,
27.41,1799340.0,,,,,,,,,,5.8,
27.272,1811418.0,,,,,,,,,,5.94,
26.095,1805676.0,,,,,,,,,,6.52,
24.176,1777812.0,,,,,,,,,,5.43,
27.657,1759122.0,,,,,,,,,,6.11,
28.707,1750724.0,,,,,,,,,,5.98,
25.706,1731670.0,,,,,,,,,,5.92,
26.263,1709966.0,,,,,,,,,,5.91,
26.983,1686856.0,,,,,,,,,,6.35,
26.672,1670702.0,,,,,,,,,,6.7,
27.883,1662022.0,,,,,,,,,,6.91,
,1659721.0,,,,,,,,,,10.81,
,98794.0,,,,,,,,,,,
,99418.0,,,,,,,,,,,
,100045.0,,,,,,,,,,,
,100676.0,,,,,,,,,,,
,101311.0,,,,,,,,,,,
,101950.0,,,,,,,,,,,
,102594.0,,,,,,,,,,,
,103241.0,,,,,,,,,,,
,103892.0,,,,,,,,,,,
,104600.0,,,,,,,,,,,
,105366.0,,,,,,,,,,,
,106189.0,,,,,,,,,,,
,107072.0,,,,,,,,,,,
,108016.0,,,,,,,,,,,
,108967.0,,,,,,,,,,,
,109927.0,,,,,,,,,,,
,110895.0,,,,,,,,,,,
,111872.0,,,,,,,,,,,
,112822.0,,,,,,,,,,,
,113780.0,,,,,,,,,,,
,114746.0,,,,,,,,,,,
,115720.0,,,,,,,,,,,
,116703.0,,,,,,,,,,,
,117694.0,,,,,,,,,,,
,118694.0,,,,,,,,,,,
,119702.0,,,,,,,,,,,
,120718.0,,,,,,,,,,,
,121743.0,,,,,,,,,,,
,122777.0,,,,,,,,,,,
,123820.0,,,,,,,,,,,
,124871.0,,,,,,,,,,,
,125932.0,,,,,,,,,,,
,127001.0,,,,,,,,,,,
,128080.0,,,,,,,,,,,
,129167.0,,,,,,,,,,,
,130264.0,,,,,,,,,,,
,131371.0,,,,,,,,,,,
,132486.0,,,,,,,,,,,
,133611.0,,,,,,,,,,,
,134746.0,,,,,,,,,,,
,135890.0,,,,,,,,,,,
,137044.0,,,,,,,,,,,
,138208.0,,,,,,,,,,,
,139382.0,,,,,,,,,,,
,140565.0,,,,,,,,,,,
,141759.0,,,,,,,,,,,
,142963.0,,,,,,,,,,,
,144177.0,,,,,,,,,,,
,145401.0,,,,,,,,,,,
,148537.0,,,,,,,,,,,
,153754.0,6664092160.0,,,,,,,,,,
,157775.0,7223878656.0,,,,,,,,,,
,161998.0,7656960000.0,,,,,,,,,,
,166450.0,8416748032.0,,,,,,,,,,
,171107.0,9376418816.0,,,,,,,,,,
,183469.0,9596417024.0,,,,,,,,,,
,204037.0,10302679040.0,,,,,,,,,,
,223285.0,10669118464.0,,,,,,,,,,
,245834.0,11195772928.0,,,,,,,,,,
,274523.0,12348604416.0,,,,,,,,,,
,305422.0,13421786112.0,,,,,,,,,,
,339699.0,13541385216.0,,,,,,,,,,
,378203.0,15100911616.0,,,,,,,,,,
,420500.0,15913706496.0,,,,,,,,,,
,465764.0,17473587200.0,,,,,,,,,,
79.222,513847.0,17859850240.0,,61.96,17.261,,,,0.0,0.0,,
82.881,565473.0,20059133952.0,,60.271,22.61,,,,0.0,0.0,,
84.358,621251.0,20539107328.0,,58.632,25.726,,,,0.0,0.0,,
88.777,681130.0,22458034176.0,,57.056,31.72,,,,0.0,0.0,,
90.937,743053.0,23071219712.0,,55.53,35.406,,,,0.0,0.0,,
73.408,802791.0,36573028352.0,,54.056,19.351,,,,0.0,0.0,,
73.157,858740.0,39111966720.0,,53.169,19.988,,,,0.0,0.0,,
80.958,913794.0,40651100160.0,,57.332,23.627,,,,0.0,0.0,,
80.664,970539.0,38012723200.0,,54.197,26.467,,,,0.0,0.0,,
77.401,1030436.0,33154324480.0,,49.557,27.844,,,,0.0,0.0,,
69.007,1096004.0,29149523968.0,,38.493,30.514,,,,0.0,0.0,,
82.298,1168799.0,31027773440.0,,45.59,36.708,,,,0.0,0.0,,
84.139,1247236.0,29840861184.0,,44.116,40.023,,,,0.0,0.0,,
92.413,1329083.0,31993714688.0,,47.564,44.849,,,,0.0,0.0,,
112.727,1412277.0,36387115008.0,,53.343,59.384,,,,0.0,0.0,,
84.724,1493882.0,28976093184.0,,46.05,38.674,,,,0.0,0.0,,
108.709,1573030.0,23490748416.0,,64.211,44.498,,,,0.0,0.0,,
106.922,1652931.0,20732805120.0,,72.01,34.913,,,,0.0,0.0,,
118.033,1736039.0,22378727424.0,,79.701,38.333,,,,0.0,0.0,,
125.782,1813998.0,23551125504.0,,84.21,41.572,,,,0.0,0.0,,
120.555,1888982.0,22552705024.0,,80.655,39.9,,,,0.0,0.0,15.417,
138.048,1968093.0,24471404544.0,,83.613,54.435,,,,0.0,0.0,16.935,
127.516,2048485.0,23484702720.0,,82.106,45.41,,,,0.0,0.0,18.092,
143.994,2129160.0,24303263744.0,,79.014,64.98,,,,0.0,0.0,19.599,
155.05,2210017.0,26123149312.0,,77.53,77.52,,,,0.0,0.0,21.085,
91.493,1674942.0,20899600384.0,,51.688,39.805,,0.0,0.0,0.0,0.0,18.477,
46.121,1339505.0,13104828416.0,,41.371,4.75,,0.0,0.0,0.0,0.0,10.78,
81.675,1620639.0,25347045376.0,,56.785,24.89,,0.0,0.0,0.0,0.0,16.885,
100.173,1653651.0,36160745472.0,,48.683,51.49,,0.0,0.0,0.0,0.0,20.178,
116.935,1641113.0,41613418496.0,,60.219,56.715,,0.0,0.0,0.0,0.0,22.802,
150.55,1655228.0,45232791552.0,,62.409,88.141,,0.0,0.0,0.0,0.0,23.724,
149.02,1703318.0,49248518144.0,,60.651,88.369,,0.0,0.0,0.0,0.0,25.475,
155.051,1761473.0,55092477952.0,,66.986,88.065,,0.0,0.0,0.0,0.0,26.724,
190.984,1819553.0,62392897536.0,,100.819,90.164,,0.0,0.0,0.0,0.0,29.984,
198.265,1877433.0,66539048960.0,,115.729,82.536,,0.0,0.0,0.0,0.0,31.576,
211.943,1934910.0,74939588608.0,0.0,120.743,91.2,211.943,0.0,0.0,,,30.38,
214.305,1991676.0,80040304640.0,0.001,124.055,90.25,214.305,0.0,0.0,,,32.24,
226.83,2047368.0,87259471872.0,0.003,144.081,82.745,226.83,0.0,0.0,,,34.18,
271.091,2101512.0,107858198528.0,0.001,176.09,95.0,271.091,0.0,0.0,,,37.41,
302.839,2153485.0,125773627392.0,0.001,199.288,103.55,302.839,0.0,0.0,,,38.78,
334.093,2235409.0,146114084864.0,0.0,217.243,116.85,334.093,0.0,0.0,,,41.11,
321.131,2363417.0,166329810944.0,0.027,203.208,117.895,321.131,0.0,0.0,,,44.75,
311.96,2506774.0,187112488960.0,0.005,204.986,106.97,311.96,0.0,0.0,,,45.83,
337.47,2650941.0,204012240896.0,0.008,216.812,120.65,337.47,0.0,0.0,,,48.64,
349.383,2795553.0,202080960512.0,0.0,230.922,118.461,349.383,0.0,0.0,,,50.02,
392.964,2943364.0,210625822720.0,0.045,253.164,139.755,392.964,0.0,0.0,,,53.66,
403.566,3143827.0,249781665792.0,0.157,244.829,158.579,403.566,0.0,0.0,,,54.04,
414.878,3394668.0,269770326016.0,0.756,238.803,175.318,414.878,0.0,0.0,,,57.45,
424.642,3646520.0,271291449344.0,3.186,243.752,177.704,424.642,0.0,0.0,,,57.33,
431.849,3761590.0,273583177728.0,2.533,250.596,178.711,431.84,0.009,0.0,,,61.24,
448.76,3908745.0,279780196352.0,2.1,243.419,203.227,448.746,0.014,0.0,,,64.19,
443.289,4048090.0,287235571712.0,2.589,229.07,211.499,443.158,0.131,0.0,,,65.85,
450.903,4124904.0,273706762240.0,1.959,238.527,210.275,450.762,0.136,0.005,,,68.4,
461.703,4317190.0,277117140992.0,2.2,247.835,211.522,461.557,0.141,0.005,,,69.64,
420.184,4441105.0,,2.019,234.269,183.732,420.02,0.154,0.01,,,70.51,
397.374,4360451.0,,0.359,217.713,179.136,397.207,0.154,0.013,,,66.94,
416.789,4250111.0,,0.753,217.892,197.584,416.229,0.548,0.012,,,71.22,
443.464,4268886.0,,1.253,223.796,217.857,442.905,0.546,0.012,,,82.957,
82.738,4501258.0,19580876800.0,,,,,,,,,,
72.467,4507638.0,16865844224.0,,,,,,,,,,
64.11,4530904.0,13389775872.0,,,,,,,,,,
54.608,4596457.0,12537071616.0,,,,,,,,,,
67.995,4666586.0,13289590784.0,,,,,,,,,,
64.12,4738384.0,14463592448.0,,,,,,,,,,
64.351,4810415.0,14624162816.0,,,,,,,,,,
69.226,4878916.0,15009657856.0,,,,,,,,,,
69.966,4935185.0,15667579904.0,,,,,,,,,15.71,
66.388,4981443.0,16336560128.0,,,,,,,,,14.67,
56.687,5026646.0,16170502144.0,,,,,,,,,12.84,
59.906,5078276.0,17135749120.0,,,,,,,,,15.32,
61.144,5137043.0,18155683840.0,,,,,,,,,16.03,
57.57,5193112.0,17942169600.0,,,,,,,,,14.64,
58.669,5246785.0,18316494848.0,,,,,,,,,14.28,
64.386,5294777.0,19684079616.0,,,,,,,,,14.58,
61.474,5345425.0,20960393216.0,,,,,,,,,11.59,
62.067,5414084.0,21348214784.0,,,,,,,,,10.92,
59.424,5483781.0,21037254656.0,,,,,,,,,11.93,
67.648,5552339.0,22069688320.0,,,,,,,,,14.96,
76.529,5631955.0,22051598336.0,,,,,,,,,14.97,
71.866,5719561.0,24453877760.0,,,,,,,,,13.86,
73.128,5814426.0,25441021952.0,,,,,,,,,14.36,
65.64,5914985.0,26325837824.0,,,,,,,,,12.8,
66.994,6018303.0,27316666368.0,,,,,,,,,13.04,
69.386,6121266.0,28611477504.0,,,,,,,,,15.29,
73.306,6223503.0,29601148928.0,,,,,,,,,15.3,
66.918,6323643.0,,,,,,,,,,14.84,
67.075,6424880.0,,,,,,,,,,16.17,
60.542,6527742.0,,,,,,,,,,14.46,
3.799,3297520.0,3470821888.0,,,,,,,,,,
3.293,3370998.0,4001062912.0,,,,,,,,,,
3.378,3453694.0,4284216064.0,,,,,,,,,,
3.154,3543868.0,4484085248.0,,,,,,,,,,
2.82,3639964.0,4807488000.0,,,,,,,,,,
2.716,3741609.0,5053974016.0,,,,,,,,,,
2.8,3848392.0,5300658176.0,,,,,,,,,,
2.212,3959701.0,5223150080.0,,,,,,,,,,
2.082,4074966.0,5118280192.0,,,,,,,,,,
2.643,4193540.0,5846232064.0,,,,,,,,,,
2.983,4314442.0,6235010048.0,,,,,,,,,,
3.247,4437233.0,6550550528.0,,,,,,,,,,
3.239,4561117.0,6965636096.0,,,,,,,,,,
3.332,4685293.0,7432922112.0,,,,,,,,,,
3.314,4807956.0,8095761920.0,,,,,,,,,,
3.923,4927432.0,8730281984.0,,,,,,,,,,
4.474,5043920.0,9400684544.0,,,,,,,,,,
4.533,5150539.0,10121303040.0,,,,,,,,,,
5.771,5246922.0,10598967296.0,,,,,,,,,,
6.823,5340060.0,11458882560.0,,,,,,,,,,
11.333,5430862.0,12209285120.0,,,,,,,,,3.63,
12.043,5519714.0,13005703168.0,,,,,,,,,3.65,
11.978,5606103.0,13872425984.0,,,,,,,,,3.55,
11.678,5689072.0,14843718656.0,,,,,,,,,3.13,
12.114,5768170.0,16000772096.0,,,,,,,,,3.0,
14.007,5852969.0,17208610816.0,,,,,,,,,3.51,
15.86,5946597.0,17176979456.0,,,,,,,,,3.6,
15.56,6041355.0,20454811648.0,,,,,,,,,3.37,
17.63,6135863.0,22210959360.0,,,,,,,,,3.72,
18.506,6229933.0,24050841600.0,,,,,,,,,3.37,
29.25,6323425.0,26198018048.0,,,,,,,,,8.36,
38.48,6416331.0,28505276416.0,,,,,,,,,12.84,
40.124,6508806.0,30756620288.0,,,,,,,,,12.93,
47.307,6600736.0,33213894656.0,,,,,,,,,15.36,
48.082,6691467.0,35727802368.0,,,,,,,,,15.13,
70.626,6787420.0,38423805952.0,,,,,,,,,16.03,
120.129,6891366.0,41124319232.0,,,,,,,,,25.02,
121.922,6997925.0,43945238528.0,,,,,,,,,30.4,
126.884,7105008.0,46666960896.0,,,,,,,,,33.69,
131.633,7212058.0,,,,,,,,,,30.55,
143.983,7319397.0,,,,,,,,,,39.28,
139.941,7425055.0,,,,,,,,,,39.97,
,,,,,,,,,,,973.99,
,,,,,,,,,,,967.91,
,,,,,,,,,,,996.53,
,,,,,,,,,,,1035.17,
,,,,,,,,,,,1097.08,
,,,,,,,,,,,1142.68,
,,,,,,,,,,,1194.92,
,,,,,,,,,,,1245.77,
,,,,,,,,,,,1277.56,
,,,,,,,,,,,1283.39,
,,,,,,,,,,,1362.93,
,,,,,,,,,,,1419.13,
,,,,,,,,,,,1466.75,
,,,,,,,,,,,1512.59,
,,,,,,,,,,,1512.87,
,,,,,,,,,,,1555.38,
,,,,,,,,,,,1565.8,
,,,,,,,,,,,1578.08,
,,,,,,,,,,,1622.32,
,,,,,,,,,,,1610.63,
,,,,,,,,,,,1615.9,
,,,,,,,,,,,1702.55,
,,,,,,,,,,,1772.15,
106.289,2655099.0,37201219584.0,8.443,67.932,21.105,97.481,,,8.808,8.808,4.961,8.287
98.769,2668865.0,38189518848.0,10.655,57.17,22.07,89.895,,,8.873,8.873,5.184,8.984
90.123,2681830.0,38039138304.0,9.756,46.474,22.955,79.185,,,10.938,10.938,5.937,12.137
85.057,2690475.0,39628009472.0,9.792,41.671,24.72,76.184,,,8.873,8.873,5.11,10.432
85.037,2693388.0,41772724224.0,7.997,41.656,24.72,74.373,,,10.664,10.664,5.801,12.54
86.466,2689398.0,42100703232.0,8.24,39.246,25.686,73.172,0.0,0.0,13.295,13.295,6.65,15.376
79.68,2678970.0,36517597184.0,7.222,38.053,24.72,69.995,0.0,0.0,9.684,9.684,5.65,12.154
57.035,2662885.0,24608100352.0,6.353,29.106,14.12,49.58,0.0,0.0,7.455,7.455,3.84,13.07
49.156,2638889.0,21636016128.0,5.807,26.014,8.83,40.651,0.0,0.0,8.504,8.504,3.93,17.301
47.623,2606464.0,21944829952.0,4.368,24.652,8.83,37.85,0.0,0.0,9.773,9.773,4.44,20.521
44.568,2570150.0,21646094336.0,3.108,22.186,10.59,35.884,0.0,0.0,8.685,8.685,3.99,19.486
41.465,2534288.0,21989048320.0,2.913,23.343,9.705,35.962,0.0,0.003,5.5,5.503,3.12,13.264
41.772,2498881.0,23781386240.0,2.603,20.726,9.705,33.034,0.0,0.006,8.732,8.738,4.51,20.904
45.462,2462333.0,25140078592.0,1.92,19.795,10.978,32.694,0.0,0.006,12.762,12.768,5.8,28.073
38.594,2426357.0,25600796672.0,1.484,18.437,10.515,30.436,0.0,0.006,8.152,8.158,4.11,21.123
37.754,2392536.0,26780788736.0,1.531,15.139,12.734,29.404,0.0,0.015,8.336,8.351,4.14,22.079
40.664,2359255.0,28293371904.0,1.428,17.655,13.24,32.323,0.0,0.009,8.323,8.341,4.27,20.467
41.022,2326150.0,30072958976.0,1.151,17.529,15.086,33.766,0.0,0.032,7.192,7.256,3.97,17.532
40.519,2294342.0,32361883648.0,1.033,17.693,15.005,33.731,0.0,0.139,6.572,6.787,3.97,16.219
45.556,2263453.0,34792599552.0,0.782,18.99,16.562,36.334,0.0,0.141,8.959,9.222,4.69,19.666
46.958,2233165.0,38221836288.0,0.941,20.105,16.089,37.135,0.0,0.135,9.524,9.823,4.92,20.281
44.543,2203917.0,42441265152.0,1.008,18.926,16.628,36.563,0.0,0.131,7.677,7.98,4.89,17.235
45.926,2176059.0,46307684352.0,1.247,20.558,16.089,37.894,0.0,0.15,7.728,8.032,4.76,16.827
46.243,2150411.0,44298825728.0,1.242,20.179,15.758,37.179,0.0,0.163,8.736,9.064,5.27,18.893
43.821,2126268.0,37661278208.0,0.994,18.383,14.452,33.829,0.0,0.134,9.654,9.992,5.57,22.032
49.67,2101537.0,35958493184.0,1.268,20.739,17.234,39.241,0.0,0.136,9.77,10.429,6.63,19.67
44.336,2076974.0,37962579968.0,1.287,19.041,15.18,35.508,0.001,0.196,7.964,8.828,6.09,17.963
45.963,2053635.0,39482474496.0,1.067,19.014,14.272,34.352,0.001,0.296,10.145,11.61,6.17,22.073
44.237,2031491.0,40519245824.0,0.845,19.217,14.062,34.124,0.001,0.324,7.936,10.113,6.2,17.941
40.747,2011040.0,41379799040.0,0.697,19.322,12.638,32.656,0.001,0.274,5.402,8.092,5.14,13.257
41.746,1991951.0,42500100096.0,0.545,20.291,12.743,33.579,0.001,0.396,5.03,8.166,5.54,12.05
44.499,1973477.0,43297222656.0,0.476,20.933,13.196,34.605,0.001,0.348,6.77,9.895,6.42,15.214
48.978,1954861.0,44937031680.0,0.48,21.379,11.964,33.823,0.001,0.399,11.658,15.155,7.53,23.803
43.564,1935632.0,46862479360.0,0.564,19.073,13.716,33.352,0.003,0.323,6.433,10.213,6.72,14.767
44.837,1916552.0,,0.477,21.895,13.119,35.491,0.008,0.406,5.555,9.346,6.44,12.39
40.855,1897057.0,,0.282,19.206,10.732,30.221,0.013,0.464,6.836,10.634,5.72,16.733
42.399,1873926.0,,0.219,19.805,11.588,31.613,0.018,0.37,7.085,10.786,5.85,16.711
39.67,1850654.0,,0.238,20.653,8.104,28.995,0.018,0.508,7.172,10.675,5.06,18.08
30.269,2963707.0,14227048448.0,,,,,,,,,,
28.381,3027229.0,14025617408.0,,,,,,,,,,
27.245,3070139.0,8719515648.0,,,,,,,,,,
28.143,3106996.0,10518242304.0,,,,,,,,,,
26.967,3163561.0,14929918976.0,,,,,,,,,,
31.285,3226746.0,18218143744.0,,,,,,,,,,
29.916,3308021.0,16681318400.0,,,,,,,,,,
31.407,3390870.0,19174717440.0,,,,,,,,,,
28.349,3457153.0,13586211840.0,,,,,,,,,,
22.561,3525517.0,7735714304.0,,,,,,,,,,
20.881,3593705.0,9719894016.0,,,,,,,,,,
34.384,3666735.0,14203284480.0,,,,,,,,,,
35.185,3745410.0,15962286080.0,,,,,,,,,,
44.143,3818800.0,18432083968.0,,,,,,,,,,
49.709,3888152.0,21360836608.0,,,,,,,,,,
53.374,3959642.0,24166459392.0,,,,,,,,,,
56.604,4034250.0,26645041152.0,,,,,,,,,,
64.812,4107559.0,27053602816.0,,,,,,,,,,
65.401,4178786.0,29027624960.0,,,,,,,,,,
67.04,4250024.0,30099941376.0,,,,,,,,,,
60.606,4320650.0,31977721856.0,,,,,,,,,9.19,
64.493,4389201.0,35144531968.0,,,,,,,,,9.57,
65.001,4446663.0,38760996864.0,,,,,,,,,11.05,
65.766,4504807.0,42758062080.0,,,,,,,,,11.99,
65.451,4574799.0,48734072832.0,,,,,,,,,11.79,
62.575,4643052.0,52444897280.0,,,,,,,,,11.74,
58.008,4719874.0,54750392320.0,,,,,,,,,10.95,
51.343,4809608.0,60406931456.0,,,,,,,,,11.38,
66.287,4887615.0,66812624896.0,,,,,,,,,12.57,
81.972,4951138.0,75927797760.0,,,,,,,,,12.98,
79.193,4995799.0,86947323904.0,,,,,,,,,14.81,
79.979,5045061.0,94869528576.0,,,,,,,,,15.37,
89.541,5178338.0,101518524416.0,,,,,,,,,15.55,
89.273,5678859.0,100029005824.0,,,,,,,,,17.76,
91.999,6274345.0,94385545216.0,,,,,,,,,16.92,
101.518,6398941.0,95081783296.0,,,,,,,,,17.57,
104.424,6258628.0,97868324864.0,,,,,,,,,18.28,
111.531,6109255.0,98701180928.0,,,,,,,,,20.04,
105.197,5950842.0,96800194560.0,,,,,,,,,20.04,
106.661,5781912.0,,,,,,,,,,20.36,
103.866,5662924.0,,,,,,,,,,19.49,
105.318,5592626.0,,,,,,,,,,20.58,
0.598,1407685.0,2159450880.0,,,,,,,,,,
0.596,1447508.0,2181779968.0,,,,,,,,,,
0.596,1488398.0,2258407936.0,,,,,,,,,,
0.596,1530334.0,2296230912.0,,,,,,,,,,
0.598,1573278.0,2400978944.0,,,,,,,,,,
0.656,1616700.0,2483200000.0,,,,,,,,,,
0.688,1659800.0,2610615040.0,,,,,,,,,,
0.688,1698946.0,2619535872.0,,,,,,,,,,
0.463,1733736.0,2855719936.0,,,,,,,,,,
0.688,1767094.0,3019896064.0,,,,,,,,,,
0.88,1799004.0,3205046016.0,,,,,,,,,,
0.894,1829515.0,3210336512.0,,,,,,,,,,
0.931,1858515.0,3373567232.0,,,,,,,,,,
0.962,1885486.0,3409484032.0,,,,,,,,,,
1.069,1910648.0,3499928320.0,,,,,,,,,,
1.083,1934085.0,3490315776.0,,,,,,,,,,
1.096,1955102.0,3610274048.0,,,,,,,,,,
1.077,1972588.0,3655545088.0,,,,,,,,,,
0.937,1985651.0,3647322880.0,,,,,,,,,,
1.368,1994247.0,3670807296.0,,,,,,,,,,
2.469,1998632.0,3769602304.0,,,,,,,,,0.29,
2.502,1999478.0,3838921216.0,,,,,,,,,0.28,
2.572,1997537.0,3773087744.0,,,,,,,,,0.31,
2.616,1993034.0,3857951232.0,,,,,,,,,0.32,
2.625,1985386.0,3857815808.0,,,,,,,,,0.3,
3.093,1977428.0,3870538496.0,,,,,,,,,0.46,
3.287,1976787.0,3946096640.0,,,,,,,,,0.52,
3.972,1983471.0,4038812416.0,,,,,,,,,0.55,
3.602,1995016.0,4170596864.0,,,,,,,,,0.58,
4.116,2009178.0,4214040576.0,,,,,,,,,0.65,
4.4,2022752.0,4442653696.0,,,,,,,,,0.69,
3.938,2037687.0,4516049920.0,,,,,,,,,0.49,
4.153,2054722.0,4740080128.0,,,,,,,,,0.49,
4.237,2073948.0,4954224128.0,,,,,,,,,0.51,
4.346,2095251.0,5134647808.0,,,,,,,,,0.52,
4.243,2118532.0,5279079936.0,,,,,,,,,0.53,
4.593,2143876.0,5403951104.0,,,,,,,,,0.52,
4.892,2170622.0,5327153664.0,,,,,,,,,0.54,
4.796,2198030.0,5360395776.0,,,,,,,,,0.54,
4.872,2225710.0,,,,,,,,,,0.5,
4.717,2254104.0,,,,,,,,,,0.5,
4.866,2281464.0,,,,,,,,,,0.5,
9.255,1932174.0,7688403968.0,,,,,,,,,,
8.554,1989695.0,7388005888.0,,,,,,,,,,
8.597,2047608.0,7519236096.0,,,,,,,,,,
8.578,2109151.0,7261876224.0,,,,,,,,,,
7.66,2174201.0,7216527872.0,,,,,,,,,,
7.752,2239733.0,7070846976.0,,,,,,,,,,
6.125,2305870.0,6987057152.0,,,,,,,,,,
4.8,2372454.0,7111704064.0,,,,,,,,,,
5.974,2439645.0,7312739840.0,,,,,,,,,,
4.992,2507604.0,7518947840.0,,,,,,,,,,
2.402,2209737.0,3680819968.0,,,,,,,,,,
1.353,1939244.0,2990947072.0,,,,,,,,,,
1.419,2052633.0,1838477312.0,,,,,,,,,,
1.566,2132776.0,1167734016.0,,,,,,,,,,
1.566,2125202.0,865093568.0,,,,,,,,,,
1.566,2142429.0,783478720.0,,,,,,,,,,
1.626,2203974.0,833012992.0,,,,,,,,,,
1.622,2383302.0,1626036736.0,,,,,,,,,,
1.678,2639227.0,1996596096.0,,,,,,,,,,
1.678,2789749.0,2325522432.0,,,,,,,,,,
1.891,2895229.0,2767093248.0,,,,,,,,,0.2,
2.017,2981655.0,3200677120.0,,,,,,,,,0.2,
1.989,3060603.0,3998735616.0,,,,,,,,,0.2,
2.179,3085173.0,2541250560.0,,,,,,,,,0.2,
2.363,3122448.0,2286431744.0,,,,,,,,,0.2,
2.767,3266326.0,2369891584.0,,,,,,,,,0.2,
2.834,3455400.0,2547129088.0,,,,,,,,,0.2,
2.645,3632748.0,2664910080.0,,,,,,,,,0.25,
2.343,3783892.0,2922602240.0,,,,,,,,,0.25,
2.139,3905066.0,3108979968.0,,,,,,,,,0.25,
3.368,4019958.0,3260614912.0,,,,,,,,,0.25,
3.75,4181148.0,3266880000.0,,,,,,,,,0.28,
4.159,4331749.0,3532272896.0,,,,,,,,,0.28,
3.679,4427319.0,3819599872.0,,,,,,,,,0.28,
4.844,4519410.0,3843632128.0,,,,,,,,,0.28,
4.862,4612330.0,3857900032.0,,,,,,,,,0.29,
5.59,4706106.0,3793504000.0,,,,,,,,,0.38,
4.831,4796632.0,3885372928.0,,,,,,,,,0.37,
5.488,4889396.0,3936415744.0,,,,,,,,,0.32,
5.488,4985290.0,,,,,,,,,,0.31,
5.24,5087591.0,,,,,,,,,,0.89,
5.529,5193422.0,,,,,,,,,,0.92,
,514376.0,,,,,,,,,,,
,522427.0,,,,,,,,,,,
,530539.0,,,,,,,,,,,
,538714.0,,,,,,,,,,,
,547013.0,,,,,,,,,,,
,555440.0,,,,,,,,,,,
,563995.0,,,,,,,,,,,
,572681.0,,,,,,,,,,,
,581500.0,,,,,,,,,,,
,590172.0,,,,,,,,,,,
,598690.0,,,,,,,,,,,
,607048.0,,,,,,,,,,,
,615240.0,,,,,,,,,,,
,623258.0,,,,,,,,,,,
,631380.0,,,,,,,,,,,
,639607.0,,,,,,,,,,,
,647939.0,,,,,,,,,,,
,656379.0,,,,,,,,,,,
,664048.0,,,,,,,,,,,
,671733.0,,,,,,,,,,,
,679435.0,,,,,,,,,,,
,687152.0,,,,,,,,,,,
,694884.0,,,,,,,,,,,
,702630.0,,,,,,,,,,,
,710462.0,,,,,,,,,,,
,718382.0,,,,,,,,,,,
,726390.0,,,,,,,,,,,
,734487.0,,,,,,,,,,,
,742675.0,,,,,,,,,,,
,751334.0,,,,,,,,,,,
,760476.0,,,,,,,,,,,
,770112.0,,,,,,,,,,,
,780251.0,,,,,,,,,,,
,790906.0,,,,,,,,,,,
,801706.0,,,,,,,,,,,
,812653.0,,,,,,,,,,,
,823750.0,,,,,,,,,,,
,834999.0,,,,,,,,,,,
,846401.0,,,,,,,,,,,
,860189.0,,,,,,,,,,,
,876455.0,,,,,,,,,,,
,895293.0,,,,,,,,,,,
,916801.0,,,,,,,,,,,
,941079.0,,,,,,,,,,,
,965999.0,,,,,,,,,,,
,991580.0,,,,,,,,,,,
,1017838.0,,,,,,,,,,,
,1044792.0,,,,,,,,,,,
,1072459.0,,,,,,,,,,,
,1101077.0,,,,,,,,,,,
,1130680.0,596009088.0,,,,,,,,,,
,1142851.0,661046784.0,,,,,,,,,,
,1157712.0,710751104.0,,,,,,,,,,
,1175868.0,720506944.0,,,,,,,,,,
,1197861.0,718957184.0,,,,,,,,,,
,1225697.0,905837312.0,,,,,,,,,,
,1259035.0,1102899712.0,,,,,,,,,,
,1295607.0,1151111680.0,,,,,,,,,,
,1335665.0,1269519488.0,,,,,,,,,,
,1379414.0,1371398656.0,,,,,,,,,,
,1426984.0,1770103936.0,,,,,,,,,,
,1478764.0,1943923840.0,,,,,,,,,,
,1535161.0,2578051072.0,,,,,,,,,,
,1594767.0,3479765504.0,,,,,,,,,,
,1652109.0,4924499456.0,,,,,,,,,,
,1700074.0,6314841600.0,,,,,,,,,,
,1739834.0,7482066944.0,,,,,,,,,,
,1778581.0,8326407168.0,,,,,,,,,,
,1819403.0,11132550144.0,,,,,,,,,,
,1862827.0,12574326784.0,,,,,,,,,,
,1909179.0,13176476672.0,,,,,,,,,,
,1958326.0,12480905216.0,,,,,,,,,,
,2012804.0,13620840448.0,,,,,,,,,,
,2084268.0,13885775872.0,,,,,,,,,,
,2179453.0,16970868736.0,,,,,,,,,,
,2291850.0,17658333184.0,,,,,,,,,,
,2413760.0,21707874304.0,,,,,,,,,,
,2541810.0,23630520320.0,,,,,,,,,,
,2676123.0,24415600640.0,,,,,,,,,,
,2816921.0,26609033216.0,,,,,,,,,,
117.741,2962724.0,26794354688.0,,,,,,,,,,
105.442,3112019.0,21659518976.0,,,,,,,,,,
104.302,3265461.0,22274877440.0,,,,,,,,,,
112.289,3423595.0,21733019648.0,,,,,,,,,,
112.446,3564551.0,20643919872.0,,,,,,,,,,
123.672,3684318.0,22390671360.0,,,,,,,,,,
129.348,3800115.0,19866519552.0,,,,,,,,,,
133.002,3911950.0,16966307840.0,,,,,,,,,,
136.179,4021580.0,18275176448.0,,,,,,,,,,
140.902,4130046.0,19622825984.0,,,,,,,,,,
148.89,4236988.0,20372078592.0,,,,,,,,,,
155.436,4341979.0,25389248512.0,,,,,,,,,,
145.051,4444827.0,26617796608.0,,,,,,,,,,
150.268,4544972.0,27601942528.0,,,,,,,,,,
155.36,4641297.0,30319529984.0,,,,,,,,,,
162.22,4733065.0,31943534592.0,,,,,,,,,,
171.446,4820077.0,35211735040.0,,,,,,,,,,
180.536,4902348.0,39983251456.0,,,,,,,,,,
173.741,4980968.0,41617596416.0,,,,,,,,,,
156.842,5058000.0,45257170944.0,,,,,,,,,,
212.946,5154789.0,49983479808.0,,,,,,,,,14.56,
214.66,5275920.0,54225657856.0,,,,,,,,,15.15,
221.283,5405326.0,57785786368.0,,,,,,,,,16.48,
218.016,5542650.0,70475227136.0,,,,,,,,,17.81,
223.347,5687561.0,79415615488.0,,,,,,,,,18.99,
230.981,5837994.0,94523187200.0,,,,,,,,,21.31,
211.797,5973372.0,108872966144.0,,,,,,,,,23.26,
210.398,6097177.0,123716337664.0,,,,,,,,,24.66,
218.432,6228377.0,153726681088.0,,,,,,,,,28.88,
249.987,6360194.0,165559664640.0,,,,,,,,,29.18,
263.622,6491991.0,187528527872.0,,,,,,,,,30.61,
173.02,6188135.0,79210020864.0,,,,,,,,,24.44,
215.583,5869880.0,174091337728.0,,,,,,,,,32.22,
231.871,5985228.0,80095117312.0,,,,,,,,,35.64,
226.453,6097767.0,59998892032.0,,,,,,,,,35.47,
180.21,6192241.0,53558087680.0,,,,,,,,,35.27,
176.389,6282202.0,51938050048.0,,,,,,,,,29.53,
199.04,6378267.0,85185675264.0,,,,,,,,,31.28,
205.105,6477791.0,100416020480.0,,,,,,,,,32.12,
212.982,6569085.0,,,,,,,,,,31.69,
186.527,6653946.0,,,,,,,,,,30.1,
190.409,6735280.0,,,,,,,,,,32.03,
,6812344.0,,,,,,,,,,,
180.693,3672853.0,47660892160.0,9.458,102.382,40.792,152.632,,,1.163,1.163,20.962,0.644
166.729,3702823.0,49468977152.0,11.007,85.667,40.878,137.552,,,1.137,1.137,22.416,0.682
174.668,3732010.0,50529333248.0,10.835,94.007,42.696,147.538,,,1.072,1.072,22.755,0.613
183.32,3755543.0,54561832960.0,10.923,90.392,44.514,145.829,,,1.137,1.137,26.0,0.62
198.573,3773181.0,54088605696.0,10.206,92.738,47.241,150.184,,,1.137,1.137,29.158,0.573
201.91,3785851.0,51021991936.0,9.271,88.668,54.414,152.354,0.0,0.0,1.224,1.224,28.36,0.606
213.451,3793430.0,48112087040.0,10.355,97.53,56.329,164.214,0.0,0.0,0.999,0.999,29.33,0.468
130.766,3795748.0,37861879808.0,4.853,51.278,32.18,88.311,0.0,0.0,0.92,0.92,18.53,0.703
102.269,3788532.0,31722383360.0,4.303,44.612,17.404,66.319,0.0,0.0,1.162,1.162,13.91,1.136
88.253,3770461.0,28612204544.0,3.573,41.343,20.135,65.051,0.0,0.0,1.337,1.337,9.73,1.514
98.638,3747269.0,30095167488.0,2.854,37.539,23.596,63.99,0.0,0.0,1.103,1.103,13.49,1.118
107.354,3722023.0,31645790208.0,2.623,38.98,25.227,66.83,0.0,0.0,0.964,0.964,16.2,0.898
98.989,3694897.0,34267160576.0,2.12,38.59,23.288,63.998,0.0,0.0,0.872,0.872,14.35,0.881
106.158,3665514.0,36819656704.0,1.849,44.218,20.398,66.465,0.0,0.0,1.233,1.233,17.1,1.162
87.819,3633949.0,36398338048.0,1.578,35.949,21.084,58.611,0.0,0.0,1.224,1.224,13.02,1.394
78.034,3599639.0,37788340224.0,1.073,28.061,24.008,53.142,0.0,0.0,1.003,1.003,11.03,1.286
91.266,3560145.0,40252133376.0,0.975,32.332,24.966,58.273,0.0,0.0,0.956,0.963,14.29,1.048
97.401,3515799.0,42971131904.0,1.571,29.934,25.242,56.747,0.0,0.0,1.031,1.044,17.15,1.058
102.134,3469683.0,47492665344.0,2.029,28.668,27.381,58.078,0.0,0.0,0.943,0.965,18.66,0.923
102.863,3422593.0,50600710144.0,1.962,30.585,27.312,59.859,0.0,0.003,1.212,1.245,18.58,1.178
93.843,3373536.0,54504800256.0,2.149,33.127,28.806,64.082,0.0,0.005,1.291,1.356,14.22,1.375
89.617,3322937.0,58536325120.0,2.919,33.058,28.546,64.523,0.0,0.039,1.13,1.473,11.87,1.261
98.104,3272416.0,65020497920.0,2.902,32.608,33.635,69.145,0.0,0.3,1.189,2.279,13.23,1.212
97.133,3224384.0,66724208640.0,2.462,35.37,30.191,68.023,0.0,0.368,1.129,2.431,13.09,1.163
90.034,3180482.0,56833646592.0,1.957,31.072,25.372,58.401,0.0,0.44,1.185,2.549,14.37,1.316
65.757,3139021.0,57760002048.0,2.407,31.255,28.982,62.644,0.0,0.622,1.499,3.113,4.75,2.279
68.498,3099800.0,61248360448.0,2.788,30.434,31.62,64.842,0.0,1.31,1.324,3.656,3.99,1.933
68.601,3063340.0,63596855296.0,2.718,30.965,30.874,64.557,0.006,1.481,1.158,4.044,4.3,1.688
63.406,3028191.0,65826070528.0,3.127,30.1,25.172,58.399,0.122,1.643,1.42,5.007,3.98,2.24
61.163,2994928.0,68128043008.0,2.646,29.468,24.017,56.131,0.198,1.731,1.079,5.032,3.46,1.764
63.925,2963764.0,69339054080.0,2.121,32.235,24.038,58.394,0.197,2.182,0.941,5.531,4.0,1.473
65.15,2933676.0,70911025152.0,2.149,35.089,21.419,58.657,0.178,3.041,1.215,6.493,3.41,1.865
68.647,2904452.0,73923043328.0,2.304,36.325,22.289,60.917,0.181,3.629,1.603,7.73,3.35,2.335
70.799,2876128.0,76617523200.0,2.459,38.737,22.387,63.582,0.229,3.029,1.14,7.216,2.75,1.611
70.866,2849083.0,,2.309,39.04,21.572,62.92,0.24,3.952,0.91,7.945,3.14,1.285
70.294,2820269.0,,1.801,36.594,23.605,62.0,0.338,4.075,0.789,8.294,4.53,1.123
70.149,2786652.0,,2.159,36.981,22.282,61.422,0.499,3.563,1.004,8.728,4.17,1.431
63.667,2750058.0,,2.234,37.408,16.074,55.716,0.538,3.942,1.217,7.951,4.17,1.911
,80200617.0,,,,,,,,,,,
,80228484.0,,,,,,,,,,,
,80265179.0,,,,,,,,,,,
,80311331.0,,,,,,,,,,,
,80362150.0,,,,,,,,,,,
,80417650.0,,,,,,,,,,,
,80477845.0,,,,,,,,,,,
,80542762.0,,,,,,,,,,,
,80612402.0,,,,,,,,,,,
,80785770.0,,,,,,,,,,,
,81068729.0,,,,,,,,,,,
,81466925.0,,,,,,,,,,,
,81988512.0,,,,,,,,,,,
,82640151.0,,,,,,,,,,,
,83331046.0,,,,,,,,,,,
,84063878.0,,,,,,,,,,,
,84841515.0,,,,,,,,,,,
,85667049.0,,,,,,,,,,,
,86544840.0,,,,,,,,,,,
,87308354.0,,,,,,,,,,,
,87956124.0,,,,,,,,,,,
,88485717.0,,,,,,,,,,,
,88893673.0,,,,,,,,,,,
,89175478.0,,,,,,,,,,,
,89495819.0,,,,,,,,,,,
,89853436.0,,,,,,,,,,,
,90247136.0,,,,,,,,,,,
,90675809.0,,,,,,,,,,,
,91138415.0,,,,,,,,,,,
,91689073.0,,,,,,,,,,,
,92323000.0,,,,,,,,,,,
,93035665.0,,,,,,,,,,,
,93822739.0,,,,,,,,,,,
,94680132.0,,,,,,,,,,,
,95548834.0,,,,,,,,,,,
,96429008.0,,,,,,,,,,,
,97320809.0,,,,,,,,,,,
,98224398.0,,,,,,,,,,,
,99139933.0,,,,,,,,,,,
,100130466.0,,,,,,,,,,,
,101197754.0,,,,,,,,,,,
,102343587.0,,,,,,,,,,,
,103569799.0,,,,,,,,,,,
,104878254.0,,,,,,,,,,,
,106207973.0,,,,,,,,,,,
,107559311.0,,,,,,,,,,,
,108932630.0,,,,,,,,,,,
,110328294.0,,,,,,,,,,,
,111746678.0,,,,,,,,,,,
,113327745.0,,,,,,,,,,,
,115124011.0,,,,,,,,,,,
,116668543.0,,,,,,,,,,,
,118481303.0,,,,,,,,,,,
,120580557.0,,,,,,,,,,,
,122876037.0,,,,,,,,,,,
,125353761.0,,,,,,,,,,,
,127953318.0,,,,,,,,,,,
,130626001.0,,,,,,,,,,,
,133330319.0,,,,,,,,,,,
,136192297.0,,,,,,,,,,,
,139279504.0,,,,,,,,,,,
,142513031.0,,,,,,,,,,,
,145875319.0,,,,,,,,,,,
,149368030.0,,,,,,,,,,,
,153036540.0,,,,,,,,,,,
,156871256.0,,,,,,,,,,,
,160820670.0,,,,,,,,,,,
,164969567.0,,,,,,,,,,,
,169323594.0,,,,,,,,,,,
,173777968.0,,,,,,,,,,,
,178354049.0,,,,,,,,,,,
,183027534.0,,,,,,,,,,,
,187707196.0,,,,,,,,,,,
,192522076.0,,,,,,,,,,,
,197579060.0,,,,,,,,,,,
,202766588.0,,,,,,,,,,,
,208058587.0,,,,,,,,,,,
,213322704.0,,,,,,,,,,,
,219077893.0,,,,,,,,,,,
,225116202.0,,,,,,,,,,,
599.849,230070428.0,,,,,,,,,,,
586.652,234481298.0,,,,,,,,,,,
610.247,239979172.0,,,,,,,,,,,
644.624,246279320.0,,,,,,,,,,,
656.401,252850490.0,,,,,,,,,,,
618.283,259600786.0,,,,,,,,,,,
616.25,266329993.0,,,,,,,,,,,
628.295,273290467.0,,,,,,,,,,,
711.955,280325878.0,,,,,,,,,,,
658.539,287707539.0,,,,,,,,,,,
687.482,295113902.0,,,,,,,,,,,
659.928,302719388.0,,,,,,,,,,,
621.742,311829848.0,,,,,,,,,,,
649.678,321719678.0,,,,,,,,,,,
648.187,331110172.0,,,,,,,,,,,
693.547,340649422.0,,,,,,,,,,,
694.956,350714341.0,,,,,,,,,,,
702.157,360598492.0,,,,,,,,,,,
693.991,370450935.0,,,,,,,,,,,
778.767,380754981.0,,,,,,,,,,,
770.864,390930582.0,,,,,,,,,,80.59,
778.333,401370112.0,,,,,,,,,,86.34,
797.918,413349829.0,,,,,,,,,,89.21,
811.401,425985207.0,,,,,,,,,,91.62,
867.02,438315500.0,,,,,,,,,,98.09,
921.059,451026810.0,,,,,,,,,,105.42,
939.351,464643750.0,,,,,,,,,,110.86,
954.002,478557950.0,,,,,,,,,,115.0,
996.973,492420651.0,,,,,,,,,,119.13,
975.779,506630550.0,,,,,,,,,,123.76,
1010.112,521168124.0,,,,,,,,,,132.04,
944.45,536034115.0,,,,,,,,,,127.56,
885.968,550791385.0,,,,,,,,,,124.01,
854.95,564891338.0,,,,,,,,,,119.63,
856.591,579035766.0,,,,,,,,,,122.11,
796.135,593799102.0,,,,,,,,,,118.73,
830.969,609614594.0,,,,,,,,,,123.52,
828.593,626187698.0,,,,,,,,,,126.04,
861.4,643420791.0,,,,,,,,,,129.75,
872.842,661633048.0,,,,,,,,,,130.05,
837.249,680258922.0,,,,,,,,,,133.72,
856.518,698782037.0,,,,,,,,,,137.02,
,717587377.0,,,,,,,,,,,
,519235788.0,,,,,,,,,,,
,522741971.0,,,,,,,,,,,
,526655225.0,,,,,,,,,,,
,530967123.0,,,,,,,,,,,
,535332482.0,,,,,,,,,,,
,539753084.0,,,,,,,,,,,
,544231405.0,,,,,,,,,,,
,548785716.0,,,,,,,,,,,
,553417758.0,,,,,,,,,,,
,557502795.0,,,,,,,,,,,
,561030186.0,,,,,,,,,,,
,563970660.0,,,,,,,,,,,
,566359289.0,,,,,,,,,,,
,568157211.0,,,,,,,,,,,
,569977256.0,,,,,,,,,,,
,571822383.0,,,,,,,,,,,
,573626208.0,,,,,,,,,,,
,575352981.0,,,,,,,,,,,
,577370524.0,,,,,,,,,,,
,580264751.0,,,,,,,,,,,
,584067440.0,,,,,,,,,,,
,588657138.0,,,,,,,,,,,
,594046914.0,,,,,,,,,,,
,600264814.0,,,,,,,,,,,
,606568570.0,,,,,,,,,,,
,612958290.0,,,,,,,,,,,
,619436099.0,,,,,,,,,,,
,626002675.0,,,,,,,,,,,
,632660202.0,,,,,,,,,,,
,639833453.0,,,,,,,,,,,
,647578118.0,,,,,,,,,,,
,655902955.0,,,,,,,,,,,
,664821428.0,,,,,,,,,,,
,674299776.0,,,,,,,,,,,
,683929492.0,,,,,,,,,,,
,693704040.0,,,,,,,,,,,
,703623111.0,,,,,,,,,,,
,713683778.0,,,,,,,,,,,
,723902064.0,,,,,,,,,,,
,732805591.0,,,,,,,,,,,
,740422279.0,,,,,,,,,,,
,746744376.0,,,,,,,,,,,
,751678863.0,,,,,,,,,,,
,755022024.0,,,,,,,,,,,
,758100153.0,,,,,,,,,,,
,761312523.0,,,,,,,,,,,
,764892119.0,,,,,,,,,,,
,769021402.0,,,,,,,,,,,
,773464904.0,,,,,,,,,,,
,780366345.0,,,,,,,,,,,
,789659061.0,,,,,,,,,,,
,806659258.0,,,,,,,,,,,
,824322739.0,,,,,,,,,,,
,842609008.0,,,,,,,,,,,
,861652153.0,,,,,,,,,,,
,881619584.0,,,,,,,,,,,
,902303202.0,,,,,,,,,,,
,923719371.0,,,,,,,,,,,
,945638200.0,,,,,,,,,,,
,968358237.0,,,,,,,,,,,
,992041992.0,,,,,,,,,,,
,1016193166.0,,,,,,,,,,,
,1040961789.0,,,,,,,,,,,
,1066456125.0,,,,,,,,,,,
,1092568923.0,,,,,,,,,,,
1112.446,1118650842.0,,451.968,531.817,38.449,1022.233,0.0,0.0,90.212,90.212,,8.109
1182.321,1144744120.0,,449.159,597.114,41.496,1087.769,0.0,0.0,94.552,94.552,,7.997
1233.642,1171564606.0,,457.692,624.544,46.484,1128.72,0.0,0.0,104.922,104.922,,8.505
1330.831,1199280293.0,,474.538,682.64,50.331,1207.509,0.0,0.0,123.322,123.322,,9.267
1440.767,1227808434.0,,502.17,733.338,66.088,1301.595,0.0,0.0,137.115,137.115,,9.517
1500.167,1256736434.0,,477.317,786.473,84.596,1348.386,0.0,0.0,148.069,148.069,,9.87
1559.446,1285457753.0,,479.969,832.379,91.365,1403.713,0.0,0.0,152.836,152.836,,9.801
1641.785,1315146462.0,,502.114,883.192,99.362,1484.667,0.0,0.0,153.92,153.92,,9.375
1752.87,1346554674.0,,503.799,968.784,113.458,1586.041,0.0,0.0,160.207,160.207,,9.14
1843.748,1378703081.0,,569.162,980.672,127.301,1677.136,0.0,0.0,160.004,160.004,,8.678
2034.37,1411532827.0,,625.759,1067.222,149.584,1842.564,0.0,0.0,183.994,183.994,,9.044
2151.216,1444952534.0,,647.604,1130.323,168.955,1946.881,0.0,0.0,195.331,195.331,,9.08
2362.668,1479373685.0,,680.302,1256.891,205.335,2142.527,0.0,0.0,213.956,213.959,,9.056
2477.783,1514934199.0,,653.751,1325.393,229.852,2208.996,0.0,0.0,261.881,261.89,,10.569
2688.73,1551698522.0,,697.792,1427.738,297.801,2423.33,0.0,0.0,256.783,258.59,,9.55
2792.797,1590635339.0,,725.926,1456.933,331.348,2514.207,0.0,0.0,265.615,271.417,,9.511
3027.161,1631782844.0,,813.652,1528.65,385.977,2728.279,0.0,0.0,280.186,291.409,,9.256
3157.773,1673454338.0,,824.508,1619.684,438.172,2882.364,0.0,0.0,257.503,268.713,,8.155
3405.003,1715002716.0,,872.02,1757.567,497.093,3126.68,0.0,0.0,254.512,268.818,,7.475
3600.177,1757033374.0,,912.843,1858.213,521.346,3292.403,0.0,0.0,279.874,295.372,,7.774
7033.201,1799806499.0,,1972.507,2824.005,1728.785,6525.297,0.0,0.0,325.539,342.751,675.134,4.629
7186.34,1843201184.0,,2043.535,2839.676,1818.306,6701.518,0.0,0.0,331.73,347.897,707.656,4.616
7524.368,1886925482.0,,2142.936,2965.396,1906.699,7015.031,0.0,0.0,336.265,350.29,755.418,4.469
7795.721,1930937086.0,,2166.003,2995.362,2026.409,7187.773,0.0,0.0,370.897,385.85,803.869,4.758
8034.549,1975269229.0,,2184.105,3111.467,2124.836,7420.407,0.0,0.0,397.333,413.651,854.637,4.945
8890.769,2020653165.0,,2408.253,3313.468,2495.48,8217.201,0.0,0.09,417.78,438.072,893.252,4.699
8950.338,2066065851.0,,2385.368,3340.82,2531.463,8257.651,0.0,0.334,442.989,462.949,920.774,4.949
8801.772,2110223537.0,,2454.86,3202.893,2453.502,8111.255,0.0,0.262,441.614,461.512,922.626,5.017
8621.496,2153745205.0,,2424.505,3198.274,2276.633,7899.412,0.0,0.28,469.495,489.759,939.123,5.446
8649.532,2197553286.0,,2325.257,3247.45,2345.713,7918.42,0.0,0.566,495.79,520.054,960.365,5.732
9047.13,2241781730.0,,2429.05,3449.767,2429.898,8308.715,0.003,1.468,488.26,515.218,1017.111,5.397
9307.792,2285832700.0,,2355.115,3516.016,2673.132,8544.263,0.018,2.597,482.743,512.962,1044.198,5.186
9577.714,2330207743.0,,2456.165,3757.129,2625.597,8838.892,0.018,2.922,449.221,483.572,1091.169,4.69
9835.587,2375067059.0,,2542.705,3793.134,2672.366,9008.204,0.018,3.199,538.546,580.51,1148.025,5.475
10247.284,2419995017.0,,2546.381,3913.173,2962.427,9421.98,0.018,4.434,533.4,584.477,1213.32,5.205
10654.729,2465592691.0,,2721.398,4036.532,3076.413,9834.343,0.023,5.241,493.083,553.503,1397.23,4.628
10923.322,2511799308.0,,2777.524,4096.429,3216.0,10089.953,0.038,7.412,496.223,559.513,1456.3,4.543
11295.01,2556960325.0,,2882.952,4141.328,3434.605,10458.885,0.046,7.435,485.386,558.168,1529.02,4.297
11696.647,2601596128.0,,3075.613,4186.259,3571.408,10833.28,0.06,9.151,506.196,581.031,1611.86,4.328
12403.465,2646723113.0,,3206.789,4403.707,3789.629,11400.124,0.071,17.32,609.493,697.25,1726.96,4.914
12942.526,2691406988.0,,3485.724,4498.24,3953.524,11937.488,0.083,19.575,617.998,705.479,1793.24,4.775
13438.576,2735471783.0,,3624.879,4648.452,4080.316,12353.646,0.059,29.43,679.378,783.517,1885.25,5.055
14280.835,2779588288.0,,3996.22,4895.38,4253.305,13144.904,0.217,36.397,710.265,830.154,1982.58,4.974
14782.303,2823712552.0,,4251.856,5057.373,4386.184,13695.414,0.251,44.726,659.191,798.85,2040.66,4.459
15158.115,2868312458.0,,4400.287,5163.259,4517.45,14080.997,0.324,50.427,648.93,803.01,2121.0,4.281
15833.188,2914138506.0,,4601.286,5238.173,4826.867,14666.326,0.613,60.806,685.299,861.163,2310.53,4.328
16624.549,2960590210.0,,4878.61,5431.438,5020.971,15331.018,3.372,73.576,754.96,958.608,2465.83,4.541
17117.727,3006968165.0,,5201.765,5643.129,5016.629,15861.523,8.613,83.244,689.163,920.878,2608.78,4.026
17467.354,3053128864.0,,5376.29,5729.641,4943.532,16049.463,11.881,93.161,835.906,1090.886,2728.62,4.786
18111.314,3099123675.0,,5806.818,5741.47,5096.903,16645.191,16.259,104.435,833.183,1123.453,2909.43,4.6
18472.938,3144964232.0,,5970.308,5883.251,5170.309,17023.867,21.354,108.461,788.768,1103.475,3018.77,4.27
19241.176,3190920278.0,,6184.762,6187.411,5347.866,17720.039,39.649,140.353,812.516,1185.611,3190.64,4.223
19911.777,3236754793.0,,6333.072,6363.948,5540.039,18237.059,69.873,166.79,891.714,1322.134,3349.08,4.478
20977.078,3281847839.0,,6905.318,6479.478,5789.749,19174.545,112.542,195.998,880.804,1448.157,3544.76,4.199
21693.246,3326051409.0,,7243.495,6565.36,5891.063,19699.918,162.238,214.858,953.947,1629.695,3646.9,4.397
20892.402,3369707355.0,,6951.377,5936.771,5937.699,18825.846,224.33,210.923,960.843,1722.057,3595.4,4.599
22045.332,3411037255.0,,7616.952,6148.687,6059.685,19825.324,294.474,240.093,945.202,1844.987,3856.99,4.288
22950.164,3447030624.0,,8131.568,6671.568,5754.108,20557.244,363.374,255.201,1015.077,2049.895,3691.433,4.423
41.804,329793.0,5967663104.0,31.716,9.832,0.0,41.549,,,0.256,0.256,,0.611
40.057,333135.0,6038157312.0,28.638,11.19,0.0,39.827,,,0.23,0.23,,0.574
39.451,335567.0,6052326912.0,26.834,12.358,0.0,39.192,,,0.259,0.259,,0.658
42.669,337057.0,6305567232.0,28.762,13.642,0.0,42.404,,,0.265,0.265,,0.621
45.92,338287.0,6924149760.0,30.555,15.105,0.029,45.689,,,0.231,0.231,,0.502
47.681,339354.0,7042269696.0,31.33,16.023,0.073,47.426,,,0.255,0.255,,0.535
45.845,341980.0,7230460928.0,28.873,16.681,0.147,45.7,,,0.144,0.144,,0.314
47.275,346083.0,7706997760.0,28.416,17.517,1.172,47.105,,,0.17,0.17,,0.359
50.116,349199.0,8347719168.0,28.156,19.465,2.345,49.966,,,0.15,0.15,,0.299
50.894,351397.0,8699790336.0,30.017,17.505,3.151,50.672,,,0.222,0.222,,0.435
42.276,353675.0,8127705088.0,22.825,15.612,3.648,42.085,,,0.191,0.191,,0.453
42.343,355900.0,8333324800.0,21.139,16.907,4.176,42.222,,,0.121,0.121,,0.285
39.522,358272.0,8464074752.0,18.22,16.632,4.396,39.248,,,0.232,0.274,,0.588
41.118,361075.0,8810255360.0,19.263,16.75,4.836,40.848,,,0.221,0.269,,0.538
42.264,362940.0,9015468032.0,21.391,15.525,5.056,41.972,,,0.241,0.293,,0.571
38.961,363745.0,9092144128.0,21.22,12.988,4.45,38.658,,,0.255,0.303,,0.655
33.323,364484.0,9184694272.0,17.067,12.482,3.444,32.993,,,0.273,0.33,,0.818
31.22,365027.0,9144778752.0,15.717,12.347,2.857,30.921,,,0.242,0.3,,0.775
29.185,365448.0,9417148416.0,14.422,11.759,2.711,28.892,,,0.239,0.293,,0.818
31.444,365787.0,10000324608.0,16.419,11.779,2.931,31.129,,,0.254,0.315,,0.808
32.288,366471.0,10292481024.0,16.297,12.518,3.21,32.025,,,0.206,0.263,0.939,0.638
31.564,368179.0,11089389568.0,14.483,13.636,3.137,31.255,,,0.255,0.309,1.02,0.807
29.831,370536.0,11347894272.0,10.434,15.456,3.575,29.465,,,0.296,0.366,1.036,0.992
30.572,373436.0,12527435776.0,10.64,15.866,3.72,30.227,,,0.272,0.345,1.334,0.89
35.117,376960.0,13761264640.0,13.181,17.437,4.231,34.849,,,0.207,0.268,1.38,0.59
37.151,381275.0,14057150464.0,12.798,19.125,4.981,36.904,0.0,0.0,0.207,0.247,0.62,0.557
39.929,386405.0,15214076928.0,12.173,22.283,5.179,39.636,0.0,0.0,0.248,0.293,0.7,0.622
40.043,391524.0,15430616064.0,11.467,22.933,5.398,39.798,0.0,0.0,0.207,0.245,0.66,0.517
40.569,396705.0,16017019904.0,11.849,22.868,5.607,40.324,0.0,0.0,0.198,0.245,0.67,0.488
39.01,402049.0,16564453376.0,10.217,22.842,5.648,38.708,0.0,0.0,0.254,0.302,0.59,0.652
33.935,407639.0,16736430080.0,5.746,21.411,6.455,33.612,0.0,0.0,0.26,0.322,0.49,0.767
34.899,413202.0,16903203840.0,5.415,22.177,7.081,34.673,0.0,0.0,0.177,0.227,0.45,0.508
34.159,418413.0,17799362560.0,3.436,23.159,7.256,33.85,0.0,0.009,0.245,0.308,0.41,0.719
32.988,423579.0,18802137088.0,1.143,24.091,7.326,32.561,0.0,0.033,0.34,0.427,0.37,1.031
34.86,429352.0,20317839360.0,1.156,25.739,7.599,34.495,0.0,0.053,0.251,0.365,0.36,0.721
37.204,435634.0,21906683904.0,1.276,27.611,7.808,36.694,0.0,0.073,0.365,0.51,0.4,0.982
39.867,441254.0,22374428672.0,1.377,29.311,8.679,39.367,0.0,0.07,0.347,0.499,0.87,0.87
43.582,445920.0,23139020800.0,0.857,29.869,12.407,43.133,0.0,0.071,0.291,0.449,2.8,0.668
45.704,451351.0,23425226752.0,0.658,32.067,12.559,45.285,0.004,0.076,0.23,0.419,2.79,0.504
51.78,457798.0,24177319936.0,0.925,36.371,13.908,51.204,0.027,0.114,0.3,0.576,3.37,0.579
52.553,464868.0,24847697920.0,0.902,37.357,13.68,51.939,0.051,0.15,0.266,0.614,3.35,0.506
51.627,472402.0,26033442816.0,1.077,35.522,14.309,50.909,0.06,0.165,0.317,0.718,3.54,0.613
50.126,479877.0,28098930688.0,0.912,34.575,13.357,48.843,0.059,0.182,0.33,1.282,3.19,0.658
49.761,488643.0,27632140288.0,0.871,34.849,12.714,48.435,0.056,0.17,0.371,1.326,2.72,0.746
47.593,497876.0,26325504000.0,0.778,32.625,12.938,46.341,0.057,0.177,0.296,1.252,3.15,0.621
50.116,507075.0,27499366400.0,0.779,34.167,13.916,48.863,0.059,0.153,0.299,1.253,3.24,0.596
48.821,518207.0,28088633344.0,0.679,34.89,12.005,47.574,0.071,0.177,0.174,1.247,2.64,0.356
47.953,530596.0,27989147648.0,0.625,33.673,12.224,46.521,0.105,0.212,0.27,1.432,2.76,0.562
45.692,543068.0,29106192384.0,0.557,33.112,10.35,44.019,0.201,0.226,0.325,1.673,1.84,0.711
44.274,556075.0,30743879680.0,0.621,31.917,9.806,42.344,0.257,0.216,0.292,1.93,1.91,0.66
43.034,569415.0,31975024640.0,0.571,31.355,8.943,40.87,0.279,0.274,0.267,2.165,1.34,0.621
42.459,583355.0,33357813760.0,0.592,31.313,8.247,40.152,0.268,0.272,0.309,2.307,0.79,0.728
44.355,596290.0,33958649856.0,0.548,32.776,8.061,41.385,0.289,0.625,0.228,2.97,0.9,0.514
46.431,607920.0,35015057408.0,0.486,34.679,7.951,43.115,0.314,0.674,0.245,3.316,0.96,0.529
47.288,619981.0,,0.532,35.057,7.956,43.544,0.344,0.741,0.282,3.744,1.07,0.596
40.498,630401.0,,0.447,28.419,7.225,36.092,0.424,0.922,0.241,4.406,1.22,0.594
43.275,639330.0,,0.489,30.598,7.79,38.878,0.471,0.822,0.279,4.397,1.23,0.646
39.073,647601.0,,0.514,28.196,6.122,34.833,0.565,0.873,0.18,4.24,1.13,0.461
2.021,245339.0,,,,,,,,,,,
1.952,248707.0,,,,,,,,,,,
2.078,256699.0,,,,,,,,,,,
2.897,266261.0,,,,,,,,,,,
3.183,276605.0,,,,,,,,,,,
2.629,287712.0,,,,,,,,,,,
3.758,299494.0,,,,,,,,,,,
4.091,311819.0,,,,,,,,,,,
3.979,324489.0,,,,,,,,,,,
4.238,337342.0,,,,,,,,,,,
4.47,350240.0,,,,,,,,,,,
4.405,362393.0,,,,,,,,,,,
4.556,372377.0,,,,,,,,,,,
5.001,380721.0,,,,,,,,,,,
5.338,388787.0,,,,,,,,,,,
5.528,396651.0,,,,,,,,,,,
6.107,404305.0,,,,,,,,,,,
6.262,411708.0,,,,,,,,,,,
6.692,418782.0,,,,,,,,,,,
7.106,425521.0,,,,,,,,,,,
6.901,431904.0,,,,,,,,,,1.39,
7.109,439129.0,,,,,,,,,,1.41,
7.658,449675.0,,,,,,,,,,1.51,
7.861,462538.0,,,,,,,,,,1.62,
9.338,475536.0,,,,,,,,,,1.81,
9.595,488628.0,,,,,,,,,,1.9,
10.218,501870.0,,,,,,,,,,1.57,
10.461,515336.0,,,,,,,,,,1.43,
9.314,529048.0,,,,,,,,,,1.14,
9.939,543026.0,,,,,,,,,,1.38,
10.255,557307.0,,,,,,,,,,1.01,
10.314,571014.0,,,,,,,,,,0.83,
10.392,582776.0,,,,,,,,,,0.53,
10.539,593382.0,,,,,,,,,,0.39,
11.388,604163.0,,,,,,,,,,0.6,
12.959,615243.0,,,,,,,,,,0.96,
12.785,626694.0,,,,,,,,,,0.99,
15.746,638612.0,,,,,,,,,,1.47,
14.942,650996.0,,,,,,,,,,0.66,
15.28,663660.0,,,,,,,,,,0.83,
13.965,676287.0,,,,,,,,,,0.56,
14.693,686616.0,,,,,,,,,,0.59,
,2678373.0,,,,,,,,,,,
,2661485.0,,,,,,,,,,,
,2646307.0,,,,,,,,,,,
,2632815.0,,,,,,,,,,,
,2619388.0,,,,,,,,,,,
,2606027.0,,,,,,,,,,,
,2592730.0,,,,,,,,,,,
,2579499.0,,,,,,,,,,,
,2566331.0,,,,,,,,,,,
,2554245.0,,,,,,,,,,,
,2543231.0,,,,,,,,,,,
,2533278.0,,,,,,,,,,,
,2524377.0,,,,,,,,,,,
,2516519.0,,,,,,,,,,,
,2508682.0,,,,,,,,,,,
,2500866.0,,,,,,,,,,,
,2493071.0,,,,,,,,,,,
,2485298.0,,,,,,,,,,,
,2480328.0,,,,,,,,,,,
,2483766.0,,,,,,,,,,,
,2495724.0,,,,,,,,,,,
,2516310.0,,,,,,,,,,,
,2545639.0,,,,,,,,,,,
,2583823.0,,,,,,,,,,,
,2622580.0,,,,,,,,,,,
,2661919.0,,,,,,,,,,,
,2701848.0,,,,,,,,,,,
,2742376.0,,,,,,,,,,,
,2783511.0,,,,,,,,,,,
,2824690.0,,,,,,,,,,,
,2865906.0,,,,,,,,,,,
,2907150.0,,,,,,,,,,,
,2948415.0,,,,,,,,,,,
,2989693.0,,,,,,,,,,,
,3031549.0,,,,,,,,,,,
,3073990.0,,,,,,,,,,,
,3117026.0,,,,,,,,,,,
,3160665.0,,,,,,,,,,,
,3204914.0,,,,,,,,,,,
,3252418.0,,,,,,,,,,,
,3303271.0,,,,,,,,,,,
,3357567.0,,,,,,,,,,,
,3415404.0,,,,,,,,,,,
,3476882.0,,,,,,,,,,,
,3539465.0,,,,,,,,,,,
,3603176.0,,,,,,,,,,,
,3668033.0,,,,,,,,,,,
,3734058.0,,,,,,,,,,,
,3801271.0,,,,,,,,,,,
,3874476.0,,,,,,,,,,,
,3953898.0,7004582400.0,,,,,,,,,,
,4050689.0,7264858112.0,,,,,,,,,,
,4149959.0,7530163712.0,,,,,,,,,,
,4252322.0,7805707264.0,,,,,,,,,,
,4358099.0,8091949056.0,,,,,,,,,,
,4467594.0,8389455872.0,,,,,,,,,,
,4580879.0,8698908672.0,,,,,,,,,,
,4698045.0,9021302784.0,,,,,,,,,,
,4819238.0,9356975104.0,,,,,,,,,,
,4944331.0,9701159936.0,,,,,,,,,,
,5073347.0,9828725760.0,,,,,,,,,,
,5206249.0,10034249728.0,,,,,,,,,,
,5343120.0,10265982976.0,,,,,,,,,,
,5484253.0,10169563136.0,,,,,,,,,,
,5630035.0,10573920256.0,,,,,,,,,,
,5780461.0,10525386752.0,,,,,,,,,,
,5936462.0,10744599552.0,,,,,,,,,,
,6099529.0,11338855424.0,,,,,,,,,,
,6270533.0,12111318016.0,,,,,,,,,,
,6450330.0,12570159104.0,,,,,,,,,,
,6639750.0,13220068352.0,,,,,,,,,,
,6840461.0,13744101376.0,,,,,,,,,,
,7051096.0,13569936384.0,,,,,,,,,,
,7268563.0,13224829952.0,,,,,,,,,,
,7491937.0,13481208832.0,,,,,,,,,,
,7720864.0,13648802816.0,,,,,,,,,,
,7955196.0,13225735168.0,,,,,,,,,,
,8195146.0,13547776000.0,,,,,,,,,,
,8440924.0,13191752704.0,,,,,,,,,,
,8692290.0,14488666112.0,,,,,,,,,,
5.516,8948166.0,14601291776.0,,,,,,,,,,
4.913,9207319.0,13336635392.0,,,,,,,,,,
4.517,9470993.0,13085727744.0,,,,,,,,,,
5.82,9740092.0,13200908288.0,,,,,,,,,,
5.821,10015022.0,12711398400.0,,,,,,,,,,
6.171,10297741.0,12997106688.0,,,,,,,,,,
4.376,10588432.0,13084804096.0,,,,,,,,,,
6.062,10890521.0,13381197824.0,,,,,,,,,,
6.603,11206792.0,13587105792.0,,,,,,,,,,
4.957,11536740.0,14122743808.0,,,,,,,,,,
4.897,11882763.0,14680679424.0,,,,,,,,,,
5.073,12245266.0,13914944512.0,,,,,,,,,,
5.491,12623342.0,14242879488.0,,,,,,,,,,
5.551,13020110.0,14700457984.0,,,,,,,,,,
6.035,13436125.0,14863616000.0,,,,,,,,,,
6.333,13869136.0,15289518080.0,,,,,,,,,,
6.513,14317462.0,15795872768.0,,,,,,,,,,
6.664,14778913.0,16564064256.0,,,,,,,,,,
6.77,15250936.0,17398032384.0,,,,,,,,,,
6.787,15730885.0,18421676032.0,,,,,,,,,,
9.587,16216432.0,19464169472.0,,,,,,,,,0.78,
9.408,16709664.0,20859228160.0,,,,,,,,,0.89,
7.267,17211938.0,18482849792.0,,,,,,,,,0.87,
9.301,17724310.0,20521011200.0,,,,,,,,,0.99,
10.116,18250776.0,21848336384.0,,,,,,,,,1.1,
9.791,18792174.0,23144978432.0,,,,,,,,,1.11,
9.642,19350302.0,24668766208.0,,,,,,,,,1.13,
10.29,19924960.0,26556518400.0,,,,,,,,,1.18,
10.902,20513594.0,28779950080.0,,,,,,,,,1.23,
9.619,21117092.0,27740018688.0,,,,,,,,,1.23,
10.197,21731052.0,28135004160.0,,,,,,,,,1.32,
11.428,22348158.0,28854022144.0,,,,,,,,,1.34,
13.497,22966242.0,29729054720.0,,,,,,,,,1.7,
14.16,23588078.0,30395787264.0,,,,,,,,,1.85,
15.378,24215980.0,31415408640.0,,,,,,,,,1.97,
16.818,24850912.0,32385245184.0,,,,,,,,,2.06,
17.631,25501944.0,33738278912.0,,,,,,,,,2.02,
16.165,26169540.0,35065204736.0,,,,,,,,,2.2,
15.56,26846544.0,36665933824.0,,,,,,,,,2.27,
18.687,27533134.0,,,,,,,,,,2.01,
12.631,28225182.0,,,,,,,,,,1.97,
14.679,28915652.0,,,,,,,,,,2.09,
3.545,6267373.0,6283546112.0,,,,,,,,,,
3.711,6519893.0,5974818304.0,,,,,,,,,,
3.509,6784349.0,6028067328.0,,,,,,,,,,
3.268,7058317.0,6284869120.0,,,,,,,,,,
3.248,7338998.0,6571625472.0,,,,,,,,,,
3.585,7625083.0,7081270784.0,,,,,,,,,,
3.551,7909822.0,7121541120.0,,,,,,,,,,
3.711,8295992.0,7284503552.0,,,,,,,,,,
3.722,8754782.0,7481569792.0,,,,,,,,,,
4.189,9174895.0,7846863360.0,,,,,,,,,,
4.707,9539669.0,8210711040.0,,,,,,,,,,
5.38,9831584.0,8886467584.0,,,,,,,,,,
5.457,10115423.0,8192293888.0,,,,,,,,,,
5.336,10257232.0,8945961984.0,,,,,,,,,,
5.664,10131796.0,7996238848.0,,,,,,,,,,
5.898,10112813.0,9062586368.0,,,,,,,,,,
5.984,10310525.0,9927493632.0,,,,,,,,,,
6.019,10512681.0,10535372800.0,,,,,,,,,,
6.386,10732462.0,10605721600.0,,,,,,,,,,
6.305,10973953.0,10931503104.0,,,,,,,,,,
6.808,11229380.0,10965810176.0,,,,,,,,,1.24,
6.686,11498822.0,10477105152.0,,,,,,,,,1.26,
6.606,11784500.0,10619106304.0,,,,,,,,,1.33,
6.94,12087968.0,11173209088.0,,,,,,,,,1.35,
7.401,12411343.0,11727015936.0,,,,,,,,,1.49,
7.2,12755647.0,12058077184.0,,,,,,,,,1.53,
7.436,13118309.0,12575064064.0,,,,,,,,,1.56,
7.408,13495463.0,13731751936.0,,,,,,,,,1.59,
8.444,13889420.0,14709903360.0,,,,,,,,,1.73,
7.863,14298937.0,15876241408.0,,,,,,,,,1.71,
9.428,14718426.0,16885784576.0,,,,,,,,,1.96,
9.494,15146095.0,17638377472.0,,,,,,,,,2.01,
9.532,15581250.0,17964285952.0,,,,,,,,,2.09,
9.691,16024775.0,18903971840.0,,,,,,,,,2.09,
9.974,16477972.0,19988979712.0,,,,,,,,,2.21,
9.611,16938944.0,20572940288.0,,,,,,,,,2.21,
10.123,17405624.0,21039450112.0,,,,,,,,,2.2,
10.432,17881172.0,21881028608.0,,,,,,,,,2.09,
9.962,18367886.0,22574655488.0,,,,,,,,,1.64,
10.147,18867340.0,,,,,,,,,,1.7,
9.752,19377058.0,,,,,,,,,,1.71,
9.248,19889742.0,,,,,,,,,,1.42,
,2094024.0,1825202432.0,,,,,,,,,,
,2153226.0,2174814208.0,,,,,,,,,,
,2210550.0,2388048384.0,,,,,,,,,,
,2265841.0,2119723648.0,,,,,,,,,,
,2322511.0,2029155840.0,,,,,,,,,,
,2380595.0,2186629632.0,,,,,,,,,,
,2440128.0,2067315328.0,,,,,,,,,,
,2501146.0,2276902400.0,,,,,,,,,,
,2563685.0,2700988160.0,,,,,,,,,,
,2624687.0,2592514816.0,,,,,,,,,,
,2684056.0,3106403328.0,,,,,,,,,,
,2741696.0,3364428800.0,,,,,,,,,,
,2797504.0,3308826112.0,,,,,,,,,,
,2851375.0,3974380032.0,,,,,,,,,,
,2906279.0,4544274432.0,,,,,,,,,,
,2962236.0,4944763904.0,,,,,,,,,,
,3019266.0,4543474176.0,,,,,,,,,,
,3077388.0,5734960640.0,,,,,,,,,,
,3140574.0,6110256128.0,,,,,,,,,,
,3206111.0,6519441920.0,,,,,,,,,,
,3274070.0,6332875264.0,,,,,,,,,,
,3344525.0,7859630080.0,,,,,,,,,,
,3417552.0,8891872256.0,,,,,,,,,,
,3493228.0,7754507776.0,,,,,,,,,,
,3570579.0,7897353216.0,,,,,,,,,,
,3649643.0,6843330048.0,,,,,,,,,,
,3730458.0,8799028224.0,,,,,,,,,,
,3813063.0,8458825728.0,,,,,,,,,,
,3897496.0,10709926912.0,,,,,,,,,,
,3982894.0,13898990592.0,,,,,,,,,,
,4069257.0,13890965504.0,,,,,,,,,,
,4156587.0,13865146368.0,,,,,,,,,,
,4244888.0,12856039424.0,,,,,,,,,,
,4334158.0,13106755584.0,,,,,,,,,,
,4425306.0,13447899136.0,,,,,,,,,,
,4518371.0,13145466880.0,,,,,,,,,,
,4613393.0,14509881344.0,,,,,,,,,,
,4710414.0,16123379712.0,,,,,,,,,,
,4809474.0,13097291776.0,,,,,,,,,,
,4906611.0,13638105088.0,,,,,,,,,,
,5001715.0,11069058048.0,,,,,,,,,,
,5094675.0,10958042112.0,,,,,,,,,,
,5185374.0,14913863680.0,,,,,,,,,,
,5273693.0,,,,,,,,,,,
,5363517.0,,,,,,,,,,,
,5454871.0,,,,,,,,,,,
,5547780.0,,,,,,,,,,,
,5642272.0,9859344384.0,,,,,,,,,,
,5738373.0,11186658304.0,,,,,,,,,,
,5848384.0,14788840448.0,,,,,,,,,,
,5972878.0,15987990528.0,,,,,,,,,,
,6118741.0,15105320960.0,,,,,,,,,,
,6273221.0,15824946176.0,,,,,,,,,,
,6435030.0,15901922304.0,,,,,,,,,,
,6605400.0,16904214528.0,,,,,,,,,,
,6786083.0,17014372352.0,,,,,,,,,,
,6977026.0,18039670784.0,,,,,,,,,,
,7178108.0,17947285504.0,,,,,,,,,,
,7385695.0,17939273728.0,,,,,,,,,,
,7602946.0,19161571328.0,,,,,,,,,,
,7833788.0,20557094912.0,,,,,,,,,,
,8074800.0,21987710976.0,,,,,,,,,,
,8324221.0,23236757504.0,,,,,,,,,,
,8579358.0,24334878720.0,,,,,,,,,,
,8835933.0,25880614912.0,,,,,,,,,,
33.086,9091017.0,27746652160.0,0.174,31.176,,,0.0,,1.736,1.736,,
38.272,9340245.0,29125220352.0,0.233,35.994,,,0.0,,2.046,2.046,,
41.102,9582092.0,29621778432.0,0.14,38.819,,,0.0,,2.144,2.144,,
42.503,9821309.0,32227313664.0,0.14,39.986,,,0.0,,2.377,2.377,,
46.635,10061684.0,34076721152.0,0.174,43.462,,,0.0,,2.998,2.998,,
44.263,10306509.0,36156456960.0,0.186,40.441,0.081,40.709,0.0,,3.554,3.554,,8.03
49.442,10552565.0,38820380672.0,0.477,45.044,0.829,46.349,0.0,0.0,3.093,3.093,,6.256
55.072,10801631.0,41749893120.0,1.21,49.29,1.161,51.66,0.0,0.0,3.412,3.412,,6.196
58.027,11062667.0,47796125696.0,1.151,52.439,1.161,54.751,0.0,0.0,3.276,3.276,,5.646
58.828,11335200.0,51361124352.0,1.151,52.283,2.419,55.854,0.0,0.0,2.975,2.975,,5.057
60.674,11617957.0,51780284416.0,0.105,54.681,2.916,57.702,0.0,0.0,2.972,2.972,,4.898
67.75,11910081.0,58225278976.0,0.116,61.359,3.472,64.947,0.0,0.0,2.803,2.803,,4.138
79.25,12218924.0,62980902912.0,0.128,73.671,3.177,76.976,0.0,0.0,2.274,2.274,,2.869
105.269,12543894.0,68504293376.0,0.279,78.813,23.504,102.596,0.0,0.0,2.673,2.673,,2.539
121.07,12875017.0,74075578368.0,0.395,88.162,29.249,117.807,0.0,0.0,3.263,3.263,,2.695
126.612,13215709.0,80232407040.0,0.581,95.848,26.016,122.446,0.0,0.0,4.166,4.166,,3.29
130.891,13564596.0,85915672576.0,1.082,103.317,21.876,126.274,0.0,0.0,4.617,4.617,,3.527
140.161,13921034.0,91022696448.0,0.989,107.189,27.54,135.717,0.0,0.0,4.443,4.443,,3.17
160.962,14292864.0,96580485120.0,2.57,114.619,38.6,155.789,0.0,0.0,5.172,5.172,,3.213
173.472,14686459.0,104084234240.0,2.78,112.664,47.823,163.266,0.0,0.0,10.206,10.206,,5.883
171.884,15108141.0,103003217920.0,3.71,110.848,46.183,160.741,0.0,0.0,11.143,11.143,14.944,6.483
188.659,15558747.0,104308424704.0,2.756,102.054,71.664,176.474,0.0,0.0,12.185,12.185,16.131,6.459
194.529,16033107.0,109808533504.0,3.803,104.553,71.49,179.845,0.0,0.0,14.684,14.684,17.421,7.548
204.603,16524616.0,119529209856.0,3.024,111.707,72.932,187.662,0.0,0.0,16.94,16.94,19.352,8.28
228.992,17020144.0,130700369920.0,13.921,115.9,83.515,213.336,0.0,0.0,15.656,15.656,21.515,6.837
240.986,17517060.0,143192113152.0,15.411,134.572,79.096,229.079,0.0,0.0,11.907,11.907,23.016,4.941
301.866,18017470.0,157980852224.0,18.154,152.953,117.603,288.71,0.0,0.0,13.157,13.157,26.552,4.358
340.554,18526708.0,173287833600.0,19.06,181.018,127.802,327.881,0.0,0.0,12.674,12.674,31.381,3.721
342.515,19050074.0,191825428480.0,15.934,186.719,125.511,328.164,0.0,0.0,14.35,14.35,34.877,4.19
363.737,19588706.0,211032850432.0,17.701,196.541,130.326,344.567,0.0,0.0,19.17,19.17,39.754,5.27
397.951,20136886.0,233476947968.0,19.397,224.806,135.362,379.565,0.0,0.0,18.387,18.387,46.575,4.62
444.273,20689060.0,258686615552.0,19.49,246.506,162.948,428.944,0.0,0.0,15.329,15.329,53.409,3.45
515.451,21249178.0,279679762432.0,18.851,281.968,202.292,503.112,0.0,0.0,12.34,12.34,59.935,2.394
495.441,21810542.0,260986650624.0,20.118,257.747,204.397,482.262,0.0,0.0,13.179,13.179,64.141,2.66
529.429,22368652.0,279023157248.0,22.547,251.904,232.647,507.097,0.0,0.0,22.331,22.331,68.17,4.218
611.257,22945152.0,305415979008.0,28.893,272.321,287.54,588.754,0.0,0.0,20.681,22.504,70.47,3.383
625.815,23542522.0,309255241728.0,34.53,294.536,277.096,606.162,0.0,0.0,17.821,19.653,76.35,2.848
659.175,24142448.0,328308785152.0,42.328,318.863,280.888,642.078,0.0,0.0,15.805,17.096,80.59,2.398
714.156,24739420.0,349844013056.0,61.784,333.622,302.659,698.065,0.0,0.0,14.762,16.091,82.76,2.067
771.64,25333250.0,376296144896.0,77.079,349.72,326.943,753.741,0.0,0.0,16.059,17.899,95.45,2.081
835.079,25923540.0,397908672512.0,80.065,362.191,373.73,815.987,0.0,0.0,17.201,19.092,98.39,2.06
843.833,26509416.0,423206289408.0,84.819,350.319,388.64,823.778,0.0,0.0,17.991,20.055,103.25,2.132
900.057,27092604.0,453156765696.0,102.822,373.591,404.015,880.427,0.0,0.0,16.844,19.629,108.24,1.871
932.623,27664304.0,478516183040.0,113.689,358.462,435.497,907.648,0.0,0.0,21.938,24.975,113.62,2.352
903.049,28217208.0,474711556096.0,123.463,355.621,400.223,879.308,0.0,0.0,19.242,23.741,115.94,2.131
932.974,28717728.0,514171994112.0,171.742,359.263,380.231,911.236,0.0,0.0,17.655,21.738,124.78,1.892
949.202,29184140.0,545368309760.0,171.683,366.934,383.174,921.792,0.0,0.0,22.224,27.411,127.03,2.341
1038.408,29660216.0,575191121920.0,184.584,402.152,420.157,1006.893,0.019,0.0,25.366,31.515,133.99,2.443
1086.738,30134806.0,602189201408.0,175.112,427.704,445.673,1048.489,0.384,0.0,32.156,38.249,140.9,2.959
1097.615,30606454.0,638408589312.0,178.482,429.458,447.092,1055.032,0.615,0.0,36.269,42.583,147.47,3.304
1114.688,31068834.0,670135287808.0,202.296,398.843,468.398,1069.537,0.735,0.0,37.497,45.151,150.11,3.364
1172.769,31526414.0,698530070528.0,217.847,443.611,449.93,1111.387,0.83,0.0,53.605,61.382,156.65,4.571
1188.313,31975812.0,738639609856.0,241.405,417.297,450.442,1109.144,0.878,0.0,71.445,79.17,160.64,6.012
1209.563,32399270.0,773658509312.0,258.943,423.141,446.778,1128.862,1.672,0.0,69.649,80.701,170.58,5.758
1240.763,32804024.0,,244.729,459.972,452.151,1156.852,3.702,0.0,69.052,83.911,178.46,5.565
1195.112,33199988.0,,288.092,379.553,436.137,1103.781,5.149,0.0,73.335,91.331,169.31,6.136
1272.354,33573872.0,,262.446,411.584,494.484,1168.514,6.582,0.0,80.837,103.839,175.68,6.353
1343.512,33938216.0,,260.545,479.647,493.819,1234.011,7.094,0.0,84.758,109.501,180.51,6.309
0.062,164900.0,,,,,,,,,,,
0.062,169677.0,,,,,,,,,,,
0.062,174531.0,,,,,,,,,,,
0.062,179353.0,,,,,,,,,,,
0.248,184398.0,,,,,,,,,,,
0.247,190400.0,,,,,,,,,,,
0.286,197237.0,,,,,,,,,,,
0.286,204268.0,,,,,,,,,,,
0.349,211172.0,,,,,,,,,,,
0.348,217949.0,,,,,,,,,,,
0.422,224976.0,,,,,,,,,,,
0.422,232159.0,,,,,,,,,,,
0.423,239146.0,,,,,,,,,,,
0.494,245852.0,,,,,,,,,,,
0.99,252211.0,,,,,,,,,,,
1.361,258217.0,,,,,,,,,,,
1.424,263861.0,,,,,,,,,,,
1.23,269054.0,,,,,,,,,,,
1.355,273806.0,,,,,,,,,,,
1.355,278121.0,,,,,,,,,,,
2.862,282520.0,,,,,,,,,,0.1,
2.4,287330.0,,,,,,,,,,0.11,
2.869,292293.0,,,,,,,,,,0.12,
2.494,297232.0,,,,,,,,,,0.13,
3.263,302142.0,,,,,,,,,,0.15,
2.954,307023.0,,,,,,,,,,0.17,
3.744,314411.0,,,,,,,,,,0.2,
3.879,325135.0,,,,,,,,,,0.23,
4.217,336890.0,,,,,,,,,,0.26,
4.48,349040.0,,,,,,,,,,0.28,
4.529,361579.0,,,,,,,,,,0.34,
4.894,374450.0,,,,,,,,,,0.36,
6.235,387552.0,,,,,,,,,,0.39,
6.578,400741.0,,,,,,,,,,0.4,
8.817,416746.0,,,,,,,,,,0.51,
6.599,435590.0,,,,,,,,,,0.57,
7.001,454263.0,,,,,,,,,,0.61,
7.264,472449.0,,,,,,,,,,0.62,
8.336,489773.0,,,,,,,,,,0.64,
9.368,504518.0,,,,,,,,,,0.64,
8.904,514451.0,,,,,,,,,,0.61,
9.214,521469.0,,,,,,,,,,0.66,
2.054,7372590.0,7893522944.0,,,,,,,,,,
2.646,7532866.0,7633887744.0,,,,,,,,,,
2.118,7696350.0,7198211584.0,,,,,,,,,,
2.172,7863941.0,7514189824.0,,,,,,,,,,
2.208,8030108.0,7840599040.0,,,,,,,,,,
2.383,8187658.0,8016483840.0,,,,,,,,,,
1.974,8334593.0,8528636416.0,,,,,,,,,,
2.241,8474335.0,8685988864.0,,,,,,,,,,
1.434,8617480.0,8679173120.0,,,,,,,,,,
2.438,8774126.0,9552949248.0,,,,,,,,,,
2.48,8945030.0,9628796928.0,,,,,,,,,,
2.485,9123965.0,10269519872.0,,,,,,,,,,
2.677,9310571.0,9995125760.0,,,,,,,,,,
2.7,9506515.0,10249530368.0,,,,,,,,,,
2.706,9711802.0,10520796160.0,,,,,,,,,,
2.715,9921096.0,10736651264.0,,,,,,,,,,
2.813,10131913.0,11389968384.0,,,,,,,,,,
2.85,10359310.0,11793164288.0,,,,,,,,,,
2.914,10620471.0,12008589312.0,,,,,,,,,,
2.916,10916998.0,12634194944.0,,,,,,,,,,
4.403,11239103.0,12490369024.0,,,,,,,,,0.39,
4.455,11583825.0,14257387520.0,,,,,,,,,0.4,
4.314,11952660.0,14544527360.0,,,,,,,,,0.41,
4.329,12342167.0,15730793472.0,,,,,,,,,0.43,
4.502,12751997.0,15828927488.0,,,,,,,,,0.46,
4.986,13180556.0,16700208128.0,,,,,,,,,0.78,
5.852,13623541.0,17320427520.0,,,,,,,,,0.84,
6.889,14080916.0,17779654656.0,,,,,,,,,0.83,
8.225,14551122.0,18486106112.0,,,,,,,,,1.0,
10.396,15032645.0,19186286592.0,,,,,,,,,1.12,
11.761,15529183.0,20054726656.0,,,,,,,,,1.71,
12.897,16039734.0,20518699008.0,,,,,,,,,1.9,
13.714,16514689.0,20330371072.0,,,,,,,,,2.26,
14.118,17004038.0,20797007872.0,,,,,,,,,2.28,
15.783,17551824.0,22278942720.0,,,,,,,,,2.36,
17.258,18112910.0,23621842944.0,,,,,,,,,2.32,
21.92,18700108.0,24912134144.0,,,,,,,,,2.77,
23.834,19311356.0,26166958080.0,,,,,,,,,3.29,
24.794,19934304.0,27521622016.0,,,,,,,,,3.53,
25.333,20567430.0,,,,,,,,,,3.32,
24.257,21224042.0,,,,,,,,,,3.2,
25.597,21904990.0,,,,,,,,,,3.39,
5.512,333593.0,3246888960.0,,,,,,,,,,
6.059,336625.0,3354326016.0,,,,,,,,,,
6.432,339676.0,3431474688.0,,,,,,,,,,
4.562,342891.0,3410439936.0,,,,,,,,,,
6.445,346094.0,3442460160.0,,,,,,,,,,
4.434,349122.0,3531468800.0,,,,,,,,,,
5.798,352095.0,3668678912.0,,,,,,,,,,
6.476,355177.0,3819621376.0,,,,,,,,,,
7.226,358450.0,4140703488.0,,,,,,,,,,
7.444,361913.0,4479557120.0,,,,,,,,,,
8.106,365396.0,4761399808.0,,,,,,,,,1.11,
8.54,368676.0,5061075456.0,,,,,,,,,1.42,
8.976,371892.0,5300727296.0,,,,,,,,,1.49,
9.475,375257.0,5540228096.0,,,,,,,,,1.5,
10.143,378568.0,5855593984.0,,,,,,,,,1.54,
9.842,381860.0,6229765120.0,,,,,,,,,1.63,
10.209,385271.0,6467464192.0,,,,,,,,,1.66,
10.89,388843.0,6810149888.0,,,,,,,,,1.69,
11.406,392487.0,7162084864.0,,,,,,,,,1.72,
12.646,395993.0,7503059968.0,,,,,,,,,1.85,
18.515,399212.0,8014503936.0,,,,,,,,,1.92,
20.395,402163.0,8066432512.0,,,,,,,,,1.94,
19.9,404708.0,8310288384.0,,,,,,,,,2.05,
23.127,406926.0,8525085184.0,,,,,,,,,2.24,
24.279,408805.0,8566343168.0,,,,,,,,,2.22,
20.713,410217.0,8894058496.0,,,,,,,,,2.24,
21.168,411204.0,9060388864.0,,,,,,,,,2.26,
23.06,412091.0,9425146880.0,,,,,,,,,2.3,
23.882,413407.0,9744470016.0,,,,,,,,,2.31,
25.45,415509.0,9508432896.0,,,,,,,,,2.17,
30.381,418758.0,9849064448.0,,,,,,,,,2.11,
28.884,423577.0,9990638592.0,,,,,,,,,2.17,
27.543,429912.0,10262471680.0,,,,,,,,,2.3,
26.145,437531.0,10776326144.0,,,,,,,,,2.26,
26.757,446449.0,11795842048.0,,,,,,,,,2.25,
29.281,456585.0,12842327040.0,,,,,,,,,1.3,
32.549,467717.0,13651020800.0,,,,,,,,,0.86,
37.074,479507.0,14540544000.0,,,,,,,,,1.65,
38.703,491590.0,15606394880.0,,,,,,,,,1.97,
40.333,503646.0,,,,,,,,,,2.07,
37.14,515364.0,,,,,,,,,,2.15,
39.15,526751.0,,,,,,,,,,2.22,
,533293.0,,,,,,,,,,2.0,
2.744,333798.0,,,,,,,,,,,
2.736,334723.0,,,,,,,,,,,
2.736,336863.0,,,,,,,,,,,
2.675,340272.0,,,,,,,,,,,
2.378,344350.0,,,,,,,,,,,
2.918,348739.0,,,,,,,,,,,
3.04,353347.0,,,,,,,,,,,
3.473,358155.0,,,,,,,,,,,
4.236,363118.0,,,,,,,,,,,
5.851,368415.0,,,,,,,,,,,
6.393,374280.0,,,,,,,,,,,
5.342,380973.0,,,,,,,,,,,
5.88,388251.0,,,,,,,,,,,
8.011,395567.0,,,,,,,,,,,
7.914,402801.0,,,,,,,,,,,
8.026,409952.0,,,,,,,,,,,
8.048,417051.0,,,,,,,,,,,
8.15,424146.0,,,,,,,,,,,
8.088,430307.0,,,,,,,,,,,
8.088,433427.0,,,,,,,,,,,
9.409,432555.0,,,,,,,,,,1.05,
9.443,429324.0,,,,,,,,,,1.2,
9.848,425469.0,,,,,,,,,,1.25,
9.707,419148.0,,,,,,,,,,1.3,
9.74,410136.0,,,,,,,,,,1.34,
9.558,400375.0,,,,,,,,,,1.4,
9.56,395559.0,,,,,,,,,,1.46,
9.931,395828.0,,,,,,,,,,1.51,
9.977,395490.0,,,,,,,,,,1.55,
9.96,394219.0,,,,,,,,,,1.59,
9.933,392183.0,,,,,,,,,,1.52,
10.325,389625.0,,,,,,,,,,1.46,
0.0,386991.0,,,,,,,,,,0.0,
0.0,384725.0,,,,,,,,,,0.0,
0.0,384393.0,,,,,,,,,,0.0,
0.0,383523.0,,,,,,,,,,0.0,
0.0,380350.0,,,,,,,,,,0.0,
0.0,377458.0,,,,,,,,,,0.0,
0.0,374843.0,,,,,,,,,,0.0,
0.0,372254.0,,,,,,,,,,0.0,
8.987,370399.0,,,,,,,,,,0.0,
8.987,368799.0,,,,,,,,,,0.0,
2.654,1506704.0,2598690048.0,,,,,,,,,,
2.545,1551693.0,2704691968.0,,,,,,,,,,
2.573,1598346.0,2495375872.0,,,,,,,,,,
2.579,1646348.0,2559344128.0,,,,,,,,,,
3.789,1695676.0,2503909888.0,,,,,,,,,,
3.767,1746270.0,2587945984.0,,,,,,,,,,
2.166,1798015.0,2739492096.0,,,,,,,,,,
2.987,1851100.0,2799555072.0,,,,,,,,,,
3.85,1905852.0,2834516992.0,,,,,,,,,,
4.43,1955044.0,2940273920.0,,,,,,,,,,
3.981,2006035.0,2908675072.0,,,,,,,,,,
4.165,2066307.0,3053303296.0,,,,,,,,,,
13.498,2147536.0,3186885632.0,,,,,,,,,,
13.816,2237070.0,3536022016.0,,,,,,,,,,
13.778,2315198.0,3783132416.0,,,,,,,,,,
13.98,2380345.0,3768651776.0,,,,,,,,,,
14.146,2428830.0,4253698560.0,,,,,,,,,,
14.16,2484287.0,4166595328.0,,,,,,,,,,
14.215,2550504.0,4371026432.0,,,,,,,,,,
14.215,2620616.0,4762457088.0,,,,,,,,,,
5.046,2695018.0,4838789632.0,,,,,,,,,0.23,
5.267,2761830.0,5040767488.0,,,,,,,,,0.27,
5.655,2821709.0,5178323968.0,,,,,,,,,0.5,
5.923,2883328.0,5603752960.0,,,,,,,,,0.47,
6.369,2946583.0,6050710528.0,,,,,,,,,0.51,
6.647,3012363.0,6728916992.0,,,,,,,,,0.5,
6.474,3081228.0,8166141440.0,,,,,,,,,0.45,
7.31,3153519.0,8570478592.0,,,,,,,,,0.47,
8.994,3233342.0,8846256128.0,,,,,,,,,0.55,
8.931,3322625.0,8935093248.0,,,,,,,,,0.58,
8.872,3419462.0,9559709696.0,,,,,,,,,0.64,
9.551,3524250.0,10187327488.0,,,,,,,,,0.83,
10.567,3636122.0,10792467456.0,,,,,,,,,0.91,
9.612,3742965.0,11410721792.0,,,,,,,,,0.94,
11.508,3843181.0,12165303296.0,,,,,,,,,0.98,
11.662,3946225.0,12316128256.0,,,,,,,,,1.14,
10.89,4051896.0,12527539200.0,,,,,,,,,1.21,
16.321,4160018.0,12897399808.0,,,,,,,,,1.51,
17.4,4270717.0,13278341120.0,,,,,,,,,1.69,
18.19,4383853.0,,,,,,,,,,1.82,
17.476,4498605.0,,,,,,,,,,1.77,
18.407,4614981.0,,,,,,,,,,1.88,
3.978,954876.0,6716996096.0,,,,,,,,,,
3.527,969806.0,7111819264.0,,,,,,,,,,
3.507,984181.0,7502798336.0,,,,,,,,,,
3.64,998001.0,7532347392.0,,,,,,,,,,
3.929,1011951.0,7891903488.0,,,,,,,,,,
4.199,1025777.0,8434796032.0,,,,,,,,,,
5.218,1039034.0,9255124992.0,,,,,,,,,,
4.611,1051817.0,10196916224.0,,,,,,,,,,
6.162,1064328.0,10886205440.0,,,,,,,,,,
7.167,1076973.0,11383072768.0,,,,,,,,,,
7.945,1090296.0,12196699136.0,,,,,,,,,,
8.048,1104267.0,12478497792.0,,,,,,,,,,
9.62,1118719.0,13020290048.0,,,,,,,,,,
9.692,1133260.0,13435076608.0,,,,,,,,,,
9.659,1147165.0,13759042560.0,,,,,,,,,,
10.344,1160218.0,14115228672.0,,,,,,,,,,
10.363,1172545.0,14580008960.0,,,,,,,,,,
10.471,1184265.0,15156261888.0,,,,,,,,,,
10.762,1194879.0,15794113536.0,,,,,,,,,,
11.871,1205416.0,15922504704.0,,,,,,,,,,
16.069,1215930.0,16925978624.0,,,,,,,,,1.68,
16.401,1225272.0,17186686976.0,,,,,,,,,1.8,
16.111,1233974.0,17171389440.0,,,,,,,,,1.85,
16.461,1242343.0,17855117312.0,,,,,,,,,1.98,
16.964,1250388.0,18301759488.0,,,,,,,,,2.05,
18.18,1258050.0,18300743680.0,,,,,,,,,2.14,
18.978,1264777.0,18854696960.0,,,,,,,,,2.22,
19.697,1270591.0,19614978048.0,,,,,,,,,2.32,
20.27,1275691.0,20333457408.0,,,,,,,,,2.43,
19.555,1279868.0,20585805824.0,,,,,,,,,2.46,
21.067,1283347.0,21054191616.0,,,,,,,,,2.57,
21.594,1286239.0,21489166336.0,,,,,,,,,2.6,
21.74,1288753.0,22182113280.0,,,,,,,,,2.64,
22.077,1290698.0,22889261056.0,,,,,,,,,2.73,
22.753,1292112.0,23718518784.0,,,,,,,,,2.8,
23.597,1293159.0,24548311040.0,,,,,,,,,2.86,
24.531,1293909.0,25506041856.0,,,,,,,,,2.9,
26.914,1294743.0,26478841856.0,,,,,,,,,2.97,
28.407,1295386.0,27474712576.0,,,,,,,,,2.97,
29.555,1296284.0,,,,,,,,,,3.09,
24.977,1297830.0,,,,,,,,,,2.74,
25.621,1298922.0,,,,,,,,,,2.88,
,13261087.0,24791953408.0,,,,,,,,,,
,13411660.0,26918535168.0,,,,,,,,,,
,13550290.0,24971583488.0,,,,,,,,,,
,13676676.0,27800788992.0,,,,,,,,,,
,13804239.0,28302336000.0,,,,,,,,,,
,13932988.0,31268251648.0,,,,,,,,,,
,14062935.0,30925469696.0,,,,,,,,,,
,14194091.0,32756832256.0,,,,,,,,,,
,14326467.0,32683708416.0,,,,,,,,,,
,14429522.0,33653268480.0,,,,,,,,,,
,14503032.0,33600000000.0,,,,,,,,,,
,14546769.0,32228499456.0,,,,,,,,,,
,14560504.0,31922380800.0,,,,,,,,,,
,14544007.0,29999880192.0,,,,,,,,,,
,14527526.0,30024720384.0,,,,,,,,,,
,14511060.0,29571100672.0,,,,,,,,,,
,14494609.0,31822200832.0,,,,,,,,,,
,14478175.0,33144600576.0,,,,,,,,,,
,14468493.0,34435358720.0,,,,,,,,,,
,14502107.0,35769090048.0,,,,,,,,,,
,14579605.0,38024798208.0,,,,,,,,,,
,14701588.0,37863088128.0,,,,,,,,,,
,14868662.0,38760497152.0,,,,,,,,,,
,15081445.0,40077135872.0,,,,,,,,,,
,15297272.0,39381508096.0,,,,,,,,,,
,15516188.0,41854558208.0,,,,,,,,,,
,15738237.0,44379869184.0,,,,,,,,,,
,15963464.0,42362040320.0,,,,,,,,,,
,16191914.0,42612346880.0,,,,,,,,,,
,16433663.0,40904998912.0,,,,,,,,,,
,16689077.0,38351773696.0,,,,,,,,,,
,16958527.0,39644639232.0,,,,,,,,,,
,17242393.0,33623099392.0,,,,,,,,,,
,17541066.0,37516165120.0,,,,,,,,,,
,17844913.0,40136318976.0,,,,,,,,,,
,18154022.0,43177517056.0,,,,,,,,,,
,18468486.0,46533758976.0,,,,,,,,,,
,18788397.0,48076341248.0,,,,,,,,,,
,19113850.0,48848695296.0,,,,,,,,,,
,19510841.0,51520790528.0,,,,,,,,,,
,19982850.0,52206080000.0,,,,,,,,,,
,20533490.0,57374789632.0,,,,,,,,,,
,21166520.0,60655644672.0,,,,,,,,,,
,21885841.0,62923501568.0,,,,,,,,,,
,22629608.0,68156530688.0,,,,,,,,,,
,23398651.0,71385513984.0,,,,,,,,,,
,24193829.0,76266209280.0,,,,,,,,,,
,25016030.0,79008686080.0,,,,,,,,,,
,25866173.0,82416173056.0,,,,,,,,,,
,26727593.0,87151427584.0,,,,,,,,,,
,27600140.0,99982983168.0,,,,,,,,,,
,28328022.0,107605073920.0,,,,,,,,,,
,29061668.0,111714836480.0,,,,,,,,,,
,29822098.0,111774670848.0,,,,,,,,,,
,30616898.0,123074543616.0,,,,,,,,,,
,31452140.0,133695447040.0,,,,,,,,,,
,32325944.0,143014019072.0,,,,,,,,,,
,33239524.0,154173456384.0,,,,,,,,,,
,34180100.0,162674933760.0,,,,,,,,,,
,35179436.0,167866105856.0,,,,,,,,,,
,36268048.0,182206283776.0,,,,,,,,,,
,37439316.0,191492751360.0,,,,,,,,,,
,38683280.0,200713961472.0,,,,,,,,,,
,39982116.0,217178570752.0,,,,,,,,,,
,41333880.0,243167756288.0,,,,,,,,,,
293.325,42737996.0,258981937152.0,8.022,178.448,80.647,267.117,,,26.208,26.208,,8.935
310.583,44180444.0,276900085760.0,8.557,186.994,85.113,280.664,,,29.919,29.919,,9.633
316.549,45656964.0,294308773888.0,10.499,200.276,73.197,283.972,,,32.577,32.577,,10.291
344.765,47170340.0,318504927232.0,11.006,217.784,78.592,307.382,,,37.382,37.382,,10.843
378.427,48714396.0,338814337024.0,11.157,230.158,97.471,338.786,,,39.641,39.641,,10.475
404.032,50289304.0,362723672064.0,12.512,247.475,99.675,359.662,,,44.37,44.37,,10.982
424.829,51897680.0,376060510208.0,15.709,262.437,103.595,381.74,0.0,0.0,43.089,43.089,,10.143
469.579,53543432.0,406222045184.0,17.362,295.513,110.78,423.654,0.0,0.0,45.925,45.925,,9.78
506.47,55228200.0,437262843904.0,18.612,316.246,122.746,457.604,0.0,0.0,48.409,48.866,,9.558
557.681,56945880.0,461217267712.0,20.562,357.252,129.147,506.962,0.0,0.0,49.405,50.719,,8.859
595.583,58691880.0,486091816960.0,23.618,394.211,131.39,549.22,0.0,0.0,44.893,46.363,,7.538
633.882,60452544.0,505910525952.0,18.125,434.236,128.855,581.216,0.0,0.0,51.023,52.666,,8.049
668.705,62262508.0,521365323776.0,26.07,448.203,135.999,610.272,0.0,0.0,56.753,58.433,,8.487
752.51,64124000.0,567422156800.0,27.181,504.619,171.059,702.859,0.0,0.0,47.953,49.65,,6.372
832.041,65972908.0,621948436480.0,26.703,541.542,207.655,775.9,0.0,0.0,53.249,56.141,,6.4
906.324,67705184.0,678622134272.0,27.038,603.669,223.017,853.725,0.0,0.0,50.003,52.599,,5.517
1002.081,69233768.0,737336098816.0,23.899,660.861,241.792,926.551,0.0,0.0,72.795,75.531,,7.264
1044.314,70656784.0,733602840576.0,28.621,684.273,259.956,972.851,0.0,0.0,67.786,71.463,,6.491
1032.646,72080312.0,708391993344.0,32.584,666.718,268.198,967.5,0.0,0.0,61.307,65.146,,5.937
1080.826,73489648.0,734058512384.0,32.677,705.731,268.584,1006.992,0.0,0.0,69.794,73.834,,6.457
1134.396,74872008.0,751167275008.0,35.422,734.98,275.279,1045.681,0.0,0.0,84.059,88.716,96.208,7.41
1100.674,76224360.0,728181047296.0,39.057,744.088,244.922,1028.067,0.0,0.0,62.976,72.607,99.59,5.722
1136.899,77553504.0,741613764608.0,37.773,780.321,249.243,1067.337,0.0,0.0,57.026,69.562,106.165,5.016
1145.465,78892016.0,751820210176.0,35.751,778.403,253.596,1067.749,0.0,0.0,64.569,77.715,112.231,5.637
1209.829,80233752.0,782981332992.0,39.573,832.999,247.964,1120.536,0.0,0.0,74.972,88.237,120.047,6.197
1319.072,81720424.0,823577542656.0,39.241,916.386,268.175,1223.802,0.003,0.003,72.39,86.935,117.592,5.488
1357.68,83351600.0,865148665856.0,37.955,941.725,282.361,1262.041,0.006,0.003,66.903,83.602,128.571,4.928
1384.109,84993160.0,902108282880.0,38.382,954.651,282.395,1275.428,0.009,0.003,79.288,97.561,132.276,5.728
1385.386,86648440.0,925343285248.0,43.292,947.339,283.265,1273.897,0.012,0.003,78.818,97.497,134.643,5.689
1464.644,88314416.0,972991954944.0,52.318,1021.431,301.03,1374.779,0.015,0.015,59.942,77.837,146.128,4.093
1439.337,89969568.0,916478951424.0,58.259,950.11,306.902,1315.271,0.015,0.021,81.609,100.11,150.356,5.67
1476.888,91586560.0,971219795968.0,66.8,964.544,312.783,1344.127,0.018,0.018,92.661,110.407,156.591,6.274
1512.699,93183088.0,1045710700544.0,66.864,1006.945,314.374,1388.183,0.018,0.035,77.952,94.847,166.748,5.153
1574.172,94767288.0,1105636622336.0,68.348,1054.369,334.79,1457.507,0.021,0.044,72.721,90.375,181.059,4.62
1597.065,96334808.0,1156619567104.0,69.548,1047.077,337.909,1454.533,0.021,0.05,96.73,114.151,189.979,6.057
1693.276,97873448.0,1241194692608.0,76.187,1117.636,359.133,1552.956,0.021,0.056,97.802,116.992,194.12,5.776
1679.593,99394288.0,1251502718976.0,83.674,1107.011,361.905,1552.589,0.024,0.053,83.537,102.405,201.17,4.974
1720.058,100917080.0,1275458093056.0,140.106,1051.178,410.688,1601.973,0.023,0.061,72.567,90.787,204.74,4.219
1740.948,102429344.0,1306677477376.0,103.318,1085.188,445.094,1633.6,0.023,0.055,57.574,78.122,202.54,3.307
1843.091,103945816.0,1373060333568.0,105.72,1137.849,480.219,1723.788,0.026,0.058,72.55,93.88,220.58,3.936
2019.614,105442400.0,1427076808704.0,133.43,1226.246,527.123,1886.799,0.026,0.054,79.344,103.126,231.37,3.929
2049.177,106886792.0,1510627082240.0,143.198,1184.833,582.883,1910.914,0.028,0.128,86.633,108.593,236.79,4.228
2068.458,108302976.0,1572355440640.0,131.584,1236.413,570.414,1938.41,0.025,0.701,77.306,101.773,243.92,3.737
2153.523,109684496.0,1607400947712.0,117.545,1275.893,599.966,1993.404,0.053,0.717,110.221,133.683,247.09,5.118
2117.228,111049424.0,1543872708608.0,119.746,1219.584,651.688,1991.019,0.075,1.665,74.627,98.068,245.45,3.525
2123.579,112532400.0,1637760630784.0,148.119,1171.315,660.445,1979.88,0.086,3.439,103.135,128.041,264.41,4.857
2219.981,114150480.0,1716060815360.0,171.327,1188.146,708.085,2067.558,0.113,4.547,100.058,125.715,280.24,4.507
2239.852,115755912.0,1785373786112.0,149.266,1213.666,736.538,2099.47,0.189,10.113,87.497,117.308,284.75,3.906
2241.271,117290680.0,1810561761280.0,148.227,1175.11,777.951,2101.287,0.289,11.405,76.37,109.124,287.28,3.407
2227.508,118755888.0,1851266170880.0,147.939,1121.492,788.484,2057.915,0.599,17.409,105.364,144.436,290.19,4.73
2202.979,120149896.0,1899585208320.0,147.65,1087.805,807.829,2043.285,0.545,23.55,83.19,129.777,297.88,3.776
2252.842,121519224.0,1923887267840.0,144.633,1117.598,830.3,2092.532,0.675,27.783,82.178,133.164,303.02,3.648
2295.823,122839256.0,1964635193344.0,176.753,1090.527,860.335,2127.615,3.158,28.262,84.756,140.415,309.14,3.692
2265.69,124013864.0,2006599729152.0,157.545,1021.209,902.736,2081.49,8.497,32.9,85.948,149.786,332.02,3.793
2239.439,125085312.0,,150.415,972.057,933.893,2056.365,26.266,44.092,62.23,154.77,318.08,2.779
2064.19,125998296.0,,66.491,838.368,945.19,1850.049,41.589,51.745,70.74,185.97,325.52,3.427
2219.266,126705136.0,,55.126,942.951,973.327,1971.404,52.844,55.146,91.244,217.924,336.95,4.111
2423.75,127504120.0,,69.79,1143.899,965.857,2179.545,50.249,52.969,93.121,217.061,349.5,3.842
1516.586,,,,,,,,,,,,
1636.828,,,,,,,,,,,,
1707.005,,,,,,,,,,,,
1632.797,,,,,,,,,,,,
1669.835,,,,,,,,,,,,
1745.157,,,,,,,,,,,,
1745.246,,,,,,,,,,,,
1768.954,,,,,,,,,,,,
1823.598,,,,,,,,,,,,
1928.707,,,,,,,,,,,,
1905.149,,,,,,,,,,,,
2006.064,,,,,,,,,,,,
2041.073,,,,,,,,,,,,
2164.782,,,,,,,,,,,,
2297.485,,,,,,,,,,,,
2272.619,,,,,,,,,,,,
2349.641,,,,,,,,,,,,
2408.958,,,,,,,,,,,,
2533.307,,,,,,,,,,,,
2532.8,,,,,,,,,,,,
2704.026,,,,,,,,,,,,
2737.31,,,,,,,,,,,,
2760.058,,,,,,,,,,,,
2852.149,,,,,,,,,,,,
2947.444,,,,,,,,,,,,
3019.847,,,,,,,,,,,,
3123.212,,,,,,,,,,,,
3149.251,,,,,,,,,,,,
3142.739,,,,,,,,,,,,
3101.767,,,,,,,,,,,,
3078.709,,,,,,,,,,,,
3212.439,,,,,,,,,,,,
3213.471,,,,,,,,,,,,
3250.826,,,,,,,,,,,,
3241.533,,,,,,,,,,,,
3282.3,,,,,,,,,,,,
3352.423,,,,,,,,,,,,
3359.294,,,,,,,,,,,,
3331.727,,,,,,,,,,,,
3363.916,,,,,,,,,,,,
2992.43,,,,,,,,,,,,
3100.232,,,,,,,,,,,,
0.0,76317.0,,,,,,,,,,,
0.0,78544.0,,,,,,,,,,,
0.0,80830.0,,,,,,,,,,,
0.0,83172.0,,,,,,,,,,,
0.0,85561.0,,,,,,,,,,,
0.0,87976.0,,,,,,,,,,,
0.0,90415.0,,,,,,,,,,,
0.0,92860.0,,,,,,,,,,,
0.0,95004.0,,,,,,,,,,,
0.0,96809.0,,,,,,,,,,,
0.0,98616.0,,,,,,,,,,,
0.0,100448.0,,,,,,,,,,,
0.0,102908.0,,,,,,,,,,,
0.0,106043.0,,,,,,,,,,,
0.0,108858.0,,,,,,,,,,,
0.0,110346.0,,,,,,,,,,,
0.0,110798.0,,,,,,,,,,,
0.0,111152.0,,,,,,,,,,,
0.0,111424.0,,,,,,,,,,,
0.0,111553.0,,,,,,,,,,,
0.526,111725.0,,,,,,,,,,,
0.598,111964.0,,,,,,,,,,,
0.556,112005.0,,,,,,,,,,,
0.6,111821.0,,,,,,,,,,,
0.577,111447.0,,,,,,,,,,,
0.492,110957.0,,,,,,,,,,,
0.507,110317.0,,,,,,,,,,,
0.565,109547.0,,,,,,,,,,,
0.492,108718.0,,,,,,,,,,,
0.68,107882.0,,,,,,,,,,,
0.475,107606.0,,,,,,,,,,,
0.549,107897.0,,,,,,,,,,,
0.611,108248.0,,,,,,,,,,,
0.644,108616.0,,,,,,,,,,,
0.674,109039.0,,,,,,,,,,,
0.709,109477.0,,,,,,,,,,,
0.749,109934.0,,,,,,,,,,,
0.757,110441.0,,,,,,,,,,,
0.764,110945.0,,,,,,,,,,,
0.721,111392.0,,,,,,,,,,,
0.723,112119.0,,,,,,,,,,,
0.723,113143.0,,,,,,,,,,,
38.014,,,2.116,24.154,0.108,26.378,,,11.636,11.636,,30.609
39.088,,,2.335,24.542,0.108,26.985,,,12.103,12.103,,30.963
38.78,,,2.229,25.013,0.165,27.407,,,11.373,11.373,,29.326
40.306,,,2.441,25.758,0.244,28.443,,,11.863,11.863,,29.433
42.232,,,2.621,26.483,0.234,29.339,,,12.892,12.892,,30.528
44.319,,,2.494,26.869,0.571,29.933,,,14.386,14.386,,32.459
50.356,,,2.586,31.118,1.306,35.009,,,15.347,15.347,,30.477
52.158,,,2.46,32.459,1.537,36.456,,,15.702,15.702,,30.104
58.361,,,2.497,33.635,5.208,41.34,,,17.02,17.02,,29.164
59.845,,,2.45,34.717,5.968,43.135,,,16.71,16.71,,27.922
56.822,,,2.396,33.801,2.27,38.468,,,18.354,18.354,,32.301
55.592,,,2.577,34.649,0.698,37.924,,,17.668,17.668,,31.781
59.042,,,2.606,37.209,1.095,40.91,,,18.132,18.132,,30.711
65.76,,,2.439,43.981,1.122,47.542,,,18.218,18.218,,27.704
66.135,,,2.188,44.275,1.046,47.509,,,18.626,18.626,,28.164
69.274,,,2.439,44.588,2.616,49.643,0.0,0.0,19.631,19.631,,28.339
73.486,,,2.481,47.207,3.063,52.751,0.0,0.0,20.734,20.734,,28.216
71.327,,,2.394,43.847,3.5,49.741,0.0,0.0,21.586,21.586,,30.263
78.973,,,2.347,50.074,3.757,56.178,0.0,0.0,22.795,22.795,,28.865
75.164,,,2.393,45.309,3.614,51.316,0.0,0.0,23.848,23.848,,31.728
84.411,,,2.386,50.88,4.103,57.369,0.0,0.0,27.042,27.042,9.739,32.036
83.573,,,2.43,48.557,4.678,55.665,0.0,0.0,27.908,27.908,10.05,33.394
85.364,,,2.465,49.547,5.397,57.408,0.0,0.0,27.955,27.955,10.088,32.749
89.728,,,2.487,52.386,6.456,61.329,0.0,0.0,28.399,28.399,10.238,31.65
94.606,,,2.555,53.233,4.972,60.76,0.0,0.0,33.846,33.846,11.942,35.775
87.719,,,2.58,48.543,6.165,57.288,0.0,0.0,30.422,30.431,10.888,34.681
82.907,,,0.608,46.208,6.566,53.382,0.0,0.0,29.499,29.524,10.615,35.581
85.106,,,0.608,46.063,6.412,53.083,0.0,0.0,31.998,32.023,11.401,37.597
84.491,,,0.1,47.799,6.367,54.266,0.0,0.0,30.2,30.225,10.753,35.743
81.886,,,0.079,47.066,5.935,53.079,0.0,0.0,28.777,28.806,10.308,35.143
85.019,,,0.665,45.67,6.627,52.963,0.0,0.0,32.027,32.056,11.44,37.671
85.227,,,0.68,45.851,6.541,53.071,0.0,0.0,32.134,32.156,11.616,37.703
84.829,,,0.692,47.462,6.675,54.829,0.0,0.0,29.978,30.0,11.059,35.339
81.829,,,0.73,44.828,6.9,52.459,0.0,0.0,29.348,29.37,10.943,35.865
85.227,,,0.52,47.448,6.693,54.662,0.0,0.0,30.543,30.565,11.517,35.837
94.097,,,0.445,53.025,6.985,60.455,0.0,0.0,33.62,33.643,12.68,35.729
96.136,,,0.324,55.153,6.477,61.954,0.0,0.0,34.16,34.182,13.05,35.533
101.431,,,0.31,58.657,8.173,67.14,0.001,0.0,34.267,34.291,13.309,33.784
108.777,,,0.322,64.489,8.695,73.505,0.002,0.0,35.248,35.272,14.045,32.404
131.23,,,0.86,68.216,21.543,90.619,0.002,0.0,40.586,40.611,15.817,30.927
128.06,,,1.027,64.643,20.857,86.528,0.004,0.0,41.506,41.532,16.533,32.411
143.584,,,1.307,74.333,21.24,96.88,0.005,0.0,44.624,46.704,18.84,31.079
148.023,,,1.429,83.523,19.922,104.873,0.013,0.0,42.87,43.15,18.89,28.961
162.63,,,1.211,94.876,20.639,116.726,0.022,0.0,45.61,45.903,20.459,28.045
171.913,,,1.557,106.777,18.171,126.505,0.029,0.0,45.127,45.408,21.493,26.25
190.146,,,1.585,112.929,28.655,143.169,0.038,0.0,46.726,46.978,22.549,24.574
198.948,,,1.444,120.161,29.819,151.423,0.046,0.0,47.256,47.525,23.055,23.753
216.881,,,0.554,132.761,36.834,170.149,0.055,0.0,46.444,46.732,23.793,21.414
244.868,,,0.363,150.878,40.558,191.799,0.064,0.0,52.756,53.069,28.398,21.545
257.266,,,0.206,160.751,39.779,200.736,0.077,0.0,56.191,56.53,31.325,21.842
257.128,,,0.177,156.912,43.277,200.366,0.088,0.0,56.53,56.762,33.774,21.985
258.462,,,0.735,143.249,55.274,199.258,0.103,0.024,58.924,59.204,34.326,22.798
253.003,,,2.57,129.294,54.543,186.406,0.121,0.024,66.296,66.597,35.566,26.204
263.437,,,2.964,130.741,55.161,188.867,0.185,0.024,74.2,74.57,39.605,28.166
269.09,,,1.687,138.492,50.589,190.769,0.184,0.023,77.946,78.321,42.014,28.967
260.032,,,2.074,118.679,52.936,173.689,0.184,0.023,85.968,86.343,43.69,33.061
271.757,,,2.301,125.987,59.451,187.739,0.183,0.023,83.645,84.018,44.346,30.779
258.966,,,2.5,117.5,53.177,173.177,1.191,0.023,84.408,85.789,45.406,32.594
538.785,,,2.53,491.446,37.872,531.848,,,6.937,6.937,,1.287
560.266,,,2.771,503.79,46.177,552.738,,,7.529,7.529,,1.344
592.233,,,3.053,525.956,54.859,583.868,,,8.365,8.365,,1.412
625.324,,,3.357,541.72,71.136,616.213,,,9.111,9.111,,1.457
662.222,,,3.702,563.472,85.006,652.18,,,10.042,10.042,,1.516
706.619,,,4.072,597.932,94.029,696.034,,,10.585,10.585,,1.498
760.175,,,2.899,640.984,105.188,749.071,0.0,0.0,11.103,11.103,,1.461
818.535,,,4.464,681.816,118.744,805.024,0.0,0.0,13.511,13.511,,1.651
902.283,,,7.542,739.853,143.798,891.193,0.0,0.0,11.09,11.09,,1.229
960.314,,,8.194,786.391,151.488,946.073,0.0,0.0,14.241,14.241,,1.483
954.329,,,15.095,752.722,170.424,938.242,0.0,0.0,16.087,16.087,,1.686
1075.821,,,14.882,858.677,183.559,1057.118,0.0,0.0,18.703,18.703,,1.738
1224.664,,,15.055,974.566,214.054,1203.675,0.0,0.0,20.989,20.989,,1.714
1297.945,,,9.252,1025.797,233.88,1268.93,0.0,0.0,29.015,29.015,,2.235
1517.847,,,13.287,1159.357,316.769,1489.413,0.0,0.0,28.434,28.434,,1.873
1464.861,,,14.0,1105.209,317.02,1436.229,0.0,0.0,28.632,28.632,,1.955
1592.73,,,11.742,1207.33,343.455,1562.527,0.0,0.0,30.204,30.204,,1.896
1756.653,,,22.222,1319.088,383.982,1725.291,0.0,0.0,31.361,31.361,,1.785
1930.441,,,27.009,1480.368,392.84,1900.218,0.0,0.0,30.223,30.223,,1.566
2180.787,,,31.157,1614.484,504.473,2150.113,0.0,0.0,30.674,30.674,,1.407
2308.021,,,32.741,1700.023,544.392,2277.156,0.0,0.0,30.865,30.865,183.517,1.337
2422.058,,,34.936,1695.313,659.048,2389.297,0.0,0.0,32.76,32.76,197.336,1.353
2578.739,,,36.302,1778.617,722.674,2537.593,0.0,0.0,41.147,41.147,214.543,1.596
2728.765,,,35.591,1846.849,804.042,2686.483,0.0,0.0,42.282,42.282,228.936,1.549
2873.314,,,34.555,1894.504,906.927,2835.985,0.0,0.0,37.329,37.329,243.061,1.299
2990.031,,,35.826,1952.226,956.813,2944.865,0.0,0.003,45.163,45.166,258.168,1.51
3094.908,,,41.656,2019.692,1001.003,3062.352,0.0,0.003,32.554,32.557,248.315,1.052
3395.823,,,47.139,2151.942,1144.026,3343.105,0.0,0.003,52.714,52.717,285.963,1.552
3490.452,,,55.138,2304.286,1071.747,3431.171,0.0,0.003,59.278,59.281,319.845,1.698
3878.191,,,57.689,2531.698,1239.863,3829.25,0.0,0.003,48.937,48.94,339.699,1.262
3998.23,,,61.44,2518.178,1363.453,3943.071,0.0,0.003,55.156,55.159,354.378,1.38
4122.962,,,72.346,2573.598,1421.724,4067.668,0.0,0.003,55.291,55.294,372.021,1.341
4332.616,,,77.744,2704.904,1502.863,4285.511,0.0,0.009,47.096,47.105,397.135,1.087
4449.297,,,84.525,2691.877,1621.995,4398.396,0.0,0.009,50.891,50.9,427.556,1.144
4531.659,,,82.578,2683.801,1730.271,4496.65,0.0,0.112,34.896,35.008,447.813,0.77
4768.042,,,89.484,2813.708,1833.019,4736.211,0.0,0.117,31.705,31.832,478.264,0.665
5017.703,,,100.716,2934.262,1948.442,4983.42,0.0,0.137,34.131,34.284,509.056,0.68
5301.805,,,105.658,3000.645,2146.132,5252.436,0.0,0.129,49.106,49.369,546.468,0.926
5519.239,,,110.286,3101.614,2253.469,5465.369,0.0,0.124,53.608,53.87,574.159,0.971
5973.092,,,112.07,3310.306,2483.882,5906.258,0.0,0.177,66.515,66.835,608.108,1.114
6343.138,,,114.049,3497.199,2662.958,6274.206,0.0,0.246,68.487,68.931,658.475,1.08
6674.31,,,113.908,3660.727,2818.764,6593.399,0.0,0.397,80.395,80.911,697.863,1.205
6969.078,,,115.397,3717.966,3059.641,6893.005,0.0,0.438,75.514,76.073,748.33,1.084
7507.949,,,112.929,3984.709,3371.095,7468.733,0.01,0.59,38.471,39.215,773.667,0.512
7632.472,,,104.934,4024.043,3468.63,7597.606,0.096,0.672,33.837,34.865,818.401,0.443
8149.736,,,115.218,4180.119,3804.985,8100.321,0.271,0.506,48.268,49.414,892.599,0.592
8480.572,,,116.493,4326.834,3984.864,8428.19,0.625,0.619,50.361,52.098,909.459,0.594
8819.496,,,137.568,4506.606,4110.323,8754.496,1.182,0.81,58.698,61.18,973.775,0.666
9078.508,,,122.473,4644.245,4233.529,9000.246,1.859,0.643,64.074,67.133,1008.413,0.706
9413.472,,,122.352,4747.19,4474.281,9343.822,3.541,0.691,54.029,59.071,1082.985,0.574
9709.849,,,116.589,4739.224,4793.359,9649.172,4.925,0.755,45.154,51.644,1134.405,0.465
10054.771,,,105.745,4856.421,5011.665,9973.831,7.618,1.572,53.998,64.309,1166.777,0.537
10214.346,,,104.21,4908.092,5115.67,10127.973,10.258,2.176,54.927,68.605,1246.242,0.538
10252.215,,,102.636,4829.581,5247.672,10179.889,15.623,3.999,33.873,54.846,1255.285,0.33
10348.597,,,105.588,4708.94,5378.632,10193.16,26.434,4.39,106.988,139.221,1284.901,1.034
10072.886,,,102.698,4327.063,5499.459,9929.221,38.324,7.041,76.694,123.612,1297.89,0.761
10422.104,,,98.944,4555.926,5620.506,10275.376,50.318,7.568,51.979,111.362,1342.436,0.499
10869.412,,,102.829,4990.797,5605.597,10699.223,61.764,7.793,32.295,103.464,1365.114,0.297
1722.361,,,,,,,,,,,,
1802.668,,,,,,,,,,,,
1882.323,,,,,,,,,,,,
2109.096,,,,,,,,,,,,
2289.039,,,,,,,,,,,,
2527.922,,,,,,,,,,,,
2686.135,,,,,,,,,,,,
2856.726,,,,,,,,,,,,
3030.248,,,,,,,,,,,,
3183.39,,,,,,,,,,,,
3234.826,,,,,,,,,,,,
3298.365,,,,,,,,,,,,
3604.823,,,,,,,,,,,,
3774.597,,,,,,,,,,,,
3957.745,,,,,,,,,,,,
4044.231,,,,,,,,,,,,
4218.492,,,,,,,,,,,,
4563.989,,,,,,,,,,,,
4759.436,,,,,,,,,,,,
4885.75,,,,,,,,,,,,
5204.498,,,,,,,,,,,,
5415.912,,,,,,,,,,,,
5706.992,,,,,,,,,,,,
5855.841,,,,,,,,,,,,
6274.686,,,,,,,,,,,,
6885.245,,,,,,,,,,,,
7189.261,,,,,,,,,,,,
7599.668,,,,,,,,,,,,
8092.995,,,,,,,,,,,,
8424.062,,,,,,,,,,,,
9068.885,,,,,,,,,,,,
9499.256,,,,,,,,,,,,
9817.108,,,,,,,,,,,,
10069.75,,,,,,,,,,,,
10387.531,,,,,,,,,,,,
10134.75,,,,,,,,,,,,
10991.762,,,,,,,,,,,,
11261.773,,,,,,,,,,,,
11408.719,,,,,,,,,,,,
11392.686,,,,,,,,,,,,
10398.515,,,,,,,,,,,,
10586.737,,,,,,,,,,,,
,,,,,,,,,,,469.48,
,,,,,,,,,,,495.84,
,,,,,,,,,,,529.18,
,,,,,,,,,,,560.74,
,,,,,,,,,,,592.58,
,,,,,,,,,,,643.32,
,,,,,,,,,,,688.03,
,,,,,,,,,,,727.73,
,,,,,,,,,,,756.09,
,,,,,,,,,,,804.5,
,,,,,,,,,,,870.19,
,,,,,,,,,,,890.75,
,,,,,,,,,,,935.17,
,,,,,,,,,,,968.17,
,,,,,,,,,,,1034.27,
,,,,,,,,,,,1087.14,
,,,,,,,,,,,1111.67,
,,,,,,,,,,,1170.13,
,,,,,,,,,,,1165.33,
,,,,,,,,,,,1190.48,
,,,,,,,,,,,1200.31,
,,,,,,,,,,,1271.1,
,,,,,,,,,,,,
,,,,,,,,,,,,
,,,,,,,,,,,,
,,,,,,,,,,,,
,,,,,,,,,,,,
,,,,,,,,,,,,
,,,,,,,,,,,,
,,,,,,,,,,,,
,,,,,,,,,,,,
,,,,,,,,,,,,
,,,,,,,,,,,,
,,,,,,,,,,,,
,,,,,,,,,,,,
,,,,,,,,,,,,
,,,,,,,,,,,,
,,,,,,,,,,,,
,,,,,,,,,,,,
,,,,,,,,,,,,
,,,,,,,,,,,,
,,,,,,,,,,,,
,,,,,,,,,,,,
,,,,,,,,,,,,
,,,,,,,,,,,,
,,,,,,,,,,,,
,,,,,,,,,,,,
,,,,,,,,,,,,
,,,,,,,,,,,,
,,,,,,,,,,,,
,,,,,,,,,,,,
,,,,,,,,,,,,
,,,,,,,,,,,,
,,,,,,,,,,,,
,,,,,,,,,,,,
,,,,,,,,,,,,
,,,,,,,,,,,,
,,,,,,,,,,,,
,,,,,,,,,,,,
,,,,,,,,,,,,
,,,,,,,,,,,,
,,,,,,,,,,,,
,,,,,,,,,,,,
,,,,,,,,,,,,
,,,,,,,,,,,,
,,,,,,,,,,,,
,,,,,,,,,,,,
,,,,,,,,,,,,
,,,,,,,,,,,,
,,,,,,,,,,,,
,,,,,,,,,,,,
,,,,,,,,,,,,
,,,,,,,,,,,,
,,,,,,,,,,,,
,,,,,,,,,,,,
,,,,,,,,,,,,
,,,,,,,,,,,,
,,,,,,,,,,,,
,,,,,,,,,,,,
,,,,,,,,,,,,
,,,,,,,,,,,,
,,,,,,,,,,,,
,,,,,,,,,,,,
,,,,,,,,,,,,
,,,,,,,,,,,,
,,,,,,,,,,,,
,,,,,,,,,,,,
,,,,,,,,,,,,
,,,,,,,,,,,,
,,,,,,,,,,,,
,,,,,,,,,,,,
,,,,,,,,,,,,
,,,,,,,,,,,,
,,,,,,,,,,,,
,,,,,,,,,,,,
,,,,,,,,,,,,
,,,,,,,,,,,,
,,,,,,,,,,,,
,,,,,,,,,,,,
,,,,,,,,,,,,
,,,,,,,,,,,,
,,,,,,,,,,,,
,,,,,,,,,,,,
,,,,,,,,,,,,
,,,,,,,,,,,,
,,,,,,,,,,,,
,,,,,,,,,,,,
,,,,,,,,,,,,
,,,,,,,,,,,,
,,,,,,,,,,,,
,,,,,,,,,,,,
,,,,,,,,,,,,
,,,,,,,,,,,,
,,,,,,,,,,,,
,,,,,,,,,,,,
,,,,,,,,,,,,
,,,,,,,,,,,,
,,,,,,,,,,,,
,,,,,,,,,,,,
,,,,,,,,,,,,
,,,,,,,,,,,,
,,,,,,,,,,,,
,,,,,,,,,,,,
,,,,,,,,,,,,
,,,,,,,,,,,,
,,,,,,,,,,,,
,,,,,,,,,,,,
,,,,,,,,,,,,
,,,,,,,,,,,,
,,,,,,,,,,,,
,,,,,,,,,,,,
,,,,,,,,,,,,
,,,,,,,,,,,,
,,,,,,,,,,,,
,,,,,,,,,,,,
,,,,,,,,,,,,
,,,,,,,,,,,,
,,,,,,,,,,,,
,,,,,,,,,,,,
62.269,4494901.0,24417024000.0,,,,,,,,,,
46.393,4493699.0,23693266944.0,,,,,,,,,,
32.446,4482513.0,16084185088.0,,,,,,,,,,
33.192,4461238.0,15569821696.0,,,,,,,,,,
37.952,4430199.0,14391438336.0,,,,,,,,,,
41.741,4393794.0,14366543872.0,,,,,,,,,,
38.828,4353535.0,13191435264.0,,,,,,,,,,
31.711,4303942.0,12519938048.0,,,,,,,,,,
32.95,4251571.0,12554040320.0,,,,,,,,,5.31,
32.234,4200500.0,13087727616.0,,,,,,,,,5.64,
35.498,4147644.0,13857802240.0,,,,,,,,,5.77,
39.424,4093984.0,14513543168.0,,,,,,,,,5.95,
36.806,4046998.0,15302827008.0,,,,,,,,,5.8,
40.291,4001380.0,16157469696.0,,,,,,,,,5.97,
42.639,3942748.0,16628243456.0,,,,,,,,,6.08,
37.104,3876847.0,16819761152.0,,,,,,,,,5.88,
38.324,3812420.0,17815152640.0,,,,,,,,,6.01,
34.537,3749496.0,16449232896.0,,,,,,,,,6.19,
34.162,3678186.0,17302214656.0,,,,,,,,,6.11,
33.101,3595135.0,18154272768.0,,,,,,,,,5.79,
45.268,3507197.0,18018830336.0,,,,,,,,,5.8,
44.536,3416532.0,19713341440.0,,,,,,,,,4.5,
42.598,3338338.0,20658520064.0,,,,,,,,,5.39,
38.075,3277390.0,20576700416.0,,,,,,,,,6.04,
38.051,3225125.0,21399023616.0,,,,,,,,,5.85,
38.689,3180515.0,22402852864.0,,,,,,,,,4.96,
41.251,3141839.0,23299414016.0,,,,,,,,,5.38,
41.944,3109496.0,,,,,,,,,,5.69,
40.321,3084848.0,,,,,,,,,,6.18,
49.004,3061509.0,,,,,,,,,,6.66,
,3272993.0,,,,,,,,,,5.38,
,696737.0,,,,,,,,,,,
,698562.0,,,,,,,,,,,
,700663.0,,,,,,,,,,,
,703044.0,,,,,,,,,,,
,705433.0,,,,,,,,,,,
,707829.0,,,,,,,,,,,
,710234.0,,,,,,,,,,,
,712647.0,,,,,,,,,,,
,715068.0,,,,,,,,,,,
,717248.0,,,,,,,,,,,
,719186.0,,,,,,,,,,,
,720880.0,,,,,,,,,,,
,722329.0,,,,,,,,,,,
,723532.0,,,,,,,,,,,
,724737.0,,,,,,,,,,,
,725944.0,,,,,,,,,,,
,727154.0,,,,,,,,,,,
,728365.0,,,,,,,,,,,
,729664.0,,,,,,,,,,,
,730965.0,,,,,,,,,,,
,732268.0,,,,,,,,,,,
,733574.0,,,,,,,,,,,
,734882.0,,,,,,,,,,,
,736193.0,,,,,,,,,,,
,737506.0,,,,,,,,,,,
,738821.0,,,,,,,,,,,
,740138.0,,,,,,,,,,,
,741458.0,,,,,,,,,,,
,742780.0,,,,,,,,,,,
,744105.0,,,,,,,,,,,
,745432.0,,,,,,,,,,,
,746761.0,,,,,,,,,,,
,748093.0,,,,,,,,,,,
,749427.0,,,,,,,,,,,
,750764.0,,,,,,,,,,,
,752102.0,,,,,,,,,,,
,753444.0,,,,,,,,,,,
,754787.0,,,,,,,,,,,
,756133.0,,,,,,,,,,,
,757482.0,,,,,,,,,,,
,758832.0,,,,,,,,,,,
,760186.0,,,,,,,,,,,
,761541.0,,,,,,,,,,,
,762899.0,,,,,,,,,,,
,764260.0,,,,,,,,,,,
,765623.0,,,,,,,,,,,
,766988.0,,,,,,,,,,,
,768356.0,,,,,,,,,,,
,769726.0,,,,,,,,,,,
,774006.0,,,,,,,,,,,
,781264.0,527383008.0,,,,,,,,,,
,793058.0,549932992.0,,,,,,,,,,
,805035.0,575918976.0,,,,,,,,,,
,817524.0,603174016.0,,,,,,,,,,
,830704.0,632592000.0,,,,,,,,,,
,845000.0,663384000.0,,,,,,,,,,
,864384.0,698220032.0,,,,,,,,,,
,888964.0,736470016.0,,,,,,,,,,
,915704.0,776536000.0,,,,,,,,,,
,945444.0,822164992.0,,,,,,,,,,
,977906.0,870960000.0,,,,,,,,,,
,1011504.0,922097984.0,,,,,,,,,,
,1045316.0,975660032.0,,,,,,,,,,
,1075886.0,1026876032.0,,,,,,,,,,
,1104021.0,1089646976.0,,,,,,,,,,
,1134072.0,1152130048.0,,,,,,,,,,
,1165753.0,1216353024.0,,,,,,,,,,
,1198202.0,1290300032.0,,,,,,,,,,
,1230411.0,1362873984.0,,,,,,,,,,
,1261889.0,1443446016.0,,,,,,,,,,
,1293885.0,1530048000.0,,,,,,,,,,
,1327784.0,1598617984.0,,,,,,,,,,
,1363842.0,1659175936.0,,,,,,,,,,
,1402316.0,1806080000.0,,,,,,,,,,
,1443134.0,1882825984.0,,,,,,,,,,
,1485696.0,2005602048.0,,,,,,,,,,
,1529093.0,2083287040.0,,,,,,,,,,
,1572522.0,2246159872.0,,,,,,,,,,
,1615862.0,2416164096.0,,,,,,,,,,
,1657457.0,2516051968.0,,,,,,,,,,
43.601,1697787.0,2677789952.0,,,,,,,,,,
36.878,1739225.0,2903515904.0,,,,,,,,,,
46.062,1781808.0,3145476096.0,,,,,,,,,,
46.8,1825782.0,3328024064.0,,,,,,,,,,
46.295,1871654.0,3523040000.0,,,,,,,,,,
54.386,1919755.0,3725435904.0,,,,,,,,,,
59.2,1969916.0,4076226048.0,,,,,,,,,,
61.902,2021507.0,4221095936.0,,,,,,,,,,
65.104,2073778.0,4436184064.0,,,,,,,,,,
61.737,2120835.0,4620239872.0,,,,,,,,,,
57.101,2161440.0,4502882816.0,,,,,,,,,,
59.254,2200077.0,4287970048.0,,,,,,,,,,
52.94,2236503.0,4068637696.0,,,,,,,,,,
48.582,2270313.0,4139237888.0,,,,,,,,,,
45.29,2301514.0,4442844672.0,,,,,,,,,,
43.172,2330339.0,4952892928.0,,,,,,,,,,
44.448,2357038.0,5318280704.0,,,,,,,,,,
40.614,2381777.0,5799569920.0,,,,,,,,,,
41.314,2405156.0,6297035264.0,,,,,,,,,,
41.56,2428500.0,6816929792.0,,,,,,,,,,
43.362,2450988.0,7225650688.0,,,,,,,,,2.82,
43.276,2472612.0,7799420416.0,,,,,,,,,2.89,
46.155,2494622.0,8569503232.0,,,,,,,,,2.99,
43.815,2516461.0,9616039936.0,,,,,,,,,3.02,
43.011,2537955.0,11156312064.0,,,,,,,,,3.19,
44.603,2559258.0,12547451904.0,,,,,,,,,3.3,
48.041,2581245.0,14288905216.0,,,,,,,,,3.43,
50.428,2605647.0,16520107008.0,,,,,,,,,3.6,
49.832,2633896.0,18865760256.0,,,,,,,,,3.91,
50.457,2666718.0,19534581760.0,,,,,,,,,3.94,
49.192,2702527.0,21791068160.0,,,,,,,,,4.06,
51.2,2743946.0,26811267072.0,,,,,,,,,4.27,
55.022,2792354.0,30114910208.0,,,,,,,,,4.53,
58.388,2845160.0,33619040256.0,,,,,,,,,4.72,
57.184,2902826.0,36271697920.0,,,,,,,,,5.07,
56.872,2964756.0,37107212288.0,,,,,,,,,5.19,
59.658,3029559.0,37463158784.0,,,,,,,,,5.34,
65.152,3096033.0,39174762496.0,,,,,,,,,5.52,
71.146,3163994.0,41531756544.0,,,,,,,,,6.15,
78.482,3232435.0,,,,,,,,,,6.53,
67.128,3294340.0,,,,,,,,,,6.72,
75.016,3347782.0,,,,,,,,,,7.12,
,3398373.0,,,,,,,,,,7.27,
,632885.0,5587145728.0,,,,,,,,,2.87,
15.352,632551.0,6395709440.0,,,,,,,,,2.95,
13.809,631931.0,7462959616.0,,,,,,,,,2.14,
15.605,631475.0,8414771200.0,,,,,,,,,2.83,
13.46,631187.0,8371377664.0,,,,,,,,,2.76,
16.806,631048.0,9033098240.0,,,,,,,,,4.02,
13.863,631801.0,9801452544.0,,,,,,,,,2.65,
13.469,633053.0,9593079808.0,,,,,,,,,2.85,
14.505,633951.0,9985414144.0,,,,,,,,,3.94,
12.962,634301.0,10205667328.0,,,,,,,,,3.17,
13.335,633969.0,10689585152.0,,,,,,,,,3.0,
13.316,633264.0,10966155264.0,,,,,,,,,3.14,
12.434,632445.0,11443806208.0,,,,,,,,,2.48,
13.799,631459.0,11980409856.0,,,,,,,,,3.8,
12.898,630403.0,,,,,,,,,,3.43,
11.287,629058.0,,,,,,,,,,3.39,
11.892,627856.0,,,,,,,,,,3.77,
,627082.0,,,,,,,,,,3.23,
0.062,11472.0,,,,,,,,,,,
0.062,11392.0,,,,,,,,,,,
0.062,11321.0,,,,,,,,,,,
0.062,11257.0,,,,,,,,,,,
0.062,11192.0,,,,,,,,,,,
0.125,11133.0,,,,,,,,,,,
0.051,11098.0,,,,,,,,,,,
0.064,11045.0,,,,,,,,,,,
0.064,10986.0,,,,,,,,,,,
0.064,10918.0,,,,,,,,,,,
0.075,10828.0,,,,,,,,,,,
0.131,10593.0,,,,,,,,,,,
0.132,10131.0,,,,,,,,,,,
0.131,9571.0,,,,,,,,,,,
0.131,8982.0,,,,,,,,,,,
0.194,8365.0,,,,,,,,,,,
0.194,7737.0,,,,,,,,,,,
0.194,7092.0,,,,,,,,,,,
0.194,6435.0,,,,,,,,,,,
0.194,5790.0,,,,,,,,,,,
0.116,5166.0,,,,,,,,,,0.01,
0.116,4727.0,,,,,,,,,,0.01,
0.168,4627.0,,,,,,,,,,0.02,
0.168,4652.0,,,,,,,,,,0.02,
0.168,4682.0,,,,,,,,,,0.02,
0.168,4717.0,,,,,,,,,,0.02,
0.168,4756.0,,,,,,,,,,0.02,
0.186,4793.0,,,,,,,,,,0.02,
0.239,4836.0,,,,,,,,,,0.02,
0.202,4896.0,,,,,,,,,,0.02,
0.27,4960.0,,,,,,,,,,0.02,
0.187,4989.0,,,,,,,,,,0.02,
0.181,4999.0,,,,,,,,,,0.02,
0.228,5035.0,,,,,,,,,,0.02,
0.213,5075.0,,,,,,,,,,0.02,
0.24,5083.0,,,,,,,,,,0.02,
0.137,5108.0,,,,,,,,,,0.02,
0.123,4723.0,,,,,,,,,,0.02,
0.137,4381.0,,,,,,,,,,0.02,
0.137,4528.0,,,,,,,,,,0.02,
0.115,4526.0,,,,,,,,,,0.01,
0.122,4438.0,,,,,,,,,,0.01,
,4681030.0,,,,,,,,,,,
,4744697.0,,,,,,,,,,,
,4815374.0,,,,,,,,,,,
,4893229.0,,,,,,,,,,,
,4972344.0,,,,,,,,,,,
,5052737.0,,,,,,,,,,,
,5134431.0,,,,,,,,,,,
,5217445.0,,,,,,,,,,,
,5301801.0,,,,,,,,,,,
,5375224.0,,,,,,,,,,,
,5437479.0,,,,,,,,,,,
,5488325.0,,,,,,,,,,,
,5527518.0,,,,,,,,,,,
,5554809.0,5785652224.0,,,,,,,,,,
,5582234.0,,,,,,,,,,,
,5609795.0,,,,,,,,,,,
,5637492.0,,,,,,,,,,,
,5665326.0,,,,,,,,,,,
,5693973.0,,,,,,,,,,,
,5729691.0,,,,,,,,,,,
,5772593.0,,,,,,,,,,,
,5822794.0,,,,,,,,,,,
,5880407.0,,,,,,,,,,,
,5945551.0,,,,,,,,,,,
,6011417.0,,,,,,,,,,,
,6078012.0,,,,,,,,,,,
,6145344.0,,,,,,,,,,,
,6213423.0,,,,,,,,,,,
,6282256.0,,,,,,,,,,,
,6360339.0,,,,,,,,,,,
,6447923.0,,,,,,,,,,,
,6545268.0,,,,,,,,,,,
,6652636.0,,,,,,,,,,,
,6770297.0,,,,,,,,,,,
,6890039.0,,,,,,,,,,,
,7011899.0,,,,,,,,,,,
,7135915.0,,,,,,,,,,,
,7262123.0,,,,,,,,,,,
,7390564.0,,,,,,,,,,,
,7517200.0,,,,,,,,,,,
,7641938.0,,,,,,,,,,,
,7764682.0,,,,,,,,,,,
,7885334.0,,,,,,,,,,,
,8003793.0,,,,,,,,,,,
,8124032.0,,,,,,,,,,,
,8246076.0,,,,,,,,,,,
,8369954.0,,,,,,,,,,,
,8495694.0,,,,,,,,,,,
,8623322.0,,,,,,,,,,,
,8773203.0,,,,,,,,,,,
,8946213.0,21667307520.0,,,,,,,,,,
,9188598.0,22388535296.0,,,,,,,,,,
,9438851.0,23128557568.0,,,,,,,,,,
,9696707.0,23881492480.0,,,,,,,,,,
,9963633.0,24674734080.0,,,,,,,,,,
,10242171.0,25487884288.0,,,,,,,,,,
,10531695.0,25647724544.0,,,,,,,,,,
,10831992.0,25812570112.0,,,,,,,,,,
,11138244.0,25980993536.0,,,,,,,,,,
,11452438.0,26141022208.0,,,,,,,,,,
,11769782.0,26312833024.0,,,,,,,,,,
,12081717.0,27230300160.0,,,,,,,,,,
,12404766.0,28176150528.0,,,,,,,,,,
,12726695.0,29166698496.0,,,,,,,,,,
,13044255.0,30203185152.0,,,,,,,,,,
17.761,13381884.0,31254994944.0,2.114,11.546,0.515,14.174,,0.0,3.587,3.587,,20.195
23.385,13738507.0,32995102720.0,3.241,16.513,0.515,20.268,,0.0,3.117,3.117,,13.328
24.64,14109759.0,34843127808.0,3.227,18.142,0.515,21.884,,0.0,2.756,2.756,,11.185
26.452,14490077.0,36768419840.0,2.9,19.909,0.515,23.324,,0.0,3.128,3.128,,11.827
29.009,14876983.0,38839439360.0,2.898,21.551,0.515,24.964,,0.0,4.045,4.045,,13.944
30.375,15274357.0,40982290432.0,3.323,22.557,0.515,26.395,,0.0,3.98,3.98,,13.103
32.28,15677305.0,43295739904.0,3.477,23.807,0.502,27.785,0.0,0.0,4.495,4.495,,13.924
34.89,16081446.0,44317380608.0,4.297,25.33,0.544,30.171,0.0,0.0,4.719,4.719,,13.526
38.756,16489462.0,45895618560.0,4.257,30.294,0.68,35.231,0.0,0.0,3.525,3.525,,9.095
41.431,16902386.0,48382644224.0,4.216,32.481,0.78,37.477,0.0,0.0,3.953,3.953,,9.542
42.11,17325328.0,51629449216.0,4.792,33.623,0.69,39.106,0.0,0.0,3.004,3.004,,7.134
45.639,17756514.0,57286406144.0,5.199,36.717,0.772,42.688,0.0,0.0,2.951,2.951,,6.466
51.191,18206480.0,60121202688.0,4.91,41.403,0.841,47.154,0.0,0.0,4.036,4.036,,7.885
54.337,18679864.0,61864816640.0,4.95,44.406,0.794,50.15,0.0,0.0,4.187,4.187,,7.706
60.603,19167660.0,64683995136.0,4.828,50.361,0.735,55.925,0.0,0.0,4.678,4.678,,7.719
60.776,19678446.0,70582902784.0,4.628,51.022,0.645,56.296,0.0,0.0,4.48,4.48,,7.371
58.95,20208270.0,68608385024.0,4.917,50.177,0.829,55.922,0.0,0.0,3.028,3.028,,5.136
60.749,20746774.0,75240267776.0,5.478,52.812,0.769,59.058,0.0,0.0,1.691,1.691,,2.784
62.371,21287382.0,74825392128.0,6.785,53.352,0.812,60.949,0.0,0.0,1.422,1.422,,2.28
63.204,21817268.0,77950836736.0,5.827,55.483,0.811,62.122,0.0,0.0,1.082,1.082,,1.712
65.303,22335078.0,82816245760.0,7.699,55.25,0.916,63.866,0.0,0.0,1.437,1.437,7.345,2.201
67.535,22824446.0,89314713600.0,10.455,54.291,0.887,65.634,0.0,0.0,1.901,1.901,7.764,2.815
69.565,23279934.0,87281655808.0,12.13,54.275,0.721,67.126,0.0,0.0,2.44,2.44,8.001,3.507
73.487,23720600.0,96219234304.0,11.967,58.015,0.737,70.719,0.0,0.0,2.768,2.768,8.984,3.766
80.847,24148104.0,98443649024.0,13.212,63.67,0.544,77.426,0.0,0.0,3.421,3.421,9.024,4.232
82.756,24570816.0,102154764288.0,12.746,65.898,0.503,79.148,0.0,0.0,3.608,3.608,9.628,4.359
83.804,24988088.0,109721313280.0,13.886,65.97,0.322,80.179,0.0,0.0,3.625,3.625,9.205,4.326
93.779,25400676.0,107626446848.0,12.874,77.843,0.212,90.929,0.0,0.0,2.851,2.851,9.719,3.04
94.766,25806782.0,107015757824.0,14.061,79.188,0.207,93.456,0.0,0.0,1.31,1.31,9.91,1.382
104.454,26201554.0,118566420480.0,15.677,86.091,0.202,101.971,0.0,0.0,2.484,2.484,11.47,2.378
102.452,26599054.0,112179724288.0,18.992,81.525,0.128,100.645,0.0,0.0,1.807,1.807,12.092,1.763
107.114,26999094.0,125860003840.0,24.307,76.857,0.163,101.327,0.0,0.0,5.787,5.787,12.538,5.403
111.354,27397118.0,123716861952.0,23.155,81.739,0.3,105.194,0.0,0.0,6.159,6.159,13.593,5.531
114.212,27791828.0,132482457600.0,27.621,81.007,0.329,108.957,0.0,0.0,5.255,5.255,12.968,4.601
118.492,28176992.0,133796593664.0,26.412,89.257,0.384,116.052,0.0,0.0,2.44,2.44,12.895,2.059
117.463,28554420.0,136310685696.0,31.227,83.483,0.442,115.151,0.0,0.189,2.123,2.312,12.13,1.807
126.905,28930100.0,146279415808.0,39.693,83.637,0.437,123.768,0.0,0.605,2.533,3.138,14.2,1.996
130.092,29301820.0,150893953024.0,39.472,87.036,0.559,127.068,0.0,0.566,2.458,3.024,15.16,1.889
130.45,29661272.0,159964561408.0,38.06,87.084,0.536,125.681,0.0,0.588,4.181,4.77,16.48,3.205
148.563,30033124.0,167760838656.0,42.101,100.616,0.688,143.404,0.0,0.573,4.586,5.159,17.5,3.087
161.334,30431898.0,173624639488.0,44.147,109.334,4.499,157.981,0.0,0.591,2.762,3.353,18.77,1.712
164.665,30833024.0,187290255360.0,44.892,110.873,5.583,161.348,0.0,0.521,2.796,3.317,19.27,1.698
163.228,31232634.0,194460172288.0,37.596,115.995,6.298,159.889,0.0,0.789,2.551,3.339,19.34,1.563
180.131,31634996.0,206522777600.0,42.616,127.884,6.219,176.719,0.0,0.838,2.573,3.412,19.64,1.429
175.79,32042880.0,215877484544.0,31.47,129.223,6.832,167.525,0.0,1.092,7.173,8.265,20.02,4.08
194.956,32464866.0,224738361344.0,32.415,143.708,7.379,183.502,0.0,1.829,9.625,11.454,23.64,4.937
204.747,32903708.0,237165936640.0,34.626,153.339,9.34,197.305,0.0,1.91,5.532,7.442,24.99,2.702
208.422,33352166.0,244646084608.0,35.171,154.291,12.492,201.953,0.0,1.996,4.472,6.469,27.39,2.146
213.979,33803528.0,256075628544.0,34.902,156.063,12.112,203.077,0.0,3.311,7.59,10.902,26.78,3.547
217.025,34248608.0,262911197184.0,46.953,148.685,11.739,207.377,0.0,5.212,4.436,9.648,27.74,2.044
220.859,34680456.0,275091619840.0,51.697,145.515,11.771,208.983,0.015,6.785,5.076,11.876,29.54,2.298
223.324,35107272.0,279436951552.0,49.816,149.065,11.976,210.856,1.075,8.031,3.362,12.468,30.48,1.505
233.801,35528116.0,291271114752.0,51.781,157.804,11.881,221.466,1.105,8.077,3.153,12.335,31.55,1.349
241.814,35927516.0,299980095488.0,59.892,154.051,10.715,224.658,2.514,10.162,4.48,17.156,34.23,1.853
263.841,36304408.0,,77.487,156.342,10.127,243.957,4.169,12.387,3.329,19.884,39.98,1.262
240.363,36688768.0,,77.799,136.368,7.867,222.034,3.992,12.06,2.279,18.33,38.38,0.948
268.313,37076588.0,,85.418,154.729,7.899,248.046,4.763,13.363,2.141,20.267,41.3,0.798
256.779,37457976.0,,77.666,158.234,2.227,238.128,3.774,13.963,0.913,18.651,41.156,0.356
,4251279.0,,,,,,,,,,,
,4219891.0,,,,,,,,,,,
,4185345.0,,,,,,,,,,,
,4147689.0,,,,,,,,,,,
,4110368.0,,,,,,,,,,,
,4073378.0,,,,,,,,,,,
,4036717.0,,,,,,,,,,,
,4000383.0,,,,,,,,,,,
,3964371.0,,,,,,,,,,,
,3931797.0,,,,,,,,,,,
,3902611.0,,,,,,,,,,,
,3876764.0,,,,,,,,,,,
,3854207.0,,,,,,,,,,,
,3834893.0,,,,,,,,,,,
,3815671.0,,,,,,,,,,,
,3796542.0,,,,,,,,,,,
,3777505.0,,,,,,,,,,,
,3758560.0,,,,,,,,,,,
,3743526.0,,,,,,,,,,,
,3742663.0,,,,,,,,,,,
,3756127.0,,,,,,,,,,,
,3784076.0,,,,,,,,,,,
,3826669.0,,,,,,,,,,,
,3884069.0,,,,,,,,,,,
,3942330.0,,,,,,,,,,,
,4001465.0,,,,,,,,,,,
,4061487.0,,,,,,,,,,,
,4122409.0,,,,,,,,,,,
,4184245.0,,,,,,,,,,,
,4246147.0,,,,,,,,,,,
,4308103.0,,,,,,,,,,,
,4370102.0,,,,,,,,,,,
,4432133.0,,,,,,,,,,,
,4494183.0,,,,,,,,,,,
,4557101.0,,,,,,,,,,,
,4620901.0,,,,,,,,,,,
,4685593.0,,,,,,,,,,,
,4751192.0,,,,,,,,,,,
,4817708.0,,,,,,,,,,,
,4889118.0,,,,,,,,,,,
,4965561.0,,,,,,,,,,,
,5047181.0,,,,,,,,,,,
,5134123.0,,,,,,,,,,,
,5226537.0,,,,,,,,,,,
,5320614.0,,,,,,,,,,,
,5416386.0,,,,,,,,,,,
,5513881.0,,,,,,,,,,,
,5613130.0,,,,,,,,,,,
,5714167.0,,,,,,,,,,,
,5816523.0,,,,,,,,,,,
,5920221.0,11288300544.0,,,,,,,,,,
,6002285.0,11682688000.0,,,,,,,,,,
,6082380.0,12106181632.0,,,,,,,,,,
,6159692.0,12521399296.0,,,,,,,,,,
,6237199.0,12821422080.0,,,,,,,,,,
,6318912.0,13610702848.0,,,,,,,,,,
,6404165.0,13674600448.0,,,,,,,,,,
,6492819.0,13977537536.0,,,,,,,,,,
,6580335.0,14640388096.0,,,,,,,,,,
,6675658.0,15440678912.0,,,,,,,,,,
,6788377.0,15803766784.0,,,,,,,,,,
,6917531.0,16254504960.0,,,,,,,,,,
,7060376.0,17384923136.0,,,,,,,,,,
,7209810.0,16757463040.0,,,,,,,,,,
,7363643.0,17473570816.0,,,,,,,,,,
,7524155.0,17873012736.0,,,,,,,,,,
,7689640.0,18449391616.0,,,,,,,,,,
,7859473.0,19714344960.0,,,,,,,,,,
,8035532.0,21933672448.0,,,,,,,,,,
,8217932.0,24541458432.0,,,,,,,,,,
,8411678.0,25847554048.0,,,,,,,,,,
,8622889.0,27615576064.0,,,,,,,,,,
,8860587.0,28506685440.0,,,,,,,,,,
,9123676.0,30122514432.0,,,,,,,,,,
,9404229.0,27833833472.0,,,,,,,,,,
,9703732.0,23348168704.0,,,,,,,,,,
,10019210.0,22228555776.0,,,,,,,,,,
,10363576.0,22400397312.0,,,,,,,,,,
,10741129.0,22577504256.0,,,,,,,,,,
,11127851.0,22910892032.0,,,,,,,,,,
48.801,11413590.0,23539593216.0,,,,,,,,,,
16.995,11640020.0,23984674816.0,,,,,,,,,,
16.76,11901834.0,23311740928.0,,,,,,,,,,
23.571,12163331.0,21637191680.0,,,,,,,,,,
8.84,12426220.0,21051279360.0,,,,,,,,,,
8.552,12680070.0,19149770752.0,,,,,,,,,,
4.518,12909798.0,19438522368.0,,,,,,,,,,
4.562,12964793.0,20141754368.0,,,,,,,,,,
6.621,12956776.0,21301645312.0,,,,,,,,,,
5.351,13087606.0,22168203264.0,,,,,,,,,,
5.464,13303461.0,22495834112.0,,,,,,,,,,
5.607,13561180.0,22102102016.0,,,,,,,,,,
5.534,13816886.0,19279767552.0,,,,,,,,,,
5.97,14206253.0,19284152320.0,,,,,,,,,,
5.774,14912879.0,18783670272.0,,,,,,,,,,
6.086,15594829.0,17625141248.0,,,,,,,,,,
6.362,16079560.0,20572901376.0,,,,,,,,,,
7.567,16521724.0,20995043328.0,,,,,,,,,,
9.395,16923202.0,21637912576.0,,,,,,,,,,
22.797,17337896.0,21504905216.0,,,,,,,,,,
29.259,17768510.0,20141916160.0,,,,,,,,,9.61,
37.513,18220724.0,20943671296.0,,,,,,,,,11.78,
37.984,18694948.0,21025374208.0,,,,,,,,,12.61,
38.473,19186758.0,20673806336.0,,,,,,,,,10.83,
40.323,19694412.0,20561729536.0,,,,,,,,,11.63,
44.253,20211124.0,20658225152.0,,,,,,,,,13.19,
48.221,20735990.0,20951971840.0,,,,,,,,,14.63,
53.582,21280520.0,20803538944.0,,,,,,,,,15.96,
50.493,21845572.0,20553353216.0,,,,,,,,,15.02,
54.579,22436660.0,20249942016.0,,,,,,,,,16.84,
54.352,23073732.0,20039610368.0,,,,,,,,,16.55,
61.55,23760424.0,19919628288.0,,,,,,,,,16.72,
66.132,24487614.0,21418940416.0,,,,,,,,,15.07,
70.081,25251738.0,23018831872.0,,,,,,,,,14.79,
77.782,26038704.0,24796993536.0,,,,,,,,,17.57,
82.618,26843252.0,26497042432.0,,,,,,,,,19.69,
84.95,27696500.0,27447091200.0,,,,,,,,,18.53,
85.286,28569448.0,28473886720.0,,,,,,,,,16.79,
70.118,29423882.0,29449971712.0,,,,,,,,,16.82,
74.106,30285602.0,,,,,,,,,,18.71,
70.109,31178242.0,,,,,,,,,,19.34,
71.892,32077074.0,,,,,,,,,,19.9,
,9411380.0,,,,,,,,,,,
,9603751.0,11685860352.0,,,,,,,,,,
,9772217.0,,,,,,,,,,,
,9915677.0,,,,,,,,,,,
,10061221.0,,,,,,,,,,,
,10208880.0,,,,,,,,,,,
,10358684.0,10168246272.0,,,,,,,,,,
,10510664.0,,,,,,,,,,,
,10664851.0,,,,,,,,,,,
,10806140.0,,,,,,,,,,,
,10934246.0,,,,,,,,,,,
,11048878.0,11727320064.0,,,,,,,,,,
,11149741.0,,,,,,,,,,,
,11236535.0,13459991552.0,,,,,,,,,,
,11323979.0,,,,,,,,,,,
,11412080.0,,,,,,,,,,,
,11500841.0,16596799488.0,,,,,,,,,,
,11590266.0,,,,,,,,,,,
,11697676.0,,,,,,,,,,,
,11808638.0,,,,,,,,,,,
,11923214.0,,,,,,,,,,,
,12041462.0,14969195520.0,,,,,,,,,,
,12163444.0,,,,,,,,,,,
,12289223.0,,,,,,,,,,,
,12416302.0,,,,,,,,,,,
,12544694.0,,,,,,,,,,,
,12674415.0,18069458944.0,,,,,,,,,,
,12805477.0,,,,,,,,,,,
,12937894.0,,,,,,,,,,,
,13079961.0,,,,,,,,,,,
,13231889.0,,,,,,,,,,,
,13393893.0,21091145728.0,,,,,,,,,,
,13566191.0,,,,,,,,,,,
,13749007.0,,,,,,,,,,,
,13934287.0,,,,,,,,,,,
,14122063.0,,,,,,,,,,,
,14312370.0,20985888768.0,,,,,,,,,,
,14505241.0,,,,,,,,,,,
,14700712.0,19051100160.0,,,,,,,,,,
,14907053.0,,,,,,,,,,,
,15124546.0,,,,,,,,,,,
,15353476.0,,,,,,,,,,,
,15594135.0,,,,,,,,,,,
,15846821.0,,,,,,,,,,,
,16103601.0,,,,,,,,,,,
,16364542.0,,,,,,,,,,,
,16629712.0,,,,,,,,,,,
,16899178.0,,,,,,,,,,,
,17173011.0,,,,,,,,,,,
,17450542.0,,,,,,,,,,,
,17731816.0,12296711168.0,,,,,,,,,,
,18053722.0,14069449728.0,,,,,,,,,,
,18391996.0,14386939904.0,,,,,,,,,,
,18749632.0,14772086784.0,,,,,,,,,,
,19126432.0,13842403328.0,,,,,,,,,,
,19522788.0,15661146112.0,,,,,,,,,,
,19935520.0,16703266816.0,,,,,,,,,,
,20363516.0,17669511168.0,,,,,,,,,,
,20801172.0,17186248704.0,,,,,,,,,,
,21252048.0,19875870720.0,,,,,,,,,,
,21720702.0,20532299776.0,,,,,,,,,,
,22203106.0,21001740288.0,,,,,,,,,,
,22699698.0,22834237440.0,,,,,,,,,,
,23210688.0,23503929344.0,,,,,,,,,,
,23737822.0,23902437376.0,,,,,,,,,,
,24286880.0,24513335296.0,,,,,,,,,,
,24854706.0,23494006784.0,,,,,,,,,,
,25440032.0,24167890944.0,,,,,,,,,,
,26044118.0,25735239680.0,,,,,,,,,,
,26659482.0,26819960832.0,,,,,,,,,,
,27284118.0,28023011328.0,,,,,,,,,,
,27914954.0,28931649536.0,,,,,,,,,,
,28551956.0,29129007104.0,,,,,,,,,,
,29165356.0,29264168960.0,,,,,,,,,,
,29751938.0,30781976576.0,,,,,,,,,,
,30344282.0,32064124928.0,,,,,,,,,,
,30941380.0,34051362816.0,,,,,,,,,,
,31554606.0,36056281088.0,,,,,,,,,,
,32185602.0,38395412480.0,,,,,,,,,,
,32821776.0,40182624256.0,,,,,,,,,,
20.251,33465782.0,43641085952.0,,,,,,,,,,
20.877,34110096.0,46093434880.0,,,,,,,,,,
22.967,34742592.0,48612245504.0,,,,,,,,,,
23.494,35424268.0,50756362240.0,,,,,,,,,,
25.533,36159844.0,53220601856.0,,,,,,,,,,
25.785,36881024.0,54736506880.0,,,,,,,,,,
26.252,37572344.0,54201446400.0,,,,,,,,,,
25.957,38233172.0,51998273536.0,,,,,,,,,,
24.966,38868272.0,46103011328.0,,,,,,,,,,
25.902,39489416.0,47782109184.0,,,,,,,,,,
25.123,40099556.0,49171472384.0,,,,,,,,,,
24.876,40680540.0,48063922176.0,,,,,,,,,,
26.015,41237808.0,51891175424.0,,,,,,,,,,
27.799,41788304.0,54198382592.0,,,,,,,,,,
32.523,42337112.0,57338249216.0,,,,,,,,,,
34.496,42880188.0,60452843520.0,,,,,,,,,,
34.848,43423376.0,63378620416.0,,,,,,,,,,
37.122,43972060.0,65935163392.0,,,,,,,,,,
41.131,44516188.0,68698886144.0,,,,,,,,,,
41.697,45041644.0,75075469312.0,,,,,,,,,,
48.049,45538340.0,84093542400.0,,,,,,,,,4.91,
44.351,46014828.0,92175081472.0,,,,,,,,,4.5,
51.471,46480236.0,101591490560.0,,,,,,,,,5.0,
58.021,46924296.0,113781440512.0,,,,,,,,,5.38,
60.847,47338444.0,127115616256.0,,,,,,,,,5.39,
78.402,47724472.0,142039121920.0,,,,,,,,,5.82,
74.007,48088276.0,158028611584.0,,,,,,,,,5.96,
79.877,48445652.0,174123352064.0,,,,,,,,,6.2,
73.33,48729480.0,177512906752.0,,,,,,,,,6.43,
67.539,49015836.0,183291527168.0,,,,,,,,,6.81,
68.499,49390988.0,189724114944.0,,,,,,,,,7.34,
74.951,49794528.0,197359075328.0,,,,,,,,,9.65,
89.368,50218196.0,211845251072.0,,,,,,,,,10.67,
103.474,50648336.0,229512151040.0,,,,,,,,,12.17,
120.965,51072436.0,247629414400.0,,,,,,,,,13.98,
112.88,51483956.0,265615310848.0,,,,,,,,,15.72,
129.814,51892352.0,282251788288.0,,,,,,,,,17.55,
167.527,52288344.0,298481287168.0,,,,,,,,,20.45,
172.26,52666016.0,317599023104.0,,,,,,,,,22.39,
169.581,53040212.0,,,,,,,,,,23.73,
170.052,53423200.0,,,,,,,,,,23.56,
164.883,53798088.0,,,,,,,,,,22.36,
,54179312.0,,,,,,,,,,,
10.159,1369016.0,7363139072.0,,,,,,,,,,
5.397,1415624.0,7919438336.0,,,,,,,,,,
5.022,1461694.0,8581783552.0,,,,,,,,,,
6.315,1509848.0,8429547008.0,,,,,,,,,,
6.02,1558459.0,9059104768.0,,,,,,,,,,
9.466,1605382.0,9444600832.0,,,,,,,,,,
9.19,1650077.0,9761131520.0,,,,,,,,,,
8.877,1693248.0,10188013568.0,,,,,,,,,,
9.753,1735959.0,10539251712.0,,,,,,,,,,
13.059,1778280.0,10909879296.0,,,,,,,,,,
12.682,1819148.0,11306642432.0,,,,,,,,,1.41,
14.678,1856406.0,11455887360.0,,,,,,,,,1.36,
14.113,1888531.0,12022087680.0,,,,,,,,,1.45,
14.88,1915432.0,12213628928.0,,,,,,,,,1.51,
15.511,1939405.0,13656686592.0,,,,,,,,,1.59,
16.35,1962874.0,14023657472.0,,,,,,,,,1.68,
16.297,1986568.0,15036091392.0,,,,,,,,,1.68,
16.77,2011492.0,15867124736.0,,,,,,,,,1.6,
17.675,2038556.0,16311734272.0,,,,,,,,,1.65,
18.016,2067928.0,16383498240.0,,,,,,,,,1.47,
18.547,2099275.0,17398968320.0,,,,,,,,,1.3,
19.268,2132343.0,18309781504.0,,,,,,,,,1.43,
19.851,2167474.0,19237945344.0,,,,,,,,,1.63,
20.533,2204517.0,20326299648.0,,,,,,,,,1.34,
21.838,2243008.0,21637730304.0,,,,,,,,,1.52,
22.859,2282709.0,22783369216.0,,,,,,,,,1.56,
22.91,2323351.0,23031048192.0,,,,,,,,,1.47,
23.574,2364540.0,23016767488.0,,,,,,,,,1.74,
23.277,2405682.0,23095486464.0,,,,,,,,,1.41,
22.642,2446648.0,,,,,,,,,,1.36,
22.303,2489099.0,,,,,,,,,,1.95,
22.134,2530150.0,,,,,,,,,,1.57,
0.585,7652.0,,,,,,,,,,,
0.584,7714.0,,,,,,,,,,,
0.584,7694.0,,,,,,,,,,,
0.584,7853.0,,,,,,,,,,,
0.585,8148.0,,,,,,,,,,,
0.584,8335.0,,,,,,,,,,,
0.559,8554.0,,,,,,,,,,,
0.559,8783.0,,,,,,,,,,,
0.56,9042.0,,,,,,,,,,,
0.559,9327.0,,,,,,,,,,,
0.559,9620.0,,,,,,,,,,,
0.559,9925.0,,,,,,,,,,,
0.56,10152.0,,,,,,,,,,,
0.559,10249.0,,,,,,,,,,,
0.559,10294.0,,,,,,,,,,,
0.626,10336.0,,,,,,,,,,,
0.627,10370.0,,,,,,,,,,,
0.626,10386.0,,,,,,,,,,,
0.626,10400.0,,,,,,,,,,,
0.626,10405.0,,,,,,,,,,,
0.458,10400.0,,,,,,,,,,0.03,
0.415,10385.0,,,,,,,,,,0.03,
0.389,10375.0,,,,,,,,,,0.03,
0.349,10365.0,,,,,,,,,,0.03,
0.328,10356.0,,,,,,,,,,0.03,
0.321,10337.0,,,,,,,,,,0.03,
0.234,10318.0,,,,,,,,,,0.03,
0.228,10289.0,,,,,,,,,,0.02,
0.232,10267.0,,,,,,,,,,0.02,
0.225,10255.0,,,,,,,,,,0.02,
0.237,10262.0,,,,,,,,,,0.02,
0.233,10303.0,,,,,,,,,,0.02,
0.248,10464.0,,,,,,,,,,0.02,
0.289,10719.0,,,,,,,,,,0.02,
0.312,10965.0,,,,,,,,,,0.02,
0.332,11207.0,,,,,,,,,,0.03,
0.365,11463.0,,,,,,,,,,0.03,
0.287,11708.0,,,,,,,,,,0.03,
0.337,11949.0,,,,,,,,,,0.03,
0.272,12156.0,,,,,,,,,,0.03,
0.261,12339.0,,,,,,,,,,0.04,
0.271,12533.0,,,,,,,,,,0.04,
,5116267.0,,,,,,,,,,,
,5136307.0,,,,,,,,,,,
,5161345.0,,,,,,,,,,,
,5191411.0,,,,,,,,,,,
,5221651.0,,,,,,,,,,,
,5252063.0,,,,,,,,,,,
,5282650.0,,,,,,,,,,,
,5313413.0,,,,,,,,,,,
,5344352.0,,,,,,,,,,,
,5368013.0,,,,,,,,,,,
,5384368.0,,,,,,,,,,,
,5393386.0,,,,,,,,,,,
,5395039.0,,,,,,,,,,,
,5389297.0,4905930240.0,,,,,,,,,,
,5383558.0,,,,,,,,,,,
,5377823.0,,,,,,,,,,,
,5372091.0,,,,,,,,,,,
,5366362.0,,,,,,,,,,,
,5364500.0,,,,,,,,,,,
,5362639.0,,,,,,,,,,,
,5360778.0,,,,,,,,,,,
,5358918.0,,,,,,,,,,,
,5357059.0,,,,,,,,,,,
,5355200.0,,,,,,,,,,,
,5353342.0,,,,,,,,,,,
,5351485.0,,,,,,,,,,,
,5349628.0,,,,,,,,,,,
,5347772.0,,,,,,,,,,,
,5345917.0,,,,,,,,,,,
,5344433.0,,,,,,,,,,,
,5343320.0,,,,,,,,,,,
,5342578.0,,,,,,,,,,,
,5342207.0,,,,,,,,,,,
,5342207.0,,,,,,,,,,,
,5342207.0,,,,,,,,,,,
,5342207.0,,,,,,,,,,,
,5342207.0,,,,,,,,,,,
,5342207.0,,,,,,,,,,,
,5342207.0,,,,,,,,,,,
,5393997.0,,,,,,,,,,,
,5500086.0,,,,,,,,,,,
,5663106.0,,,,,,,,,,,
,5885818.0,,,,,,,,,,,
,6171114.0,,,,,,,,,,,
,6470239.0,,,,,,,,,,,
,6783863.0,,,,,,,,,,,
,7112689.0,,,,,,,,,,,
,7457454.0,,,,,,,,,,,
,7818930.0,,,,,,,,,,,
,8133751.0,,,,,,,,,,,
,8398952.0,7209979904.0,,,,,,,,,,
,8579837.0,7414175744.0,,,,,,,,,,
,8759893.0,7667805184.0,,,,,,,,,,
,8936491.0,8138560000.0,,,,,,,,,,
,9110779.0,8309793792.0,,,,,,,,,,
,9284902.0,8474226176.0,,,,,,,,,,
,9458905.0,8861500416.0,,,,,,,,,,
,9633244.0,8859029504.0,,,,,,,,,,
,9805028.0,9358283776.0,,,,,,,,,,
,9980683.0,9618725888.0,,,,,,,,,,
,10167941.0,9834300416.0,,,,,,,,,,
,10365144.0,10074240000.0,,,,,,,,,,
,10570725.0,10311335936.0,,,,,,,,,,
,10782719.0,10563000320.0,,,,,,,,,,
,11002820.0,10805124096.0,,,,,,,,,,
,11232952.0,11068378112.0,,,,,,,,,,
,11470202.0,11842046976.0,,,,,,,,,,
,11715586.0,11644907520.0,,,,,,,,,,
,11970408.0,11736879104.0,,,,,,,,,,
,12231875.0,12264907776.0,,,,,,,,,,
,12501288.0,12574544896.0,,,,,,,,,,
,12774872.0,12422410240.0,,,,,,,,,,
,13052224.0,12810225664.0,,,,,,,,,,
,13335966.0,12744679424.0,,,,,,,,,,
,13626308.0,13553968128.0,,,,,,,,,,
,13925542.0,13763861504.0,,,,,,,,,,
,14230741.0,14370677760.0,,,,,,,,,,
,14550429.0,14809700352.0,,,,,,,,,,
,14888778.0,15463369728.0,,,,,,,,,,
,15238564.0,15813587968.0,,,,,,,,,,
2.195,15600443.0,15445941248.0,,,,,,,,,,
2.2,15969796.0,16724574208.0,,,,,,,,,,
2.858,16347124.0,17363230720.0,,,,,,,,,,
3.267,16740666.0,16854464512.0,,,,,,,,,,
3.306,17141612.0,18482688000.0,,,,,,,,,,
3.028,17540576.0,19628165120.0,,,,,,,,,,
4.075,17936924.0,20520863744.0,,,,,,,,,,
4.641,18326202.0,20865783808.0,,,,,,,,,,
4.591,18720746.0,22479065088.0,,,,,,,,,,
4.609,19145078.0,23443169280.0,,,,,,,,,,
5.545,19616528.0,24523433984.0,,,,,,,,,,
6.322,20130774.0,26059003904.0,,,,,,,,,,
6.666,20702138.0,27087699968.0,,,,,,,,,,
6.811,21267356.0,28089919488.0,,,,,,,,,,
7.646,21794756.0,30349287424.0,,,,,,,,,,
8.456,22305572.0,31356696576.0,,,,,,,,,,
9.594,22783972.0,32961841152.0,,,,,,,,,,
10.355,23249422.0,34660347904.0,,,,,,,,,,
12.596,23703330.0,35610083328.0,,,,,,,,,,
14.234,24143162.0,37151145984.0,,,,,,,,,,
14.713,24559504.0,39381725184.0,,,,,,,,,1.69,
15.525,24956070.0,41523109888.0,,,,,,,,,1.85,
16.347,25332178.0,41501458432.0,,,,,,,,,2.12,
17.195,25682912.0,43073953792.0,,,,,,,,,2.24,
17.175,26003970.0,45033771008.0,,,,,,,,,2.39,
17.834,26285112.0,46375899136.0,,,,,,,,,2.5,
17.594,26518974.0,48016625664.0,,,,,,,,,2.72,
17.467,26713652.0,49595510784.0,,,,,,,,,2.78,
19.34,26881542.0,52545966080.0,,,,,,,,,2.8,
22.126,27026952.0,54837735424.0,,,,,,,,,3.09,
23.594,27161572.0,57388249088.0,,,,,,,,,3.18,
25.144,27266398.0,59280310272.0,,,,,,,,,3.46,
26.434,27330696.0,62106288128.0,,,,,,,,,3.53,
27.945,27381558.0,64655773696.0,,,,,,,,,3.5,
30.193,27462110.0,68540932096.0,,,,,,,,,3.78,
27.033,27610328.0,70404489216.0,,,,,,,,,3.45,
39.734,27861186.0,70697787392.0,,,,,,,,,4.23,
45.509,28183424.0,76399984640.0,,,,,,,,,4.72,
49.989,28506718.0,81052450816.0,,,,,,,,,4.99,
49.032,28832500.0,,,,,,,,,,6.26,
49.241,29348626.0,,,,,,,,,,6.33,
48.285,30034988.0,,,,,,,,,,6.12,
,5140189.0,27283451904.0,,,,,,,,,,
,5209957.0,28626743296.0,,,,,,,,,,
,5282301.0,29867149312.0,,,,,,,,,,
,5357276.0,29876615168.0,,,,,,,,,,
,5433315.0,30309269504.0,,,,,,,,,,
,5510433.0,31834984448.0,,,,,,,,,,
,5588646.0,32496640000.0,,,,,,,,,,
,5667969.0,31930320896.0,,,,,,,,,,
,5748418.0,32563607552.0,,,,,,,,,,
,5830495.0,34304423936.0,,,,,,,,,,
,5914229.0,35709661184.0,,,,,,,,,,
,5999652.0,36849471488.0,,,,,,,,,,
,6086795.0,37894660096.0,,,,,,,,,,
,6175690.0,39782457344.0,,,,,,,,,,
,6265882.0,38703980544.0,,,,,,,,,,
,6357392.0,40019910656.0,,,,,,,,,,
,6450239.0,41089896448.0,,,,,,,,,,
,6544441.0,38466772992.0,,,,,,,,,,
,6640214.0,36075937792.0,,,,,,,,,,
,6736779.0,44708851712.0,,,,,,,,,,
,6834137.0,46066495488.0,,,,,,,,,,
,6932291.0,48883023872.0,,,,,,,,,,
,7031246.0,51551592448.0,,,,,,,,,,
,7131002.0,52824199168.0,,,,,,,,,,
,7232174.0,56680992768.0,,,,,,,,,,
,7334781.0,59067953152.0,,,,,,,,,,
,7438843.0,63809810432.0,,,,,,,,,,
,7544382.0,66464247808.0,,,,,,,,,,
,7651419.0,70017122304.0,,,,,,,,,,
,7756463.0,70567174144.0,,,,,,,,,,
,7859443.0,70412001280.0,,,,,,,,,,
,7960289.0,66111733760.0,,,,,,,,,,
,8058927.0,65195196416.0,,,,,,,,,,
,8155281.0,65072300032.0,,,,,,,,,,
,8252788.0,63883718656.0,,,,,,,,,,
,8351461.0,66265939968.0,,,,,,,,,,
,8451313.0,70452871168.0,,,,,,,,,,
,8552359.0,74467336192.0,,,,,,,,,,
,8654613.0,72676081664.0,,,,,,,,,,
,8760124.0,77606535168.0,,,,,,,,,,
,8868956.0,68377178112.0,,,,,,,,,,
,8981176.0,64752451584.0,,,,,,,,,,
,9096853.0,59188932608.0,,,,,,,,,,
,9216054.0,57767636992.0,,,,,,,,,,
,9336818.0,38736850944.0,,,,,,,,,,
,9459164.0,39650623488.0,,,,,,,,,,
,9583114.0,66948096000.0,,,,,,,,,,
,9708687.0,77482983424.0,,,,,,,,,,
,9835906.0,85759803392.0,,,,,,,,,,
,9964193.0,93317586944.0,,,,,,,,,,
,10093555.0,96665092096.0,,,,,,,,,,
,10226297.0,98691350528.0,,,,,,,,,,
,10361806.0,100684521472.0,,,,,,,,,,
,10497301.0,109433413632.0,,,,,,,,,,
,10631384.0,116875337728.0,,,,,,,,,,
,10767911.0,125548331008.0,,,,,,,,,,
,10905351.0,130160410624.0,,,,,,,,,,
,11046127.0,133827207168.0,,,,,,,,,,
,11191758.0,133414674432.0,,,,,,,,,,
,11341766.0,139950424064.0,,,,,,,,,,
,11493124.0,151718576128.0,,,,,,,,,,
,11647374.0,152164532224.0,,,,,,,,,,
,11803461.0,162564341760.0,,,,,,,,,,
,11958417.0,168456863744.0,,,,,,,,,,
,12117832.0,182416146432.0,,,,,,,,,,
413.96,12275797.0,191976456192.0,103.056,295.905,15.0,413.96,0.0,0.0,0.0,0.0,,0.0
443.377,12426790.0,197259116544.0,93.889,320.877,28.611,443.377,0.0,0.0,0.0,0.0,,0.0
468.8,12576971.0,207633416192.0,90.278,327.967,50.556,468.8,0.0,0.0,0.0,0.0,,0.0
524.393,12727200.0,220964061184.0,85.556,353.758,85.0,524.314,0.0,0.0,0.0,0.0,,0.0
584.787,12881251.0,235189714944.0,72.778,385.837,125.278,583.893,0.0,0.0,0.0,0.0,,0.0
659.798,13037686.0,248591794176.0,53.333,429.031,176.389,658.754,0.0,0.0,0.0,0.0,,0.0
695.772,13186716.0,259072983040.0,40.278,423.789,230.556,694.623,0.0,0.0,0.0,0.0,,0.0
808.138,13324182.0,267650547712.0,34.444,472.769,300.0,807.213,0.0,0.0,0.0,0.0,,0.0
859.682,13447575.0,280204148736.0,35.0,487.927,333.611,856.538,0.0,0.0,0.0,0.0,,0.0
815.957,13560532.0,291312140288.0,33.333,418.325,355.0,806.659,0.0,0.0,0.0,0.0,,0.0
822.845,13663970.0,291063988224.0,28.056,412.486,370.278,810.819,0.0,0.0,0.0,2.563,,0.0
897.423,13760114.0,304755703808.0,35.0,464.208,384.444,883.653,0.0,0.0,0.0,2.784,,0.0
881.314,13855560.0,313049841664.0,36.667,445.519,385.833,868.019,0.0,0.0,0.0,2.768,,0.0
899.181,13949415.0,320433848320.0,41.944,455.183,386.667,883.795,0.0,0.0,0.0,3.866,,0.0
928.872,14040286.0,327558463488.0,40.0,490.442,385.0,915.442,0.0,0.0,0.0,3.531,,0.0
872.195,14130383.0,331504746496.0,46.389,458.675,351.944,857.009,0.0,0.0,0.0,3.269,,0.0
827.1,14217323.0,329838788608.0,51.389,426.868,335.0,813.257,0.0,0.0,0.0,3.464,,0.0
764.416,14296533.0,325990940672.0,59.444,373.068,320.0,752.512,0.0,0.0,0.0,0.846,,0.0
768.067,14369651.0,331569922048.0,61.389,353.534,342.222,757.146,0.0,0.0,0.0,0.737,,0.0
797.369,14441930.0,342475538432.0,74.167,349.007,363.611,786.785,0.0,0.0,0.0,0.054,,0.0
822.848,14515705.0,353024507904.0,73.889,353.146,383.333,810.368,0.0,0.0,0.009,1.417,62.975,0.001
863.64,14592526.0,362737696768.0,76.111,391.567,382.222,849.9,0.0,0.003,0.009,1.777,67.17,0.001
881.434,14675302.0,367878504448.0,80.278,394.372,394.444,869.094,0.0,0.006,0.003,2.25,68.448,0.0
884.37,14762321.0,377506496512.0,96.111,418.446,356.667,871.224,0.0,0.047,0.006,2.719,69.654,0.001
888.458,14850230.0,395159109632.0,95.278,412.892,365.833,874.003,0.0,0.068,0.109,3.05,73.081,0.012
910.735,14944550.0,411390803968.0,101.667,428.52,368.056,898.242,0.0,0.166,0.251,2.556,71.8,0.028
928.063,15046578.0,423864926208.0,93.611,411.35,410.694,915.655,0.0,0.26,0.308,2.962,74.25,0.033
939.117,15150688.0,433594990592.0,93.333,431.892,399.917,925.142,0.003,0.435,0.355,3.193,77.05,0.038
946.966,15251088.0,441585762304.0,94.167,426.747,411.306,932.219,0.003,0.515,0.272,3.544,76.94,0.029
936.809,15349481.0,457294184448.0,100.278,424.055,397.222,921.555,0.0,0.704,0.296,3.997,79.66,0.032
974.962,15446670.0,474287669248.0,103.611,447.475,408.028,959.114,0.003,0.937,0.26,4.447,80.88,0.027
1017.111,15538617.0,494052179968.0,100.0,447.377,452.194,999.571,0.006,1.292,0.237,5.736,85.2,0.023
998.851,15629912.0,518267830272.0,97.222,464.748,423.694,985.665,0.006,1.405,0.272,6.353,86.28,0.027
1005.942,15722601.0,544860340224.0,99.167,470.267,418.389,987.822,0.01,1.892,0.332,7.311,90.88,0.033
993.777,15812491.0,575703547904.0,86.944,479.294,408.778,975.016,0.016,1.907,0.267,7.898,86.53,0.027
1006.819,15899138.0,603576139776.0,90.278,486.182,409.917,986.377,0.023,2.451,0.421,9.322,89.39,0.042
1045.557,15981630.0,619963809792.0,96.111,509.719,418.194,1024.024,0.038,2.424,0.345,10.334,93.43,0.033
1046.061,16057042.0,624206544896.0,96.667,512.051,413.972,1022.69,0.05,2.761,0.32,12.41,95.75,0.031
1053.076,16127574.0,629605990400.0,100.0,512.808,416.833,1029.642,0.089,3.822,0.209,12.253,96.6,0.02
1088.744,16196036.0,646099697664.0,98.611,536.421,426.778,1061.81,0.095,5.38,0.276,16.365,101.01,0.025
1112.242,16261834.0,663883939840.0,94.167,569.423,414.556,1078.145,0.098,5.919,0.252,23.113,99.68,0.023
1089.576,16325679.0,691219595264.0,89.722,567.073,398.083,1054.878,0.1,7.779,0.299,25.225,98.69,0.027
1107.524,16391232.0,720938008576.0,97.778,583.52,388.056,1069.354,0.101,9.719,0.303,26.774,105.0,0.027
1094.389,16460775.0,737432109056.0,92.5,554.876,403.889,1051.265,0.109,11.966,0.281,31.882,107.4,0.026
1079.291,16536200.0,713757491200.0,87.222,530.078,413.583,1030.883,0.124,12.8,0.272,37.023,113.56,0.025
1170.651,16617121.0,727959470080.0,87.778,568.002,467.583,1123.363,0.165,11.083,0.289,36.716,119.11,0.025
1115.092,16701470.0,744360837120.0,86.583,567.43,409.278,1063.291,0.277,14.07,0.157,40.84,113.81,0.014
1095.699,16785296.0,736497893376.0,95.139,555.907,392.833,1043.879,0.696,13.66,0.286,41.52,103.07,0.026
1062.885,16867352.0,735093129216.0,95.194,529.226,391.139,1015.559,1.406,15.336,0.312,39.766,101.5,0.029
1016.331,16954080.0,745517678592.0,105.306,518.625,343.278,967.208,2.126,15.706,0.303,38.487,103.22,0.03
1034.106,17041110.0,760077418496.0,128.667,514.126,337.722,980.515,2.985,20.332,0.25,43.053,108.8,0.024
1043.622,17124512.0,776582332416.0,119.278,517.634,351.472,988.384,4.288,21.873,0.268,45.064,113.83,0.026
1051.377,17207204.0,799187927040.0,106.972,520.249,362.778,989.999,5.866,28.127,0.162,52.69,115.64,0.015
1025.894,17286042.0,818056003584.0,96.111,506.292,355.583,957.986,9.81,27.908,0.191,58.984,113.68,0.019
1021.601,17363260.0,,74.667,494.328,371.444,940.44,14.233,30.202,0.196,71.272,120.79,0.019
988.636,17434562.0,,47.806,469.782,360.5,878.087,22.503,40.124,0.121,100.248,122.79,0.012
1015.272,17501696.0,,65.028,470.247,348.917,884.191,30.08,47.113,0.231,121.469,121.61,0.023
983.599,17564020.0,,64.5,495.803,271.472,831.775,46.083,55.146,0.131,141.421,120.89,0.013
69.93,269526.0,,,,,,,,,,,
63.98,,,,,,,,,,,,
60.781,,,,,,,,,,,,
56.943,,,,,,,,,,,,
54.532,,,,,,,,,,,,
45.426,,,,,,,,,,,,
44.402,,,,,,,,,,,,
44.56,,,,,,,,,,,,
42.096,,,,,,,,,,,,
44.06,,,,,,,,,,,,
43.107,295861.0,,,,,,,,,,,
41.088,,,,,,,,,,,,
40.612,,,,,,,,,,,,
40.6,,,,,,,,,,,,
41.986,,,,,,,,,,,,
44.687,,,,,,,,,,,,
44.187,,,,,,,,,,,,
46.818,,,,,,,,,,,,
47.384,,,,,,,,,,,,
46.307,,,,,,,,,,,,
54.727,280398.0,,,,,,,,,,,
56.207,283512.0,,,,,,,,,,,
54.648,286625.0,,,,,,,,,,,
54.264,289739.0,,,,,,,,,,,
56.305,292853.0,,,,,,,,,,,
58.361,295966.0,,,,,,,,,,,
58.758,299080.0,,,,,,,,,,,
62.143,302193.0,,,,,,,,,,,
62.031,305307.0,,,,,,,,,,,
59.62,308420.0,,,,,,,,,,,
51.435,311534.0,,,,,,,,,,,
58.015,,,,,,,,,,,,
53.916,,,,,,,,,,,,
54.19,,,,,,,,,,,,
54.754,,,,,,,,,,,,
56.128,,,,,,,,,,,,
56.588,,,,,,,,,,,,
57.102,,,,,,,,,,,,
57.884,,,,,,,,,,,,
55.926,,,,,,,,,,,,
47.135,,,,,,,,,,,,
50.216,,,,,,,,,,,,
7.825,148611.0,,,,,,,,,,,
7.504,150242.0,,,,,,,,,,,
5.985,151982.0,,,,,,,,,,,
5.226,154116.0,,,,,,,,,,,
6.247,156763.0,,,,,,,,,,,
6.619,159718.0,,,,,,,,,,,
6.661,162808.0,,,,,,,,,,,
6.58,166074.0,,,,,,,,,,,
7.12,169492.0,,,,,,,,,,,
7.763,173170.0,,,,,,,,,,,
7.51,177280.0,,,,,,,,,,,
7.58,181731.0,,,,,,,,,,,
7.803,186281.0,,,,,,,,,,,
7.694,190793.0,,,,,,,,,,,
7.935,195277.0,,,,,,,,,,,
7.955,199717.0,,,,,,,,,,,
7.994,204101.0,,,,,,,,,,,
7.461,208431.0,,,,,,,,,,,
7.611,212771.0,,,,,,,,,,,
7.768,217134.0,,,,,,,,,,,
10.029,221548.0,,,,,,,,,,1.57,
9.591,225999.0,,,,,,,,,,1.64,
10.372,230410.0,,,,,,,,,,1.67,
11.221,234693.0,,,,,,,,,,1.66,
10.883,238656.0,,,,,,,,,,1.59,
11.944,242147.0,,,,,,,,,,1.79,
11.755,245647.0,,,,,,,,,,1.77,
12.615,249378.0,,,,,,,,,,1.84,
12.662,253090.0,,,,,,,,,,1.78,
12.737,256988.0,,,,,,,,,,1.83,
14.832,261435.0,,,,,,,,,,2.01,
14.662,266312.0,,,,,,,,,,2.15,
15.589,271315.0,,,,,,,,,,2.18,
16.704,276404.0,,,,,,,,,,2.38,
19.215,280805.0,,,,,,,,,,2.85,
19.672,283041.0,,,,,,,,,,2.75,
20.985,283753.0,,,,,,,,,,2.96,
20.324,284358.0,,,,,,,,,,3.06,
22.707,284887.0,,,,,,,,,,3.0,
22.563,285374.0,,,,,,,,,,3.14,
21.27,286412.0,,,,,,,,,,3.15,
20.147,287809.0,,,,,,,,,,3.36,
,809099.0,5528757248.0,,,,,,,,,,
,828174.0,5546343936.0,,,,,,,,,,
,848778.0,5970456064.0,,,,,,,,,,
,870968.0,6532845056.0,,,,,,,,,,
,893740.0,6505504768.0,,,,,,,,,,
,917106.0,7104788992.0,,,,,,,,,,
,941083.0,7778012160.0,,,,,,,,,,
,965687.0,8248128000.0,,,,,,,,,,
,990935.0,7676171776.0,,,,,,,,,,
,1014998.0,7785472000.0,,,,,,,,,,
,1037814.0,8855329792.0,,,,,,,,,,
,1059319.0,9343719424.0,,,,,,,,,,
,1079444.0,9066875904.0,,,,,,,,,,
,1098120.0,9213863936.0,,,,,,,,,,
,1117119.0,9453753344.0,,,,,,,,,,
,1136447.0,9500544000.0,,,,,,,,,,
,1156110.0,9425954816.0,,,,,,,,,,
,1176113.0,9196416000.0,,,,,,,,,,
,1196505.0,9049167872.0,,,,,,,,,,
,1217578.0,10063094784.0,,,,,,,,,,
,1239349.0,11159071744.0,,,,,,,,,,
,1261836.0,10421850112.0,,,,,,,,,,
,1285060.0,10061664256.0,,,,,,,,,,
,1309037.0,10871873536.0,,,,,,,,,,
,1333463.0,11067299840.0,,,,,,,,,,
,1358344.0,11657169920.0,,,,,,,,,,
,1383689.0,11039015936.0,,,,,,,,,,
,1409507.0,10727204864.0,,,,,,,,,,
,1435807.0,11915530240.0,,,,,,,,,,
,1459777.0,12338748416.0,,,,,,,,,,
,1481347.0,11803658240.0,,,,,,,,,,
,1500446.0,10799362048.0,,,,,,,,,,
,1517002.0,10531719168.0,,,,,,,,,,
,1530942.0,11232759808.0,,,,,,,,,,
,1545009.0,11795200000.0,,,,,,,,,,
,1559205.0,12347610112.0,,,,,,,,,,
,1573532.0,14643056640.0,,,,,,,,,,
,1587991.0,15435161600.0,,,,,,,,,,
,1602582.0,16521199616.0,,,,,,,,,,
,1619373.0,16753218560.0,,,,,,,,,,
,1638415.0,16428711936.0,,,,,,,,,,
,1659762.0,15915329536.0,,,,,,,,,,
,1683468.0,17666781184.0,,,,,,,,,,
,1709588.0,18033219584.0,,,,,,,,,,
,1736113.0,18106337280.0,,,,,,,,,,
,1763050.0,18640584704.0,,,,,,,,,,
,1790404.0,20078985216.0,,,,,,,,,,
,1818183.0,22473281536.0,,,,,,,,,,
,1846393.0,20245485568.0,,,,,,,,,,
,1877502.0,22429548544.0,,,,,,,,,,
,1911611.0,25722109952.0,,,,,,,,,,
,1952129.0,23756197888.0,,,,,,,,,,
,1998954.0,24789305344.0,,,,,,,,,,
,2048963.0,25637429248.0,,,,,,,,,,
,2096338.0,29164967936.0,,,,,,,,,,
,2140979.0,29709824000.0,,,,,,,,,,
,2186348.0,31249733632.0,,,,,,,,,,
,2235324.0,32143589376.0,,,,,,,,,,
,2286562.0,33403924480.0,,,,,,,,,,
,2335013.0,35782721536.0,,,,,,,,,,
,2381191.0,35782533120.0,,,,,,,,,,
,2431619.0,37783244800.0,,,,,,,,,,
,2486311.0,38599897088.0,,,,,,,,,,
,2540032.0,41042800640.0,,,,,,,,,,
,2590656.0,43041923072.0,,,,,,,,,,
85.218,2638319.0,45787176960.0,19.131,32.636,,,0.0,,29.625,33.45,,
90.549,2684362.0,48674217984.0,18.608,36.133,,,0.0,,31.952,35.808,,
91.341,2725199.0,46452211712.0,16.991,37.952,,,0.0,,33.18,36.398,,
93.475,2756420.0,46376030208.0,15.991,38.996,,,0.0,,34.813,38.488,,
95.077,2786359.0,51163398144.0,16.398,40.505,,,0.0,,34.408,38.174,,
105.809,2824068.0,50438270976.0,16.41,47.61,0.71,64.73,0.0,,37.466,41.078,,35.409
110.801,2868891.0,53055037440.0,14.596,49.176,0.902,64.675,0.0,,42.563,46.127,,38.414
118.239,2920886.0,55327768576.0,14.956,52.943,1.635,69.535,0.0,,45.137,48.704,,38.175
122.976,2980643.0,59259510784.0,16.945,55.963,1.901,74.808,0.0,,44.641,48.168,,36.3
124.643,3042806.0,62785892352.0,17.445,52.952,3.203,73.6,0.0,0.0,44.913,51.043,,36.034
126.614,3095434.0,62066044928.0,16.417,51.229,3.475,71.12,0.0,0.0,49.274,55.493,,38.917
130.858,3127819.0,63578722304.0,16.917,52.703,9.33,78.949,0.0,0.0,45.83,51.908,,35.023
133.565,3141172.0,60481236992.0,16.111,52.726,15.341,84.177,0.0,0.0,43.527,49.387,,32.589
132.237,3143303.0,60726374400.0,14.861,50.766,14.379,80.006,0.0,0.0,46.305,52.231,,35.017
134.031,3142535.0,61961887744.0,13.25,51.14,9.528,73.918,0.0,0.0,54.537,60.113,,40.69
134.288,3147166.0,62391721984.0,13.628,48.858,8.698,71.184,0.0,0.0,57.261,63.104,,42.64
134.686,3160621.0,65419587584.0,13.578,46.475,10.678,70.731,0.0,0.0,58.193,63.955,,43.206
139.154,3185723.0,66640154624.0,13.311,46.441,19.427,79.179,0.0,0.0,54.125,59.976,,38.896
144.635,3219831.0,68466868224.0,14.749,44.486,21.092,80.327,0.0,0.0,58.405,64.308,,40.381
153.26,3250341.0,71840333824.0,13.717,45.901,27.045,86.663,0.0,0.0,60.254,66.597,,39.315
154.415,3268360.0,72396718080.0,12.666,43.002,34.489,90.157,0.0,0.0,58.276,64.258,28.465,37.74
166.407,3281673.0,73916284928.0,14.557,38.701,41.617,94.875,0.0,0.0,65.343,71.531,29.345,39.267
168.239,3299449.0,74219986944.0,12.15,44.817,40.255,97.222,0.0,0.0,64.842,71.017,29.753,38.542
175.236,3316005.0,74015940608.0,13.166,43.817,44.152,101.135,0.0,0.0,67.9,74.101,31.086,38.748
179.244,3333753.0,74677444608.0,14.334,45.228,45.383,104.945,0.0,0.0,66.706,74.299,31.358,37.215
186.435,3397388.0,74483236864.0,13.928,50.824,44.449,109.201,0.0,0.0,68.559,77.234,32.614,36.773
190.187,3481606.0,72989966336.0,13.281,51.703,48.346,113.329,0.0,0.0,67.699,76.858,33.639,35.596
190.501,3532568.0,73699155968.0,14.624,53.341,51.161,119.126,0.0,0.002,62.371,71.375,33.211,32.74
196.246,3573739.0,77452075008.0,14.406,53.034,49.901,117.341,0.0,0.003,69.468,78.905,34.616,35.399
207.137,3620893.0,82753609728.0,13.618,61.315,46.771,121.704,0.0,0.003,76.4,85.433,35.196,36.884
214.906,3673899.0,86504431616.0,13.655,66.303,44.63,124.589,0.0,0.003,81.42,90.317,36.41,37.886
217.988,3728460.0,89915654144.0,13.458,67.547,50.875,131.88,0.0,0.025,77.423,86.108,36.804,35.517
218.022,3775853.0,92710363136.0,14.528,70.944,54.805,140.278,0.0,0.04,68.774,77.744,37.443,31.545
218.023,3810047.0,93578371072.0,13.247,71.861,48.311,133.419,0.0,0.065,74.869,84.603,37.776,34.34
219.933,3833496.0,97884487680.0,13.571,72.872,55.234,141.677,0.0,0.115,67.773,78.256,37.96,30.815
229.557,3855266.0,101981110272.0,12.86,74.423,58.753,146.035,0.0,0.355,72.254,83.522,38.2,31.475
227.483,3889587.0,104436924416.0,15.927,75.244,61.993,153.164,0.0,0.408,63.695,74.319,38.35,28.0
235.292,3948582.0,109929889792.0,15.919,77.483,59.182,152.584,0.0,0.454,72.6,82.709,39.46,30.855
228.071,4019944.0,115145211904.0,22.974,82.197,44.624,149.795,0.0,0.425,68.509,78.276,39.52,30.038
234.68,4081415.0,120376942592.0,23.739,81.031,40.718,145.488,0.0,1.042,78.496,89.192,41.52,33.448
228.759,4132782.0,123645493248.0,26.427,85.439,37.576,149.443,0.0,1.759,66.796,79.316,41.53,29.2
230.264,4179986.0,127255027712.0,26.022,85.79,38.154,149.966,0.0,1.77,67.075,80.299,42.07,29.13
229.466,4221495.0,132482703360.0,19.721,86.191,42.152,148.064,0.01,2.629,66.846,81.401,42.41,29.131
230.098,4260235.0,132115849216.0,24.472,87.218,39.045,150.735,0.01,2.974,62.797,79.363,42.39,27.292
229.505,4302884.0,132821327872.0,18.819,83.403,40.139,142.361,0.01,4.123,67.632,87.143,42.17,29.469
235.125,4346345.0,135624843264.0,16.072,84.057,43.76,143.889,0.011,4.544,68.63,91.236,43.57,29.189
236.093,4381274.0,138433576960.0,16.27,86.097,40.215,142.582,0.011,5.399,69.272,93.512,43.25,29.341
237.845,4410285.0,141964034048.0,20.272,85.009,44.647,149.928,0.013,5.701,62.781,87.917,43.14,26.396
239.559,4450641.0,144951869440.0,17.878,86.023,47.065,150.965,0.018,5.51,62.764,88.594,42.37,26.2
250.677,4514198.0,149075263488.0,16.51,87.716,52.29,156.516,0.051,5.99,65.88,94.16,42.66,26.281
252.204,4590591.0,153714786304.0,16.673,91.317,48.019,156.009,0.099,6.367,66.058,96.195,43.34,26.192
254.936,4668088.0,159813943296.0,13.796,93.804,47.974,155.574,0.152,6.266,69.429,99.362,42.93,27.234
259.836,4746253.0,165842092032.0,14.536,99.153,49.921,163.61,0.205,5.565,67.0,96.226,43.31,25.786
258.494,4838528.0,171013586944.0,15.673,99.475,45.023,160.17,0.266,5.471,69.462,98.324,43.43,26.872
264.115,4959033.0,,17.082,101.946,48.044,167.072,0.337,5.946,67.477,97.043,43.81,25.548
239.819,5061130.0,,16.407,84.155,45.726,146.289,0.422,6.054,63.731,93.53,43.19,26.575
235.487,5129730.0,,18.389,83.839,38.743,140.971,0.543,6.915,63.414,94.516,43.42,26.929
233.023,5185289.0,,12.718,83.726,36.216,132.661,0.726,7.471,68.473,100.362,44.1,29.385
9.665,3303310.0,9569441792.0,,,,,,,,,,
9.614,3397663.0,10088519680.0,,,,,,,,,,
9.503,3491908.0,9999360000.0,,,,,,,,,,
9.414,3584608.0,10462228480.0,,,,,,,,,,
9.308,3674509.0,10301112320.0,,,,,,,,,,
10.528,3763036.0,9880259584.0,,,,,,,,,,
10.114,3852022.0,9779728384.0,,,,,,,,,,
10.582,3941466.0,9706884096.0,,,,,,,,,,
10.736,4033290.0,8503192064.0,,,,,,,,,,
11.634,4129449.0,8356356096.0,,,,,,,,,,
10.795,4227824.0,8348404224.0,,,,,,,,,,
10.327,4327293.0,8483399680.0,,,,,,,,,,
11.647,4427177.0,8668810240.0,,,,,,,,,,
11.986,4526690.0,8788659200.0,,,,,,,,,,
12.221,4625260.0,9239788544.0,,,,,,,,,,
13.075,4721932.0,9966535680.0,,,,,,,,,,
13.782,4812391.0,10785595392.0,,,,,,,,,,
14.174,4895964.0,11415412736.0,,,,,,,,,,
15.336,4974551.0,12049925120.0,,,,,,,,,,
16.443,5049885.0,13130551296.0,,,,,,,,,,
16.296,5123223.0,13909592064.0,,,,,,,,,2.13,
17.299,5192765.0,14579898368.0,,,,,,,,,2.33,
17.631,5259017.0,14954188800.0,,,,,,,,,2.7,
18.707,5323064.0,15599451136.0,,,,,,,,,2.6,
19.468,5386220.0,16722814976.0,,,,,,,,,2.69,
19.785,5454680.0,17753884672.0,,,,,,,,,3.01,
19.881,5529811.0,18819405824.0,,,,,,,,,3.1,
20.706,5607460.0,20171036672.0,,,,,,,,,2.92,
20.953,5687752.0,21118480384.0,,,,,,,,,3.22,
20.958,5770649.0,20900358144.0,,,,,,,,,3.55,
21.666,5855736.0,21950676992.0,,,,,,,,,3.51,
22.791,5942554.0,23734874112.0,,,,,,,,,3.66,
23.01,6030605.0,25065728000.0,,,,,,,,,3.89,
24.426,6119377.0,26206803968.0,,,,,,,,,4.04,
25.914,6208680.0,27402565632.0,,,,,,,,,4.35,
28.356,6298610.0,28748328960.0,,,,,,,,,4.44,
28.443,6389237.0,30103515136.0,,,,,,,,,4.47,
28.36,6480534.0,31419242496.0,,,,,,,,,4.38,
28.145,6572234.0,30136879104.0,,,,,,,,,4.53,
28.158,6663919.0,,,,,,,,,,4.48,
28.629,6755900.0,,,,,,,,,,4.42,
29.219,6850546.0,,,,,,,,,,4.63,
,1320431.0,,,,,,,,,,,
,1334010.0,,,,,,,,,,,
,1349586.0,,,,,,,,,,,
,1367201.0,,,,,,,,,,,
,1385041.0,,,,,,,,,,,
,1403107.0,,,,,,,,,,,
,1421403.0,,,,,,,,,,,
,1439932.0,,,,,,,,,,,
,1458697.0,,,,,,,,,,,
,1476804.0,,,,,,,,,,,
,1494234.0,,,,,,,,,,,
,1510967.0,,,,,,,,,,,
,1526982.0,,,,,,,,,,,
,1542261.0,,,,,,,,,,,
,1557686.0,,,,,,,,,,,
,1573259.0,,,,,,,,,,,
,1588981.0,,,,,,,,,,,
,1604855.0,,,,,,,,,,,
,1617694.0,,,,,,,,,,,
,1632608.0,,,,,,,,,,,
,1649641.0,,,,,,,,,,,
,1668838.0,,,,,,,,,,,
,1690245.0,,,,,,,,,,,
,1713908.0,,,,,,,,,,,
,1737903.0,,,,,,,,,,,
,1762234.0,,,,,,,,,,,
,1786905.0,,,,,,,,,,,
,1811921.0,,,,,,,,,,,
,1837288.0,,,,,,,,,,,
,1862632.0,,,,,,,,,,,
,1887949.0,,,,,,,,,,,
,1913232.0,,,,,,,,,,,
,1938477.0,,,,,,,,,,,
,1963677.0,,,,,,,,,,,
,1989205.0,,,,,,,,,,,
,2015064.0,,,,,,,,,,,
,2041260.0,,,,,,,,,,,
,2067796.0,,,,,,,,,,,
,2094678.0,,,,,,,,,,,
,2123628.0,,,,,,,,,,,
,2154703.0,,,,,,,,,,,
,2187960.0,,,,,,,,,,,
,2223458.0,,,,,,,,,,,
,2261257.0,,,,,,,,,,,
,2299699.0,,,,,,,,,,,
,2338794.0,,,,,,,,,,,
,2378553.0,,,,,,,,,,,
,2418989.0,,,,,,,,,,,
,2460111.0,,,,,,,,,,,
,2510040.0,,,,,,,,,,,
,2569201.0,3215464704.0,,,,,,,,,,
,2659702.0,3337460736.0,,,,,,,,,,
,2749574.0,3457195776.0,,,,,,,,,,
,2838986.0,3581422848.0,,,,,,,,,,
,2928436.0,3717358848.0,,,,,,,,,,
,3018553.0,3851372544.0,,,,,,,,,,
,3109795.0,3997831168.0,,,,,,,,,,
,3202653.0,4142630400.0,,,,,,,,,,
,3297847.0,4300686336.0,,,,,,,,,,
,3395951.0,4457378304.0,,,,,,,,,,
,3497438.0,4746060288.0,,,,,,,,,,
,3602538.0,4946710016.0,,,,,,,,,,
,3711068.0,5465926656.0,,,,,,,,,,
,3822703.0,6007102464.0,,,,,,,,,,
,3937013.0,6016752640.0,,,,,,,,,,
,4053531.0,6472059392.0,,,,,,,,,,
,4172506.0,6394610176.0,,,,,,,,,,
,4294286.0,6424765952.0,,,,,,,,,,
,4417957.0,6477022208.0,,,,,,,,,,
,4542998.0,6278839296.0,,,,,,,,,,
,4669707.0,6471749632.0,,,,,,,,,,
,4797069.0,6839057920.0,,,,,,,,,,
,4926325.0,6487256064.0,,,,,,,,,,
,5059388.0,5377248768.0,,,,,,,,,,
,5196585.0,5850713088.0,,,,,,,,,,
,5339497.0,5689990144.0,,,,,,,,,,
,5488666.0,5730974720.0,,,,,,,,,,
,5644706.0,6176427520.0,,,,,,,,,,
,5810358.0,7007806464.0,,,,,,,,,,
,5987157.0,7506035712.0,,,,,,,,,,
2.639,6173179.0,7866668544.0,,,,,,,,,,
2.724,6366270.0,7967200256.0,,,,,,,,,,
2.827,6564456.0,7865084416.0,,,,,,,,,,
2.732,6766616.0,7722073600.0,,,,,,,,,,
2.843,6973850.0,6409068032.0,,,,,,,,,,
2.844,7187622.0,6525748736.0,,,,,,,,,,
2.409,7408370.0,6821578752.0,,,,,,,,,,
2.605,7636591.0,6580954624.0,,,,,,,,,,
3.68,7872257.0,6947782144.0,,,,,,,,,,
3.771,8116080.0,6960921088.0,,,,,,,,,,
3.73,8370650.0,6837988352.0,,,,,,,,,,
3.776,8634640.0,6989576704.0,,,,,,,,,,
3.686,8907642.0,6527730688.0,,,,,,,,,,
3.882,9193081.0,6612262912.0,,,,,,,,,,
3.921,9493322.0,6867277312.0,,,,,,,,,,
4.04,9813920.0,6415909888.0,,,,,,,,,,
4.06,10149939.0,6731355136.0,,,,,,,,,,
4.081,10494203.0,6759184384.0,,,,,,,,,,
4.236,10854919.0,7611809280.0,,,,,,,,,,
3.943,11231469.0,7681423360.0,,,,,,,,,,
3.317,11622673.0,7477987840.0,,,,,,,,,0.18,
3.249,12031431.0,8079399424.0,,,,,,,,,0.16,
3.455,12456520.0,8506477056.0,,,,,,,,,0.17,
3.799,12900793.0,9108179968.0,,,,,,,,,0.18,
4.168,13366889.0,9043672064.0,,,,,,,,,0.19,
3.928,13855225.0,9808796672.0,,,,,,,,,0.22,
3.952,14365171.0,10381911040.0,,,,,,,,,0.21,
4.253,14897877.0,10715390976.0,,,,,,,,,0.21,
4.727,15455181.0,11761921024.0,,,,,,,,,0.21,
5.565,16037917.0,11699248128.0,,,,,,,,,0.24,
6.888,16647545.0,12693037056.0,,,,,,,,,0.27,
6.914,17283118.0,12993281024.0,,,,,,,,,0.32,
9.193,17954410.0,14603173888.0,,,,,,,,,0.39,
10.342,18653204.0,15459623936.0,,,,,,,,,0.42,
9.815,19372012.0,16617681920.0,,,,,,,,,0.42,
10.365,20128132.0,17307856896.0,,,,,,,,,0.51,
9.681,20921748.0,18231308288.0,,,,,,,,,0.5,
9.415,21737924.0,19142508544.0,,,,,,,,,0.53,
10.389,22577060.0,20483442688.0,,,,,,,,,0.54,
10.983,23443400.0,,,,,,,,,,0.61,
10.766,24333644.0,,,,,,,,,,0.43,
10.347,25252722.0,,,,,,,,,,0.45,
,18664170.0,,,,,,,,,,,
,18832279.0,,,,,,,,,,,
,19015081.0,,,,,,,,,,,
,19212834.0,,,,,,,,,,,
,19412612.0,,,,,,,,,,,
,19614436.0,,,,,,,,,,,
,19818325.0,,,,,,,,,,,
,20024302.0,,,,,,,,,,,
,20232386.0,,,,,,,,,,,
,20442936.0,,,,,,,,,,,
,20655981.0,,,,,,,,,,,
,20871550.0,,,,,,,,,,,
,21089672.0,,,,,,,,,,,
,21310378.0,,,,,,,,,,,
,21533359.0,,,,,,,,,,,
,21758639.0,,,,,,,,,,,
,21986241.0,,,,,,,,,,,
,22216188.0,,,,,,,,,,,
,22420351.0,,,,,,,,,,,
,22657217.0,,,,,,,,,,,
,22927580.0,,,,,,,,,,,
,23232246.0,,,,,,,,,,,
,23572038.0,,,,,,,,,,,
,23947794.0,,,,,,,,,,,
,24329539.0,,,,,,,,,,,
,24717370.0,,,,,,,,,,,
,25111383.0,,,,,,,,,,,
,25511677.0,,,,,,,,,,,
,25918352.0,,,,,,,,,,,
,26326182.0,,,,,,,,,,,
,26735105.0,,,,,,,,,,,
,27145057.0,,,,,,,,,,,
,27555974.0,,,,,,,,,,,
,27967788.0,,,,,,,,,,,
,28385755.0,,,,,,,,,,,
,28809970.0,,,,,,,,,,,
,29240524.0,,,,,,,,,,,
,29677512.0,,,,,,,,,,,
,30121031.0,,,,,,,,,,,
,30590134.0,,,,,,,,,,,
,31085546.0,,,,,,,,,,,
,31608007.0,,,,,,,,,,,
,32158274.0,,,,,,,,,,,
,32737123.0,,,,,,,,,,,
,33326391.0,,,,,,,,,,,
,33926266.0,,,,,,,,,,,
,34536939.0,,,,,,,,,,,
,35158604.0,,,,,,,,,,,
,35791459.0,,,,,,,,,,,
,36467880.0,,,,,,,,,,,
,37189376.0,38156324864.0,,,,,,,,,,
,37903172.0,41005015040.0,,,,,,,,,,
,38624424.0,43933847552.0,,,,,,,,,,
,39347724.0,44976594944.0,,,,,,,,,,
,40082480.0,48277909504.0,,,,,,,,,,
,40839224.0,49579610112.0,,,,,,,,,,
,41616580.0,48439816192.0,,,,,,,,,,
,42413364.0,50392813568.0,,,,,,,,,,
,43214756.0,49793908736.0,,,,,,,,,,
,44044232.0,51983650816.0,,,,,,,,,,
,44928336.0,54302556160.0,,,,,,,,,,
,45855508.0,56159039488.0,,,,,,,,,,
,46821856.0,59400802304.0,,,,,,,,,,
,47822572.0,64962498560.0,,,,,,,,,,
,48856336.0,67726020608.0,,,,,,,,,,
,49925800.0,72336375808.0,,,,,,,,,,
,51020304.0,69980471296.0,,,,,,,,,,
,52106684.0,59100389376.0,,,,,,,,,,
,53210124.0,58423795712.0,,,,,,,,,,
,54360756.0,74074341376.0,,,,,,,,,,
,55569268.0,96941350912.0,,,,,,,,,,
,56837616.0,108401614848.0,,,,,,,,,,
,58173832.0,112459767808.0,,,,,,,,,,
,59605448.0,122133184512.0,,,,,,,,,,
,61157940.0,136239153152.0,,,,,,,,,,
,62851316.0,132128497664.0,,,,,,,,,,
,64658312.0,146595512320.0,,,,,,,,,,
,66589656.0,151894999040.0,,,,,,,,,,
,68633344.0,142940422144.0,,,,,,,,,,
,70750312.0,152725864448.0,,,,,,,,,,
122.527,72951440.0,155628240896.0,,,,,,,,,,
150.735,75175392.0,143112470528.0,,,,,,,,,,
151.838,77388072.0,141847576576.0,,,,,,,,,,
151.879,79351592.0,132378058752.0,,,,,,,,,,
164.011,81337552.0,126319992832.0,,,,,,,,,,
175.447,83585256.0,137605677056.0,,,,,,,,,,
171.548,85804192.0,140218499072.0,,,,,,,,,,
181.194,88044192.0,139114201088.0,,,,,,,,,,
194.297,90351464.0,152964612096.0,,,,,,,,,,
210.375,92744064.0,162802040832.0,,,,,,,,,,
204.317,95214256.0,171278467072.0,,,,,,,,,,
224.615,97685360.0,174067580928.0,,,,,,,,,,
230.295,100182048.0,181866315776.0,,,,,,,,,,
233.795,102775472.0,188893724672.0,,,,,,,,,,
217.993,105456120.0,193990918144.0,,,,,,,,,,
242.441,108187616.0,202397630464.0,,,,,,,,,,
248.424,110956184.0,215950344192.0,,,,,,,,,,
248.524,113791184.0,227883171840.0,,,,,,,,,,
238.319,116690528.0,239844507648.0,,,,,,,,,,
239.122,119695568.0,247535173632.0,,,,,,,,,,
224.482,122851984.0,268133056512.0,,,,,,,,,14.15,
254.05,126152680.0,293371871232.0,,,,,,,,,14.84,
265.279,129583032.0,344837226496.0,,,,,,,,,20.67,
279.639,133119808.0,387286171648.0,,,,,,,,,19.35,
290.211,136756848.0,438818996224.0,,,,,,,,,23.25,
317.435,140490720.0,481805860864.0,,,,,,,,,22.53,
283.013,144329760.0,527646261248.0,,,,,,,,,22.04,
259.443,148294032.0,581024743424.0,,,,,,,,,21.91,
312.046,152382512.0,638942773248.0,,,,,,,,,20.14,
195.811,156595744.0,709980389376.0,,,,,,,,,18.82,
243.699,160952864.0,810068017152.0,,,,,,,,,24.89,
346.747,165463744.0,871190888448.0,,,,,,,,,25.72,
345.857,170075936.0,909649182720.0,,,,,,,,,27.3,
444.877,174726128.0,959938887680.0,,,,,,,,,27.45,
485.734,179379024.0,1021285564416.0,,,,,,,,,30.6,
459.223,183995776.0,1048704581632.0,,,,,,,,,30.81,
469.574,188666928.0,1032469807104.0,,,,,,,,,32.01,
456.42,193495904.0,1040791502848.0,,,,,,,,,32.78,
488.395,198387616.0,1060805935104.0,,,,,,,,,31.85,
504.771,203304496.0,,,,,,,,,,31.65,
509.374,208327408.0,,,,,,,,,,29.73,
543.737,213401328.0,,,,,,,,,,31.46,
,218541216.0,,,,,,,,,,32.1,
0.012,3659.0,,,,,,,,,,,
0.012,3553.0,,,,,,,,,,,
0.012,3419.0,,,,,,,,,,,
0.012,3246.0,,,,,,,,,,,
0.012,3059.0,,,,,,,,,,,
0.013,2870.0,,,,,,,,,,,
0.013,2704.0,,,,,,,,,,,
0.013,2627.0,,,,,,,,,,,
0.013,2607.0,,,,,,,,,,,
0.013,2587.0,,,,,,,,,,,
0.013,2560.0,,,,,,,,,,,
0.013,2520.0,,,,,,,,,,,
0.013,2483.0,,,,,,,,,,,
0.013,2439.0,,,,,,,,,,,
0.013,2396.0,,,,,,,,,,,
0.013,2362.0,,,,,,,,,,,
0.013,2323.0,,,,,,,,,,,
0.013,2282.0,,,,,,,,,,,
0.013,2230.0,,,,,,,,,,,
0.013,2167.0,,,,,,,,,,,
0.028,2096.0,,,,,,,,,,0.0,
0.029,2038.0,,,,,,,,,,0.0,
0.028,1990.0,,,,,,,,,,0.0,
0.026,1952.0,,,,,,,,,,0.0,
0.026,1914.0,,,,,,,,,,0.0,
0.027,1881.0,,,,,,,,,,0.0,
0.027,1857.0,,,,,,,,,,0.0,
0.025,1846.0,,,,,,,,,,0.0,
0.039,1847.0,,,,,,,,,,0.0,
0.026,1841.0,,,,,,,,,,0.0,
0.024,1838.0,,,,,,,,,,0.0,
0.027,1833.0,,,,,,,,,,0.0,
0.026,1833.0,,,,,,,,,,0.0,
0.028,1846.0,,,,,,,,,,0.0,
0.029,1858.0,,,,,,,,,,0.0,
0.032,1871.0,,,,,,,,,,0.0,
0.031,1883.0,,,,,,,,,,0.0,
0.03,1891.0,,,,,,,,,,0.0,
0.031,1907.0,,,,,,,,,,0.0,
0.032,1943.0,,,,,,,,,,0.0,
0.031,1963.0,,,,,,,,,,0.0,
0.032,1957.0,,,,,,,,,,0.0,
12735.113,,,5976.654,4559.6,1578.5,12114.754,0.0,0.0,606.05,615.08,,4.759
13545.72,,,6205.587,4905.955,1755.483,12867.024,0.0,0.0,663.595,672.804,,4.899
13992.429,,,6131.512,5238.276,1938.075,13307.862,0.0,0.0,668.68,678.063,,4.779
14651.131,,,6150.337,5620.23,2099.315,13869.884,0.0,0.0,762.752,772.306,,5.206
15673.337,,,6515.786,6021.794,2277.518,14815.098,0.0,0.0,836.006,845.73,,5.334
16964.768,,,6926.313,6598.038,2487.716,16012.067,0.0,0.0,921.084,936.408,,5.429
18211.242,,,7355.353,7133.468,2713.807,17202.627,0.0,0.0,969.594,990.311,,5.324
19303.762,,,7618.434,7739.423,2868.949,18226.807,0.0,0.0,1023.665,1045.65,,5.303
20503.281,,,7738.442,8459.952,3164.132,19362.527,0.0,0.0,1071.524,1093.4,,5.226
21498.309,,,7831.766,9009.866,3378.601,20220.234,0.0,0.0,1182.575,1204.926,,5.501
22743.559,,,8352.198,9344.327,3689.843,21386.367,0.0,0.0,1231.162,1253.721,,5.413
23970.301,,,8483.516,9918.151,4084.343,22486.012,0.0,0.0,1321.537,1345.523,,5.513
25496.775,,,8903.102,10509.8,4437.409,23850.311,0.0,0.0,1444.261,1473.86,,5.664
26975.332,,,9192.643,11199.153,4764.674,25156.471,0.0,0.0,1594.879,1630.539,,5.912
28260.031,,,9468.685,11661.254,5170.41,26300.348,0.0,0.0,1697.299,1740.575,,6.006
28910.521,,,9581.238,11823.021,5364.439,26768.697,0.0,0.0,1825.449,1877.495,,6.314
29646.9,,,9751.692,11952.199,5681.652,27385.543,0.0,0.0,1885.891,1941.804,,6.361
30635.195,,,10128.74,12047.542,6131.987,28308.27,0.0,0.0,1889.985,1955.645,,6.169
31743.148,,,10564.208,12155.43,6540.407,29260.043,0.0,0.0,1965.481,2048.146,,6.192
33329.328,,,11031.754,12346.493,7147.304,30525.551,0.0,0.0,2143.948,2235.928,,6.433
34280.629,,,11511.137,12335.999,7436.322,31283.459,0.0,0.0,2259.826,2363.948,3321.924,6.592
35530.727,,,11937.093,12641.677,7868.14,32446.91,0.0,0.0,2356.188,2476.824,3510.062,6.631
37096.762,,,12558.147,13025.573,8255.502,33839.223,0.0,0.0,2430.679,2551.707,3718.137,6.552
38695.91,,,13061.051,13354.427,8765.401,35180.879,0.0,0.0,2578.807,2704.601,3904.891,6.664
39516.492,,,13215.724,13668.738,9078.303,35962.766,0.0,0.0,2641.852,2776.606,4050.572,6.685
40385.289,,,13242.273,14017.389,9493.933,36753.594,0.006,0.102,2738.147,2874.598,4145.568,6.78
40608.438,,,13262.132,13980.714,9623.263,36866.109,0.006,0.364,2842.803,2981.016,4231.805,7.001
40634.832,,,13468.81,13885.613,9512.484,36866.906,0.009,0.653,2880.471,3017.91,4283.423,7.089
40591.016,,,13663.498,13629.662,9354.76,36647.922,0.012,0.923,3047.433,3185.8,4365.228,7.508
40850.871,,,13762.685,13775.602,9219.485,36757.77,0.015,1.744,3217.135,3368.029,4467.153,7.875
41546.629,,,13876.161,14078.167,9336.329,37290.656,0.024,3.336,3336.24,3504.398,4660.346,8.03
42457.609,,,14118.455,14228.988,9777.203,38124.648,0.045,2.963,3328.098,3501.578,4830.882,7.839
42880.211,,,13969.656,14980.997,9518.25,38468.902,0.051,3.634,3384.169,3565.793,4994.09,7.892
43333.219,,,13873.132,15070.667,9836.243,38780.043,0.06,4.441,3541.517,3730.605,5137.039,8.173
44251.207,,,14104.009,15386.362,10125.744,39616.117,0.069,6.03,3560.039,3764.79,5340.071,8.045
45833.68,,,14528.453,15954.993,10518.854,41002.301,0.133,7.347,3683.775,3892.494,5649.777,8.037
47384.938,,,15107.959,16373.467,10955.246,42436.672,0.191,10.086,3759.074,3972.636,5888.749,7.933
49184.762,,,16039.981,16726.891,11352.823,44119.695,0.257,10.663,3805.277,4042.141,6219.54,7.737
52666.602,,,18282.018,17338.006,11866.991,47487.016,0.332,12.9,3839.979,4089.234,6678.563,7.291
57277.418,,,20403.482,18568.01,12629.323,51600.816,0.398,22.028,4283.98,4562.862,7230.076,7.479
60918.953,,,22811.014,18990.387,13204.915,55006.312,0.467,26.536,4494.164,4795.767,7720.247,7.377
64401.27,,,24583.525,19723.547,13893.01,58200.078,0.612,42.469,4714.162,5052.206,8334.71,7.32
68015.578,,,26532.941,20461.623,14514.997,61509.559,0.881,56.226,4926.821,5335.891,8986.89,7.244
70315.742,,,27325.297,21032.074,14993.662,63351.031,1.137,87.982,5243.798,5770.309,9356.511,7.458
71349.109,,,28105.807,21347.98,14833.263,64287.051,1.726,135.85,5244.344,5880.407,9629.104,7.35
75537.227,,,29165.133,22662.336,16060.708,67888.18,3.716,212.435,5616.272,6407.402,10518.259,7.435
79471.617,,,31372.096,23359.01,16871.922,71603.031,12.923,299.744,5652.434,6559.957,11252.478,7.113
82108.695,,,32002.826,24327.459,17363.096,73693.383,25.371,401.565,6013.741,7076.882,11799.585,7.324
84044.203,,,32545.152,24946.746,17573.555,75065.453,49.022,521.028,6328.533,7632.928,12442.857,7.53
86152.344,,,32927.191,25547.062,18065.357,76539.609,103.407,612.553,6622.368,8175.46,13103.375,7.687
87248.664,,,32485.9,26253.32,18550.43,77289.648,164.097,729.316,6592.079,8406.249,13290.603,7.556
88746.445,,,32159.658,26918.32,19023.922,78101.898,264.947,945.108,6838.821,8998.712,13851.508,7.706
91311.242,,,32652.326,27589.814,19735.707,79977.844,444.458,1175.781,6958.226,9603.364,14551.746,7.62
94628.0,,,33686.789,28009.375,20684.471,82380.633,662.52,1384.452,7144.783,10392.626,15397.795,7.55
96982.211,,,34570.16,28308.627,20966.803,83845.594,866.794,1550.852,7350.844,11108.934,15887.401,7.58
95776.906,,,34573.109,26507.6,20904.652,81985.359,1062.424,1724.5,7523.006,11732.48,16062.577,7.855
101396.836,,,36247.621,27723.281,22542.516,86513.422,1346.753,2308.021,7427.563,12647.76,17288.219,7.325
102671.031,,,36826.438,28531.045,21447.402,86804.891,1731.969,2636.233,7628.467,13640.365,17807.871,7.43
32063.637,,,,,,,,,,,,
32213.338,,,,,,,,,,,,
33496.727,,,,,,,,,,,,
34789.551,,,,,,,,,,,,
36919.27,,,,,,,,,,,,
38436.957,,,,,,,,,,,,
39691.699,,,,,,,,,,,,
41301.418,,,,,,,,,,,,
43157.336,,,,,,,,,,,,
43762.027,,,,,,,,,,,,
44139.531,,,,,,,,,,,,
44017.949,,,,,,,,,,,,
42830.633,,,,,,,,,,,,
42737.477,,,,,,,,,,,,
42732.398,,,,,,,,,,,,
44077.402,,,,,,,,,,,,
44886.887,,,,,,,,,,,,
44765.973,,,,,,,,,,,,
45259.98,,,,,,,,,,,,
46372.305,,,,,,,,,,,,
48761.336,,,,,,,,,,,,
49940.188,,,,,,,,,,,,
51986.309,,,,,,,,,,,,
55423.762,,,,,,,,,,,,
60469.465,,,,,,,,,,,,
64340.914,,,,,,,,,,,,
68472.516,,,,,,,,,,,,
71988.484,,,,,,,,,,,,
75014.25,,,,,,,,,,,,
76507.164,,,,,,,,,,,,
83434.18,,,,,,,,,,,,
88296.008,,,,,,,,,,,,
92102.008,,,,,,,,,,,,
94118.773,,,,,,,,,,,,
95978.586,,,,,,,,,,,,
95762.32,,,,,,,,,,,,
97535.469,,,,,,,,,,,,
99980.625,,,,,,,,,,,,
103148.938,,,,,,,,,,,,
104640.188,,,,,,,,,,,,
102667.414,,,,,,,,,,,,
107607.875,,,,,,,,,,,,
,,,,,,,,,,,,
,,,,,,,,,,,,
,,,,,,,,,,,,
,,,,,,,,,,,,
,,,,,,,,,,,,
,,,,,,,,,,,,
,,,,,,,,,,,,
,,,,,,,,,,,,
,,,,,,,,,,,,
,,,,,,,,,,,,
,,,,,,,,,,,,
,,,,,,,,,,,,
,,,,,,,,,,,,
,,,,,,,,,,,,
,,,,,,,,,,,,
,,,,,,,,,,,,
,,,,,,,,,,,,
,,,,,,,,,,,,
,,,,,,,,,,,,
,,,,,,,,,,,,
,,,,,,,,,,,,
,,,,,,,,,,,,
,,,,,,,,,,,,
,,,,,,,,,,,,
,,,,,,,,,,,,
,,,,,,,,,,,,
,,,,,,,,,,,,
,,,,,,,,,,,,
,,,,,,,,,,,,
,,,,,,,,,,,,
,,,,,,,,,,,,
,,,,,,,,,,,,
,,,,,,,,,,,,
,,,,,,,,,,,,
,,,,,,,,,,,,
,,,,,,,,,,,,
,,,,,,,,,,,,
,,,,,,,,,,,,
,,,,,,,,,,,,
,,,,,,,,,,,,
,,,,,,,,,,,,
,,,,,,,,,,,,
,,,,,,,,,,,,
,,,,,,,,,,,,
,,,,,,,,,,,,
,,,,,,,,,,,,
,,,,,,,,,,,,
,,,,,,,,,,,,
,,,,,,,,,,,,
,,,,,,,,,,,,
,,,,,,,,,,,,
,,,,,,,,,,,,
,,,,,,,,,,,,
,,,,,,,,,,,,
,,,,,,,,,,,,
,,,,,,,,,,,,
,,,,,,,,,,,,
,,,,,,,,,,,,
83558.672,,,,,,,,,,,,
82444.461,,,,,,,,,,,,
82387.289,,,,,,,,,,,,
83312.367,,,,,,,,,,,,
87094.883,,,,,,,,,,,,
89270.938,,,,,,,,,,,,
91064.492,,,,,,,,,,,,
93977.914,,,,,,,,,,,,
97512.719,,,,,,,,,,,,
99043.742,,,,,,,,,,,,
99605.977,,,,,,,,,,,,
99554.031,,,,,,,,,,,,
99011.633,,,,,,,,,,,,
99741.602,,,,,,,,,,,,
100665.867,,,,,,,,,,,,
103424.484,,,,,,,,,,,,
106131.078,,,,,,,,,,,,
106171.117,,,,,,,,,,,,
106662.109,,,,,,,,,,,,
108684.758,,,,,,,,,,,,
112040.969,,,,,,,,,,,,
112532.766,,,,,,,,,,,,
114869.75,,,,,,,,,,,,
118995.125,,,,,,,,,,,,
125070.062,,,,,,,,,,,,
128756.633,,,,,,,,,,,,
132820.656,,,,,,,,,,,,
136445.344,,,,,,,,,,,,
137891.594,,,,,,,,,,,,
136123.359,,,,,,,,,,,,
145030.141,,,,,,,,,,,,
148662.75,,,,,,,,,,,,
151405.312,,,,,,,,,,,,
153994.266,,,,,,,,,,,,
155088.5,,,,,,,,,,,,
155208.781,,,,,,,,,,,,
156564.406,,,,,,,,,,,,
159625.828,,,,,,,,,,,,
163605.266,,,,,,,,,,,,
164428.641,,,,,,,,,,,,
158359.453,,,,,,,,,,,,
165975.984,,,,,,,,,,,,
,104231973.0,,,,,,,,,,,
,104616860.0,,,,,,,,,,,
,106477643.0,,,,,,,,,,,
,108428724.0,,,,,,,,,,,
,110417960.0,,,,,,,,,,,
,112446137.0,,,,,,,,,,,
,114514037.0,,,,,,,,,,,
,116622474.0,,,,,,,,,,,
,118772271.0,,,,,,,,,,,
,120825361.0,,,,,,,,,,,
,124487422.0,,,,,,,,,,,
,124659444.0,,,,,,,,,,,
,126373739.0,,,,,,,,,,,
,128008940.0,,,,,,,,,,,
,129670121.0,,,,,,,,,,,
,131357719.0,,,,,,,,,,,
,133072189.0,,,,,,,,,,,
,134813988.0,,,,,,,,,,,
,136628244.0,,,,,,,,,,,
,138516702.0,,,,,,,,,,,
,142422826.0,,,,,,,,,,,
,142550732.0,,,,,,,,,,,
,144637581.0,,,,,,,,,,,
,146833208.0,,,,,,,,,,,
,149063416.0,,,,,,,,,,,
,151328781.0,,,,,,,,,,,
,153629888.0,,,,,,,,,,,
,155967344.0,,,,,,,,,,,
,158341743.0,,,,,,,,,,,
,160564224.0,,,,,,,,,,,
,164821906.0,,,,,,,,,,,
,164566753.0,,,,,,,,,,,
,166283267.0,,,,,,,,,,,
,167860822.0,,,,,,,,,,,
,169456951.0,,,,,,,,,,,
,171071933.0,,,,,,,,,,,
,172706048.0,,,,,,,,,,,
,174359583.0,,,,,,,,,,,
,176032835.0,,,,,,,,,,,
,178032106.0,,,,,,,,,,,
,182737357.0,,,,,,,,,,,
,182857555.0,,,,,,,,,,,
,185763775.0,,,,,,,,,,,
,189007803.0,,,,,,,,,,,
,192304197.0,,,,,,,,,,,
,195674642.0,,,,,,,,,,,
,199120551.0,,,,,,,,,,,
,202624094.0,,,,,,,,,,,
,206206492.0,,,,,,,,,,,
,209978736.0,,,,,,,,,,,
,217078493.0,,,,,,,,,,,
,220921951.0,,,,,,,,,,,
,225040618.0,,,,,,,,,,,
,229381691.0,,,,,,,,,,,
,234024926.0,,,,,,,,,,,
,238891598.0,,,,,,,,,,,
,243833832.0,,,,,,,,,,,
,248844412.0,,,,,,,,,,,
,254195090.0,,,,,,,,,,,
,259556906.0,,,,,,,,,,,
,264916376.0,,,,,,,,,,,
,269992478.0,,,,,,,,,,,
,275281702.0,,,,,,,,,,,
,280538351.0,,,,,,,,,,,
,285767926.0,,,,,,,,,,,
16375.016,290870105.0,,3412.834,7466.549,4467.994,15347.377,,,964.836,1016.354,,5.892
17299.688,295724864.0,,3566.435,7833.953,4818.547,16218.936,,,1009.717,1063.744,,5.837
17915.924,300431421.0,,3502.9,8160.851,5073.147,16736.898,,,1101.431,1155.62,,6.148
18990.566,305159077.0,,3634.594,8699.625,5441.502,17775.721,,,1115.754,1174.769,,5.875
19995.355,310053134.0,,3642.346,9124.7,5880.727,18647.773,,,1243.191,1304.481,,6.217
20806.727,315691695.0,,3624.51,9575.993,6213.835,19414.338,,,1262.792,1324.318,,6.069
21279.955,321049543.0,,3432.42,9905.831,6418.509,19756.76,0.0,0.0,1331.263,1397.277,,6.256
22433.721,326320039.0,,3556.749,10679.776,6532.894,20769.418,0.0,0.0,1409.937,1482.277,,6.285
23507.701,331321157.0,,3812.286,11354.611,6521.562,21688.461,0.0,0.0,1449.199,1526.615,,6.165
23128.371,336273223.0,,3731.256,11026.319,6325.49,21083.064,0.0,0.0,1583.434,1663.176,,6.846
22587.797,341300296.0,,3729.357,10809.021,5870.059,20408.438,0.0,0.0,1551.348,1628.444,,6.868
23803.949,346309935.0,,4013.345,11562.559,5978.472,21554.375,0.0,0.0,1540.392,1629.356,,6.471
24515.525,351506528.0,,4174.834,12142.008,5901.934,22218.775,0.0,0.0,1377.993,1472.651,,5.621
25122.107,357016142.0,,4084.031,12467.338,5964.011,22515.379,0.0,0.0,1593.647,1692.613,,6.344
25508.131,362654436.0,,4426.281,12306.104,6184.562,22916.947,0.0,0.0,1624.704,1728.99,,6.369
24804.613,368574942.0,,4579.549,11543.458,6086.529,22209.535,0.0,0.0,1629.638,1737.115,,6.57
24282.295,373589053.0,,4716.778,10909.727,5964.575,21591.08,0.0,0.0,1652.903,1763.087,,6.807
23386.725,378615781.0,,4573.802,10331.664,5650.994,20556.459,0.0,0.0,1766.698,1876.88,,7.554
23284.488,383734903.0,,4751.335,10205.829,5337.409,20294.574,0.009,0.008,1853.259,1974.813,,7.959
24500.875,388847666.0,,5111.611,10530.535,5702.672,21344.818,0.016,0.019,1889.36,2029.316,,7.711
24572.254,393949236.0,,5217.145,10505.655,5554.89,21277.691,0.032,0.02,1835.926,1976.804,3251.749,7.472
24765.42,399045023.0,,5136.491,10959.337,5210.829,21306.656,0.042,0.015,1865.749,2019.868,3286.082,7.534
25588.523,404153729.0,,5366.754,11216.602,5500.998,22084.354,0.031,0.014,1753.892,1925.111,3418.924,6.854
26684.713,409453275.0,,5620.673,11644.965,5781.152,23046.791,0.027,0.006,1656.271,1828.794,3577.701,6.207
27325.607,415061982.0,,5685.647,11751.533,6129.262,23566.441,0.749,6.311,1750.044,1951.939,3819.034,6.404
27376.508,421575397.0,,5696.626,11544.54,6131.631,23372.797,1.099,8.338,1814.708,2066.769,3877.994,6.629
27388.488,427934509.0,,5635.021,11312.525,6264.195,23211.742,1.42,8.823,1828.955,2095.752,3952.292,6.678
27813.443,434703257.0,,5677.257,11527.887,6480.355,23685.5,1.224,8.802,1758.607,2041.562,3984.393,6.323
28379.541,441450384.0,,5845.817,11613.12,6665.275,24124.213,1.423,9.16,1862.385,2153.788,4118.792,6.562
29029.986,448069901.0,,5891.264,11965.188,6848.821,24705.273,1.505,10.508,1799.048,2095.93,4210.412,6.197
29613.512,454557639.0,,5960.484,11921.248,7133.505,25015.238,1.547,9.669,1992.962,2287.253,4331.059,6.73
30588.693,460925637.0,,6229.24,12324.806,7271.089,25825.137,1.636,9.883,2173.228,2464.488,4450.173,7.105
30852.816,467334865.0,,6367.079,12547.07,7331.801,26245.949,1.613,10.063,2165.122,2466.978,4517.77,7.018
31042.141,473719801.0,,6449.968,12799.604,7236.261,26485.832,1.602,9.292,2008.754,2316.325,4665.518,6.471
31627.191,479976626.0,,6428.91,13090.607,7320.5,26840.018,1.593,13.968,2060.307,2376.518,4774.167,6.514
32465.496,486364446.0,,6721.992,13328.768,7643.197,27693.957,1.604,17.66,1963.875,2291.309,4676.0,6.049
31775.428,492319208.0,,6558.929,13350.08,7330.981,27239.992,1.772,21.153,1679.151,2014.667,4595.87,5.284
32336.17,498067243.0,,6622.44,13340.038,7616.769,27579.246,1.851,31.949,1850.633,2219.679,4733.23,5.723
32480.617,503641588.0,,6704.677,13576.623,7517.033,27798.334,1.867,35.017,1821.745,2208.792,4749.29,5.609
33178.398,509273976.0,,6730.0,14082.812,7569.074,28381.887,2.088,44.224,1810.886,2227.673,4859.91,5.458
33405.941,514942529.0,,6845.555,14152.732,7535.271,28533.559,2.242,56.362,1886.121,2329.785,4983.41,5.646
33246.926,520586895.0,,6751.022,13988.469,7533.933,28273.426,2.456,83.935,1910.39,2415.626,4990.49,5.746
33758.637,526315123.0,,6841.358,13981.588,7969.52,28792.465,3.226,107.963,1810.673,2382.708,5114.93,5.364
33117.926,532006442.0,,6707.564,13233.705,8030.985,27972.254,4.781,168.898,1882.318,2573.741,5080.78,5.684
31598.682,537567761.0,,5903.345,12580.564,7940.485,26424.395,6.244,229.18,1868.721,2652.884,4892.71,5.914
32495.568,543052879.0,,6254.897,12732.928,8290.135,27277.959,9.298,293.802,1798.255,2699.74,5075.53,5.534
32504.879,548684151.0,,5924.993,12548.278,8527.973,27001.244,15.015,368.495,2014.462,3028.979,5098.47,6.197
31849.27,554435782.0,,5252.812,12358.182,8846.604,26457.598,27.95,432.612,1888.066,2989.973,5058.73,5.928
32615.768,560056144.0,,5431.861,12449.923,9142.066,27023.85,48.77,506.354,1877.302,3120.292,5104.35,5.756
32878.312,565486685.0,,5410.142,12456.084,9351.394,27217.621,86.371,551.923,1839.26,3177.169,5146.89,5.594
32638.881,570726015.0,,4727.963,12642.307,9579.755,26950.023,115.676,617.894,1779.787,3229.215,5150.6,5.453
32599.564,576008328.0,,4340.859,12751.286,9580.93,26673.074,161.256,727.304,1825.225,3461.936,5169.37,5.599
32795.547,581258143.0,,4271.402,12791.085,9577.609,26640.096,222.233,799.063,1931.945,3706.919,5137.17,5.891
33747.27,585864285.0,,4050.202,13007.258,10499.191,27556.65,270.225,853.873,1879.336,3745.352,5303.93,5.569
33507.914,590497015.0,,3500.89,12921.938,10836.815,27259.645,324.715,923.368,1825.346,3810.636,5240.109,5.448
31053.17,594263186.0,,2811.974,11292.381,10608.375,24712.73,403.153,1047.813,1833.244,3971.116,5124.79,5.904
32593.902,597123384.0,,3170.262,12257.1,10715.455,26142.816,505.318,1151.744,1749.603,4129.494,5256.39,5.368
33580.207,600323657.0,,2958.294,12689.955,11198.229,26846.479,608.449,1301.692,1811.065,4458.007,5638.285,5.393
16122.062,,,3412.252,7235.743,4456.537,15104.532,,,963.757,1006.244,,5.978
17036.738,,,3565.853,7595.501,4805.094,15966.449,,,1008.496,1053.313,,5.92
17641.379,,,3502.318,7912.176,5058.302,16472.797,,,1100.479,1145.284,,6.238
18709.74,,,3634.012,8445.538,5425.928,17505.479,,,1114.775,1164.236,,5.958
19707.197,,,3641.764,8863.542,5865.074,18370.381,,,1242.15,1293.717,,6.303
20478.436,,,3624.044,9278.467,6194.672,19097.184,,,1261.553,1313.182,,6.16
20940.984,,,3432.036,9601.97,6399.786,19433.793,0.0,0.0,1328.537,1381.27,,6.344
22057.932,,,3556.365,10339.758,6513.539,20409.662,0.0,0.0,1407.19,1466.246,,6.38
23098.807,,,3811.961,10981.134,6502.885,21295.98,0.0,0.0,1446.671,1510.205,,6.263
22723.688,,,3730.907,10655.761,6308.374,20695.041,0.0,0.0,1580.983,1646.515,,6.957
22204.002,,,3728.925,10457.271,5854.504,20040.699,0.0,0.0,1549.068,1612.386,,6.977
23407.381,,,4012.996,11201.72,5960.922,21175.637,0.0,0.0,1536.944,1611.525,,6.566
24099.895,,,4174.183,11765.75,5881.392,21821.324,0.0,0.0,1375.583,1454.47,,5.708
24696.018,,,4083.38,12085.726,5939.552,22108.658,0.0,0.0,1590.267,1673.246,,6.439
25076.645,,,4425.734,11920.961,6159.186,22505.881,0.0,0.0,1620.62,1708.572,,6.463
24369.975,,,4578.909,11158.744,6057.893,21795.547,0.0,0.0,1626.522,1716.466,,6.674
23835.945,,,4716.15,10516.987,5933.147,21166.285,0.0,0.0,1647.465,1741.531,,6.912
22977.082,,,4572.662,9982.074,5612.873,20167.609,0.0,0.0,1763.1,1856.087,,7.673
22883.482,,,4748.99,9868.889,5297.923,19915.803,0.009,0.008,1849.19,1952.576,,8.081
24082.678,,,5109.708,10178.154,5661.271,20949.133,0.016,0.019,1884.528,2006.802,,7.825
24175.914,,,5213.413,10178.441,5512.419,20904.273,0.032,0.02,1831.129,1953.883,3212.374,7.574
24357.564,,,5133.54,10622.741,5167.379,20923.66,0.042,0.015,1859.673,1995.009,3244.287,7.635
25170.564,,,5362.125,10875.103,5454.856,21692.084,0.031,0.014,1747.289,1899.424,3374.768,6.942
26257.199,,,5616.312,11302.084,5728.093,22646.488,0.027,0.006,1648.982,1801.579,3532.692,6.28
26885.352,,,5681.647,11392.4,6075.965,23150.012,0.749,6.311,1746.185,1928.114,3773.589,6.495
26934.266,,,5692.842,11186.106,6076.389,22955.338,1.099,8.338,1810.994,2041.984,3830.964,6.724
26954.816,,,5631.064,10962.906,6208.344,22802.314,1.42,8.823,1825.134,2071.507,3906.291,6.771
27395.178,,,5673.623,11188.533,6426.458,23288.613,1.224,8.802,1754.719,2020.183,3935.292,6.405
27955.414,,,5842.055,11271.963,6604.766,23718.783,1.423,9.155,1857.343,2135.092,4069.552,6.644
28586.188,,,5888.431,11610.035,6779.64,24278.105,1.505,10.485,1796.277,2079.298,4157.708,6.284
29162.139,,,5957.545,11564.283,7059.251,24581.078,1.547,9.646,1989.694,2270.041,4275.556,6.823
30112.32,,,6226.627,11953.454,7187.263,25367.346,1.636,9.861,2168.886,2445.908,4391.599,7.203
30354.197,,,6364.278,12160.397,7240.746,25765.422,1.613,10.04,2161.603,2448.89,4455.467,7.121
30527.84,,,6446.902,12399.902,7144.154,25990.959,1.602,9.265,2003.514,2296.896,4598.859,6.563
31113.08,,,6425.333,12699.721,7222.451,26347.506,1.593,13.934,2053.092,2354.92,4703.85,6.599
31886.191,,,6717.912,12880.951,7535.247,27134.109,1.602,17.543,1959.29,2271.85,4859.697,6.145
31164.471,,,6554.112,12884.322,7208.907,26647.34,1.768,21.012,1675.116,1996.359,4782.435,5.375
31711.297,,,6609.831,12876.643,7486.466,26972.938,1.846,31.771,1845.59,2201.115,4927.29,5.82
31832.08,,,6688.213,13116.058,7364.842,27169.111,1.86,34.829,1815.369,2189.478,4951.151,5.703
32508.707,,,6710.556,13616.637,7404.694,27731.887,2.079,43.95,1804.287,2207.98,5065.589,5.55
32723.002,,,6828.731,13685.994,7354.97,27869.697,2.219,56.057,1878.665,2310.708,5191.237,5.741
32519.244,,,6730.314,13512.155,7319.395,27561.863,2.434,83.586,1903.228,2399.504,5195.605,5.853
33048.09,,,6818.203,13528.292,7748.361,28094.857,3.196,107.6,1804.037,2369.773,5329.271,5.459
32428.305,,,6685.83,12794.8,7814.316,27294.945,4.741,168.507,1876.46,2561.426,5294.506,5.786
30940.455,,,5882.201,12171.451,7725.245,25778.896,6.177,228.641,1862.578,2640.157,5088.125,6.02
31827.924,,,6235.646,12329.032,8058.101,26622.777,9.158,293.022,1792.517,2687.274,5276.83,5.632
31840.027,,,5903.124,12150.859,8295.7,26349.684,14.763,367.528,2008.547,3015.69,5293.802,6.308
31193.559,,,5233.08,11971.748,8612.0,25816.828,27.383,431.153,1881.538,2975.031,5243.514,6.032
31968.074,,,5409.835,12080.377,8902.586,26392.797,48.089,503.835,1870.618,3103.651,5283.092,5.852
32231.473,,,5386.394,12089.413,9109.504,26585.311,85.492,549.225,1834.451,3162.637,5319.55,5.691
31983.873,,,4705.687,12256.502,9346.948,26309.137,114.514,614.958,1776.117,3215.094,5321.304,5.553
31955.01,,,4318.472,12352.681,9373.216,26044.367,159.832,724.397,1820.1,3446.091,5336.472,5.696
32154.457,,,4250.95,12408.867,9358.075,26017.891,220.402,795.739,1924.755,3688.035,5302.493,5.986
33106.719,,,4028.727,12621.628,10284.413,26934.77,268.056,850.147,1872.895,3726.681,5475.315,5.657
32865.898,,,3471.053,12553.266,10612.514,26636.832,321.636,918.567,1821.051,3791.435,5414.685,5.541
30474.998,,,2771.077,10973.796,10410.467,24155.34,399.609,1042.161,1828.581,3950.336,5266.692,6.0
32007.986,,,3130.176,11948.892,10501.092,25580.16,500.948,1145.708,1744.348,4106.234,5377.698,5.45
32994.027,,,2918.244,12370.819,10994.263,26283.326,603.445,1295.867,1805.981,4434.978,5547.991,5.474
,,,,,,,,,,,4390.94,
,,,,,,,,,,,4300.33,
,,,,,,,,,,,4428.54,
,,,,,,,,,,,4441.65,
,,,,,,,,,,,4534.69,
,,,,,,,,,,,4641.81,
,,,,,,,,,,,4639.96,
,,,,,,,,,,,4755.92,
,,,,,,,,,,,4722.77,
,,,,,,,,,,,4535.37,
,,,,,,,,,,,4696.17,
,,,,,,,,,,,4700.87,
,,,,,,,,,,,4653.38,
,,,,,,,,,,,4693.79,
,,,,,,,,,,,4732.57,
,,,,,,,,,,,4723.45,
,,,,,,,,,,,4732.92,
,,,,,,,,,,,4697.47,
,,,,,,,,,,,4837.95,
,,,,,,,,,,,4786.8,
,,,,,,,,,,,4667.85,
,,,,,,,,,,,4780.17,
,,,,,,,,,,,4935.89,
,,,,,,,,,,,,
,,,,,,,,,,,,
,,,,,,,,,,,,
,,,,,,,,,,,,
,,,,,,,,,,,,
,,,,,,,,,,,,
,,,,,,,,,,,,
,,,,,,,,,,,,
,,,,,,,,,,,,
,,,,,,,,,,,,
,,,,,,,,,,,,
,,,,,,,,,,,,
,,,,,,,,,,,,
,,,,,,,,,,,,
,,,,,,,,,,,,
,,,,,,,,,,,,
,,,,,,,,,,,,
,,,,,,,,,,,,
,,,,,,,,,,,,
,,,,,,,,,,,,
,,,,,,,,,,,,
,,,,,,,,,,,,
,,,,,,,,,,,,
,,,,,,,,,,,,
,,,,,,,,,,,,
,,,,,,,,,,,,
,,,,,,,,,,,,
,,,,,,,,,,,,
,,,,,,,,,,,,
,,,,,,,,,,,,
,,,,,,,,,,,,
,,,,,,,,,,,,
,,,,,,,,,,,,
,,,,,,,,,,,,
,,,,,,,,,,,,
,,,,,,,,,,,,
,,,,,,,,,,,,
,,,,,,,,,,,,
,,,,,,,,,,,,
,,,,,,,,,,,,
,,,,,,,,,,,,
,,,,,,,,,,,,
,,,,,,,,,,,,
,,,,,,,,,,,,
,,,,,,,,,,,,
,,,,,,,,,,,,
,,,,,,,,,,,,
,,,,,,,,,,,,
,,,,,,,,,,,,
,,,,,,,,,,,,
,,,,,,,,,,,,
,,,,,,,,,,,,
,,,,,,,,,,,,
,,,,,,,,,,,,
,,,,,,,,,,,,
,,,,,,,,,,,,
,,,,,,,,,,,,
,,,,,,,,,,,,
,,,,,,,,,,,,
,,,,,,,,,,,,
,,,,,,,,,,,,
,,,,,,,,,,,,
,,,,,,,,,,,,
,,,,,,,,,,,,
,,,,,,,,,,,,
,,,,,,,,,,,,
,,,,,,,,,,,,
,,,,,,,,,,,,
,,,,,,,,,,,,
,,,,,,,,,,,,
,,,,,,,,,,,,
,,,,,,,,,,,,
,,,,,,,,,,,,
,,,,,,,,,,,,
,,,,,,,,,,,,
,,,,,,,,,,,,
,,,,,,,,,,,,
,,,,,,,,,,,,
,,,,,,,,,,,,
,,,,,,,,,,,,
,,,,,,,,,,,,
,,,,,,,,,,,,
,,,,,,,,,,,,
,,,,,,,,,,,,
,,,,,,,,,,,,
,,,,,,,,,,,,
,,,,,,,,,,,,
,,,,,,,,,,,,
,,,,,,,,,,,,
,,,,,,,,,,,,
,,,,,,,,,,,,
,,,,,,,,,,,,
,,,,,,,,,,,,
,,,,,,,,,,,,
,,,,,,,,,,,,
,,,,,,,,,,,,
,,,,,,,,,,,,
,,,,,,,,,,,,
,,,,,,,,,,,,
,,,,,,,,,,,,
,,,,,,,,,,,,
,,,,,,,,,,,,
,,,,,,,,,,,,
,,,,,,,,,,,,
,,,,,,,,,,,,
,,,,,,,,,,,,
,,,,,,,,,,,,
,,,,,,,,,,,,
,,,,,,,,,,,,
,,,,,,,,,,,,
,,,,,,,,,,,,
,,,,,,,,,,,,
,,,,,,,,,,,,
,,,,,,,,,,,,
,,,,,,,,,,,,
,,,,,,,,,,,,
,,,,,,,,,,,,
,5432032.0,,,,,,,,,,,
,5455910.0,,,,,,,,,,,
,5479862.0,,,,,,,,,,,
,5503890.0,,,,,,,,,,,
,5527994.0,,,,,,,,,,,
,5552173.0,,,,,,,,,,,
,5576429.0,,,,,,,,,,,
,5600760.0,,,,,,,,,,,
,5625168.0,,,,,,,,,,,
,5666153.0,,,,,,,,,,,
,5724136.0,,,,,,,,,,,
,5799549.0,,,,,,,,,,,
,5892831.0,,,,,,,,,,,
,6004427.0,5957003776.0,,,,,,,,,,
,6118105.0,,,,,,,,,,,
,6233903.0,,,,,,,,,,,
,6351861.0,,,,,,,,,,,
,6472018.0,,,,,,,,,,,
,6579631.0,,,,,,,,,,,
,6689033.0,,,,,,,,,,,
,6800254.0,,,,,,,,,,,
,6913324.0,,,,,,,,,,,
,7028275.0,,,,,,,,,,,
,7145137.0,,,,,,,,,,,
,7263942.0,,,,,,,,,,,
,7384722.0,,,,,,,,,,,
,7507510.0,,,,,,,,,,,
,7632341.0,,,,,,,,,,,
,7759247.0,,,,,,,,,,,
,7888263.0,,,,,,,,,,,
,8019424.0,,,,,,,,,,,
,8152766.0,,,,,,,,,,,
,8288325.0,,,,,,,,,,,
,8426138.0,,,,,,,,,,,
,8566243.0,,,,,,,,,,,
,8708677.0,,,,,,,,,,,
,8853479.0,,,,,,,,,,,
,9000690.0,,,,,,,,,,,
,9150348.0,,,,,,,,,,,
,9302494.0,,,,,,,,,,,
,9457170.0,,,,,,,,,,,
,9614418.0,,,,,,,,,,,
,9774281.0,,,,,,,,,,,
,9936801.0,,,,,,,,,,,
,10102024.0,,,,,,,,,,,
,10269995.0,,,,,,,,,,,
,10440758.0,,,,,,,,,,,
,10614360.0,,,,,,,,,,,
,10790849.0,,,,,,,,,,,
,10953980.0,,,,,,,,,,,
,11103386.0,,,,,,,,,,,
,10557969.0,,,,,,,,,,,
,10228064.0,,,,,,,,,,,
,10147606.0,,,,,,,,,,,
,10206243.0,,,,,,,,,,,
,10360274.0,,,,,,,,,,,
,10552186.0,,,,,,,,,,,
,10802110.0,,,,,,,,,,,
,11106861.0,,,,,,,,,,,
,11391383.0,,,,,,,,,,,
,11655668.0,,,,,,,,,,,
,11916512.0,,,,,,,,,,,
,12180506.0,,,,,,,,,,,
,12475236.0,,,,,,,,,,,
,12787529.0,,,,,,,,,,,
,13105948.0,,,,,,,,,,,
,13444052.0,,,,,,,,,,,
,13821411.0,,,,,,,,,,,
,14216305.0,,,,,,,,,,,
,14605482.0,,,,,,,,,,,
,14996881.0,,,,,,,,,,,
,15381625.0,,,,,,,,,,,
,15768368.0,,,,,,,,,,,
,16128127.0,,,,,,,,,,,
,16437012.0,,,,,,,,,,,
,16723254.0,,,,,,,,,,,
,16987170.0,,,,,,,,,,,
,17231392.0,,,,,,,,,,,
,17472096.0,,,,,,,,,,,
,17719176.0,,,,,,,,,,,
296.518,17973654.0,,,,,,,,,,,
308.148,18235208.0,,,,,,,,,,,
321.787,18502090.0,,,,,,,,,,,
336.351,18771366.0,,,,,,,,,,,
345.491,19045158.0,,,,,,,,,,,
293.206,19325494.0,,,,,,,,,,,
295.738,19613038.0,,,,,,,,,,,
290.959,19903900.0,,,,,,,,,,,
342.297,20197470.0,,,,,,,,,,,
283.131,20494968.0,,,,,,,,,,,
287.58,20799522.0,50223947776.0,,,,,,,,,,
286.263,21115534.0,48202051584.0,,,,,,,,,,
240.617,21439992.0,44917407744.0,,,,,,,,,,
264.747,21773020.0,43046072320.0,,,,,,,,,,
259.468,22105230.0,42085990400.0,,,,,,,,,,
305.899,22385538.0,40146509824.0,,,,,,,,,,
294.737,22614348.0,38689714176.0,,,,,,,,,,
284.8,22827378.0,36018757632.0,,,,,,,,,,
252.611,23023642.0,35521585152.0,,,,,,,,,,
322.576,23204504.0,37610926080.0,,,,,,,,,,
287.118,23367064.0,37758033920.0,,,,,,,,,18.75,
279.235,23512524.0,39161384960.0,,,,,,,,,19.51,
272.915,23638414.0,39634149376.0,,,,,,,,,19.12,
271.789,23781706.0,40352083968.0,,,,,,,,,20.32,
283.36,23948936.0,41171423232.0,,,,,,,,,21.29,
278.631,24100980.0,42708226048.0,,,,,,,,,22.19,
264.095,24235764.0,42264170496.0,,,,,,,,,21.72,
242.105,24356508.0,41765543936.0,,,,,,,,,20.9,
260.755,24469050.0,43163303936.0,,,,,,,,,22.52,
220.613,24581508.0,42791211008.0,,,,,,,,,20.49,
210.625,24686436.0,42605441024.0,,,,,,,,,21.04,
157.397,24783790.0,42961428480.0,,,,,,,,,18.73,
150.456,24887770.0,43545174016.0,,,,,,,,,18.75,
118.56,25001824.0,44033757184.0,,,,,,,,,17.93,
111.505,25126140.0,44518469632.0,,,,,,,,,17.49,
98.722,25258012.0,44032954368.0,,,,,,,,,13.42,
114.258,25389614.0,43750891520.0,,,,,,,,,16.56,
93.337,25516318.0,42247168000.0,,,,,,,,,14.61,
96.753,25638152.0,40517136384.0,,,,,,,,,15.14,
98.323,25755442.0,,,,,,,,,,13.43,
99.829,25867474.0,,,,,,,,,,15.11,
99.575,25971910.0,,,,,,,,,,14.45,
29.66,2044181.0,17074264064.0,15.467,12.741,,,0.0,0.0,1.452,1.452,5.75,
29.447,2036691.0,16091739136.0,15.534,11.406,,,0.0,0.0,2.508,2.508,5.77,
30.237,2018024.0,15098989568.0,15.442,12.287,,,0.0,0.0,2.508,2.508,6.07,
30.279,1996896.0,14032408576.0,15.519,13.217,,,0.0,0.0,1.544,1.544,5.18,
28.442,1982458.0,13843362816.0,16.121,10.266,,,0.0,0.0,2.055,2.055,5.94,
28.651,1983971.0,13754777600.0,16.627,9.655,,,0.0,0.0,2.369,2.369,6.13,
33.28,1994230.0,13985296384.0,16.088,14.679,,,0.0,0.0,2.513,2.513,6.64,
30.014,2004240.0,14249369600.0,15.047,12.305,0.0,27.352,0.0,0.0,2.661,2.661,6.73,8.867
33.924,2012844.0,14789551104.0,19.455,11.075,0.191,30.722,0.0,0.0,3.202,3.202,7.05,9.44
32.504,2023781.0,15508166656.0,16.967,11.076,0.354,28.397,0.0,0.0,4.107,4.107,6.86,12.636
30.848,2037940.0,16307994624.0,15.545,11.269,0.574,27.388,0.0,0.0,3.46,3.46,6.81,11.215
29.025,2053391.0,15900560384.0,17.188,9.232,0.766,27.186,0.0,0.0,1.839,1.839,6.37,6.336
28.361,2064739.0,16235362304.0,14.943,10.424,0.785,26.152,0.0,0.0,2.21,2.21,6.09,7.791
31.976,2071150.0,16692704256.0,17.205,10.086,0.699,27.991,0.0,0.0,3.985,3.985,6.73,12.462
31.577,2075879.0,17567377408.0,16.35,10.276,0.68,27.306,0.0,0.0,4.271,4.271,6.66,13.524
32.658,2078667.0,18483240960.0,16.966,10.693,0.727,28.386,0.0,0.0,4.272,4.272,6.94,13.081
33.201,2081081.0,19516264448.0,16.487,11.241,0.779,28.506,0.0,0.0,4.695,4.695,7.01,14.141
32.975,2083494.0,20864536576.0,16.918,12.208,0.993,30.119,0.0,0.0,2.856,2.856,6.5,8.661
31.932,2086228.0,22095099904.0,17.338,11.089,1.13,29.557,0.0,0.0,2.36,2.375,6.31,7.392
31.45,2089793.0,22109681664.0,15.55,11.583,0.748,27.881,0.0,0.0,3.547,3.569,6.82,11.277
34.147,2093828.0,22959144960.0,15.057,11.229,1.109,27.395,0.0,0.0,6.747,6.753,7.26,19.76
34.064,2097110.0,23603470336.0,17.197,11.626,1.283,30.105,0.003,0.0,3.953,3.96,6.76,11.605
31.627,2099486.0,23487100928.0,16.187,11.245,1.331,28.762,0.008,0.0,2.854,2.865,6.26,9.025
30.224,2102220.0,24174659584.0,13.54,10.825,1.507,25.871,0.025,0.0,4.317,4.352,6.09,14.283
27.964,2105293.0,25062699008.0,12.529,10.64,1.292,24.461,0.039,0.191,3.269,3.503,5.38,11.69
29.483,2107965.0,26042277888.0,11.297,11.407,1.302,24.006,0.061,0.325,5.023,5.477,5.65,17.037
30.59,2110194.0,26681432064.0,10.188,12.803,2.047,25.038,0.063,0.293,5.079,5.552,5.63,16.604
29.432,2111982.0,26969989120.0,11.136,12.185,2.633,25.954,0.063,0.294,2.955,3.478,5.6,10.039
29.401,2113497.0,27703576576.0,10.049,11.693,2.428,24.17,0.06,0.258,4.739,5.231,5.61,16.12
31.056,2114175.0,,11.909,12.734,2.839,27.482,0.061,0.268,3.067,3.574,5.87,9.877
27.07,2111078.0,,8.175,11.74,3.249,23.164,0.062,0.307,3.354,3.907,5.34,12.391
28.287,2103329.0,,7.094,12.771,4.114,23.979,0.066,0.27,3.798,4.308,5.51,13.428
29.049,2093606.0,,8.318,14.085,2.655,25.058,0.086,0.281,3.507,3.991,6.99,12.074
0.0,17637.0,,,,,,,,,,,
0.0,19925.0,,,,,,,,,,,
0.0,22668.0,,,,,,,,,,,
0.0,25613.0,,,,,,,,,,,
0.0,28760.0,,,,,,,,,,,
0.0,32062.0,,,,,,,,,,,
0.0,35482.0,,,,,,,,,,,
0.0,38947.0,,,,,,,,,,,
0.0,42402.0,,,,,,,,,,,
0.0,45879.0,,,,,,,,,,,
0.0,48021.0,,,,,,,,,,,
0.0,48314.0,,,,,,,,,,,
0.0,48146.0,,,,,,,,,,,
0.0,47965.0,,,,,,,,,,,
0.0,47808.0,,,,,,,,,,,
0.0,48736.0,,,,,,,,,,,
0.0,53387.0,,,,,,,,,,,
0.0,60838.0,,,,,,,,,,,
0.0,68516.0,,,,,,,,,,,
0.0,76256.0,,,,,,,,,,,
0.0,80353.0,,,,,,,,,,,
0.0,79495.0,,,,,,,,,,,
0.0,77177.0,,,,,,,,,,,
0.0,74646.0,,,,,,,,,,,
0.0,71917.0,,,,,,,,,,,
0.0,69045.0,,,,,,,,,,,
0.0,66078.0,,,,,,,,,,,
0.0,63068.0,,,,,,,,,,,
0.0,60047.0,,,,,,,,,,,
0.0,57073.0,,,,,,,,,,,
0.0,54109.0,,,,,,,,,,,
0.0,52542.0,,,,,,,,,,,
0.0,52383.0,,,,,,,,,,,
0.0,52157.0,,,,,,,,,,,
0.0,51878.0,,,,,,,,,,,
0.0,51538.0,,,,,,,,,,,
0.0,51151.0,,,,,,,,,,,
0.0,50752.0,,,,,,,,,,,
0.0,50328.0,,,,,,,,,,,
0.0,49880.0,,,,,,,,,,,
0.0,49611.0,,,,,,,,,,,
0.0,49503.0,,,,,,,,,,,
,2232623.0,7245270016.0,,,,,,,,,,
,2251621.0,7376104960.0,,,,,,,,,,
,2268821.0,7434699776.0,,,,,,,,,,
,2284192.0,7527520256.0,,,,,,,,,,
,2299667.0,7552536064.0,,,,,,,,,,
,2315246.0,7670497792.0,,,,,,,,,,
,2330932.0,8107224064.0,,,,,,,,,,
,2346723.0,8237672960.0,,,,,,,,,,
,2362621.0,8473752064.0,,,,,,,,,,
,2380237.0,8620613632.0,,,,,,,,,,
,2399597.0,9121183744.0,,,,,,,,,,
,2420731.0,9476747264.0,,,,,,,,,,
,2443667.0,9813149696.0,,,,,,,,,,
,2468434.0,10803505152.0,,,,,,,,,,
,2493453.0,10718592000.0,,,,,,,,,,
,2518725.0,11008686080.0,,,,,,,,,,
,2544253.0,12113166336.0,,,,,,,,,,
,2570040.0,10933585920.0,,,,,,,,,,
,2595896.0,10371294208.0,,,,,,,,,,
,2620044.0,11986814976.0,,,,,,,,,,
,2642453.0,12487265280.0,,,,,,,,,,
,2663094.0,11264295936.0,,,,,,,,,,
,2681936.0,12316149760.0,,,,,,,,,,
,2698948.0,13212309504.0,,,,,,,,,,
,2716069.0,13063723008.0,,,,,,,,,,
,2733298.0,13001550848.0,,,,,,,,,,
,2750636.0,13124249600.0,,,,,,,,,,
,2768084.0,13852800000.0,,,,,,,,,,
,2785643.0,14596185088.0,,,,,,,,,,
,2802985.0,15598895104.0,,,,,,,,,,
,2820108.0,16227266560.0,,,,,,,,,,
,2837007.0,14958728192.0,,,,,,,,,,
,2853680.0,15704892416.0,,,,,,,,,,
,2870123.0,16099113984.0,,,,,,,,,,
,2886661.0,16666326016.0,,,,,,,,,,
,2903294.0,17498673152.0,,,,,,,,,,
,2920023.0,18678528000.0,,,,,,,,,,
,2936848.0,19510595584.0,,,,,,,,,,
,2953771.0,19947184128.0,,,,,,,,,,
,2972974.0,20911366144.0,,,,,,,,,,
,2994493.0,19137200128.0,,,,,,,,,,
,3018361.0,19596460032.0,,,,,,,,,,
,3044613.0,18839349248.0,,,,,,,,,,
,3073283.0,18461847552.0,,,,,,,,,,
,3102224.0,17500139520.0,,,,,,,,,,
,3131436.0,19609303040.0,,,,,,,,,,
,3160924.0,21607569408.0,,,,,,,,,,
,3190690.0,24538245120.0,,,,,,,,,,
,3220736.0,26244999168.0,,,,,,,,,,
,3250978.0,26945687552.0,,,,,,,,,,
,3281428.0,28259665920.0,,,,,,,,,,
,3296349.0,29788082176.0,,,,,,,,,,
,3328323.0,30838054912.0,,,,,,,,,,
,3361502.0,32062871552.0,,,,,,,,,,
,3394899.0,33681102848.0,,,,,,,,,,
,3429096.0,34424897536.0,,,,,,,,,,
,3461610.0,36260716544.0,,,,,,,,,,
,3492505.0,37353259008.0,,,,,,,,,,
,3523483.0,37354295296.0,,,,,,,,,,
,3553264.0,38928588800.0,,,,,,,,,,
,3581521.0,41123368960.0,,,,,,,,,,
,3609997.0,43700240384.0,,,,,,,,,,
,3639139.0,44929732608.0,,,,,,,,,,
,3666801.0,46649389056.0,,,,,,,,,,
,3694674.0,48972156928.0,,,,,,,,,,
215.423,3723510.0,51573116928.0,8.877,60.317,,,0.0,0.0,146.229,146.229,,
220.394,3753077.0,53519228928.0,8.174,68.085,,,0.0,0.0,144.135,144.135,,
236.682,3784346.0,56866004992.0,8.581,70.49,,,0.0,0.0,157.61,157.61,,
265.167,3816299.0,58140196864.0,8.735,78.406,,,0.0,0.0,178.026,178.026,,
265.566,3847527.0,60764565504.0,9.731,86.19,,,0.0,0.0,169.645,169.645,,
277.902,3875550.0,61972258816.0,9.94,97.024,,,0.0,0.0,170.938,170.938,,
292.364,3902912.0,65149526016.0,9.348,96.001,,,0.0,0.0,187.015,187.015,,
310.053,3933047.0,68469665792.0,10.15,100.552,,,0.0,0.0,199.351,199.351,,
328.545,3960705.0,71489060864.0,10.911,102.167,,,0.0,0.0,215.467,215.467,,
331.552,3985381.0,74488455168.0,12.097,92.958,,,0.0,0.0,226.497,226.497,,
336.399,4007471.0,78383038464.0,11.502,96.233,,,0.0,0.0,228.664,228.664,,
359.814,4026317.0,82978996224.0,11.098,106.441,,,0.0,0.0,242.275,242.275,,
331.372,4043365.0,86520545280.0,9.555,104.859,3.989,118.404,0.0,0.0,212.968,212.968,,64.269
371.85,4058804.0,89538338816.0,9.848,116.656,6.699,133.203,0.0,0.0,238.647,238.647,,64.178
398.209,4072652.0,93549789184.0,12.264,116.014,7.653,135.93,0.0,0.0,262.279,262.279,,65.865
378.902,4085778.0,98181537792.0,11.352,112.084,8.222,131.659,0.0,0.0,247.243,247.243,,65.252
400.171,4099860.0,99126697984.0,11.372,104.184,10.106,125.662,0.0,0.0,274.509,274.509,,68.598
395.477,4114936.0,99335069696.0,10.938,100.112,10.909,121.959,0.0,0.0,273.519,273.519,,69.162
434.764,4128576.0,102897041408.0,11.652,98.312,12.281,122.246,0.0,0.0,312.518,312.518,,71.882
440.217,4140232.0,108971442176.0,13.066,102.18,11.816,127.063,0.0,0.0,313.154,313.154,,71.136
435.445,4152640.0,114639986688.0,13.013,107.215,12.456,132.684,0.0,0.0,302.745,302.761,103.292,69.526
424.843,4167465.0,118764650496.0,11.597,114.974,13.723,140.295,0.0,0.0,284.465,284.548,97.284,66.958
446.351,4187034.0,121201516544.0,11.204,114.595,15.107,140.906,0.0,0.0,305.377,305.444,104.283,68.416
460.097,4209655.0,121152471040.0,11.502,107.593,19.027,138.122,0.0,0.0,321.889,321.975,110.019,69.961
490.188,4227072.0,122312998912.0,10.077,108.837,21.074,139.988,0.0,0.0,350.108,350.2,119.197,71.423
495.398,4241637.0,124859203584.0,9.438,104.738,22.318,136.493,0.0,0.0,358.224,358.904,121.46,72.31
456.792,4261886.0,132674478080.0,8.399,96.916,25.144,130.459,0.0,0.0,325.665,326.332,110.46,71.294
481.064,4286560.0,141645643776.0,8.438,99.843,27.063,135.345,0.0,0.0,344.995,345.72,117.01,71.715
496.452,4312138.0,150160310272.0,9.125,105.489,28.47,143.084,0.0,0.021,352.571,353.367,119.61,71.018
479.502,4336745.0,162612346880.0,10.288,107.634,30.564,148.486,0.0,0.027,330.127,331.016,112.2,68.848
508.82,4359327.0,174580203520.0,11.233,106.418,30.854,148.505,0.0,0.03,359.363,360.315,122.13,70.627
466.737,4381511.0,189004513280.0,11.17,113.96,33.494,158.624,0.0,0.027,307.119,308.113,104.57,65.801
490.684,4405334.0,205114343424.0,11.085,115.513,38.681,165.279,0.0,0.033,324.603,325.405,110.38,66.153
510.298,4431672.0,216977244160.0,12.029,115.735,39.507,167.271,0.0,0.033,342.133,343.027,116.31,67.046
523.83,4462148.0,228162633728.0,11.272,114.741,37.739,163.752,0.0,0.074,359.132,360.078,122.15,68.559
580.512,4491204.0,242722144256.0,11.545,106.32,42.368,160.233,0.016,0.092,419.354,420.279,142.43,72.239
524.996,4514019.0,255412797440.0,10.288,120.641,39.263,170.193,0.016,0.079,353.895,354.804,121.16,67.409
546.265,4538435.0,267060707328.0,8.922,116.792,41.903,167.617,0.015,0.219,377.615,378.648,130.12,69.127
482.027,4565167.0,277816606720.0,8.712,120.559,45.148,174.418,0.018,0.632,305.905,307.609,106.59,63.462
490.929,4592284.0,297704030208.0,9.836,117.993,47.741,175.57,0.018,0.726,313.469,315.359,109.98,63.852
560.754,4623691.0,314925252608.0,8.399,117.615,43.699,169.713,0.018,1.429,388.531,391.04,137.1,69.287
513.554,4661081.0,332397084672.0,7.205,120.29,43.316,170.812,0.02,1.81,339.653,342.742,121.09,66.138
551.271,4709582.0,352664748032.0,7.923,119.564,41.761,169.249,0.02,2.522,377.928,382.023,135.94,68.556
564.522,4768654.0,364919226368.0,8.165,117.874,42.995,169.035,0.021,2.566,390.722,395.488,141.02,69.213
521.254,4829195.0,370050662400.0,6.5,119.021,41.293,166.814,0.022,2.728,349.879,354.44,130.9,67.123
500.38,4889747.0,383737856000.0,8.861,121.605,40.972,171.438,0.022,2.44,324.018,328.942,123.09,64.754
507.487,4953565.0,399382970368.0,9.833,119.486,40.324,169.643,0.023,3.539,331.808,337.844,126.21,65.383
562.048,5019058.0,410365034496.0,9.528,116.854,40.152,166.534,0.024,4.245,388.598,395.514,146.55,69.14
526.926,5080667.0,414462935040.0,9.028,120.905,39.829,169.762,0.027,5.127,349.23,357.164,133.27,66.277
542.738,5137926.0,422415695872.0,9.889,114.895,42.674,167.458,0.031,6.006,366.991,375.28,140.94,67.618
548.0,5190357.0,429219184640.0,8.863,114.848,45.36,169.07,0.036,6.773,369.75,378.929,143.06,67.473
556.1,5236591.0,433545936896.0,9.1,111.021,43.783,163.905,0.064,5.665,382.3,392.195,148.13,68.747
558.883,5277396.0,443618328576.0,9.513,110.461,45.948,165.923,0.106,7.595,378.877,392.961,148.41,67.792
550.134,5312321.0,449338998784.0,9.291,113.588,44.357,167.236,0.161,10.257,367.68,382.899,146.02,66.835
515.535,5348285.0,,9.075,109.581,45.747,164.403,0.277,14.564,330.26,351.132,133.83,64.062
558.905,5379836.0,,8.977,104.115,44.114,157.206,0.357,26.029,370.107,401.699,154.29,66.22
569.09,5403021.0,,9.79,105.701,42.163,157.654,0.457,30.793,374.953,411.436,157.17,65.886
526.729,5434324.0,,9.335,100.233,39.873,149.441,0.712,38.642,332.697,377.287,152.68,63.163
30572.754,,,10163.524,13436.93,4725.326,28325.779,0.0,0.0,2123.837,2179.786,,6.947
32077.643,,,10118.507,14446.701,5113.34,29678.547,0.0,0.0,2245.542,2307.279,,7.0
33348.816,,,9929.298,15506.034,5435.992,30871.324,0.0,0.0,2305.29,2367.643,,6.913
35552.258,,,10150.809,16878.889,5945.044,32974.742,0.0,0.0,2369.553,2438.585,,6.665
37896.98,,,10282.948,18341.771,6555.929,35180.648,0.0,0.0,2480.974,2553.533,,6.547
40020.109,,,10132.295,19922.338,7127.104,37181.734,0.0,0.0,2552.343,2630.858,,6.378
41109.969,,,9610.424,20887.639,7579.393,38077.453,0.0,0.0,2659.348,2739.532,,6.469
43194.965,,,9540.203,22400.287,7992.774,39933.266,0.0,0.0,2774.969,2861.209,,6.424
45649.066,,,9929.406,24100.643,8213.705,42243.75,0.0,0.0,2781.472,2874.093,,6.093
45074.238,,,9850.284,23110.938,8281.264,41242.484,0.0,0.0,3049.561,3148.418,,6.766
44143.262,,,9672.34,22402.596,7969.898,40044.836,0.0,0.0,3053.17,3152.447,,6.917
46484.027,,,10204.969,23864.174,8269.801,42338.941,0.0,0.0,2945.803,3056.139,,6.337
47549.262,,,10338.2,24450.512,8322.435,43111.145,0.0,0.0,2966.598,3082.584,,6.239
49034.172,,,10265.262,25350.869,8529.278,44145.41,0.0,0.009,3178.832,3301.386,,6.483
50367.824,,,10894.854,25453.004,8947.622,45295.48,0.0,0.018,3315.348,3444.629,,6.582
49036.352,,,11276.371,23702.111,8872.521,43851.004,0.0,0.031,3295.02,3429.579,,6.72
47977.648,,,11397.987,22315.838,8714.221,42428.047,0.0,0.031,3344.738,3483.511,,6.971
46570.488,,,11256.71,21160.529,8337.748,40754.984,0.0,0.055,3435.281,3598.465,,7.377
46710.539,,,11482.136,20801.184,8163.425,40446.746,0.009,0.097,3587.061,3765.292,,7.679
48849.312,,,11969.324,21333.637,8755.376,42058.336,0.019,0.132,3596.672,3798.97,,7.363
50025.746,,,12476.69,21331.1,8825.898,42633.688,0.035,0.19,3592.779,3800.447,6564.139,7.182
50666.66,,,12320.941,22071.223,8552.97,42945.133,0.045,0.411,3575.725,3803.433,6670.729,7.057
52104.754,,,12654.276,22378.789,9026.393,44059.461,0.031,0.578,3581.437,3828.791,6952.485,6.874
53864.207,,,12906.077,23197.033,9323.445,45426.555,0.03,0.98,3625.997,3881.634,7235.737,6.732
54870.527,,,12999.951,23495.307,9810.372,46305.629,0.775,7.835,3531.123,3823.02,7607.382,6.435
55219.184,,,12664.354,23659.18,9987.193,46310.727,1.142,10.64,3645.561,3988.833,7815.391,6.602
55666.164,,,12396.05,23682.33,10349.576,46427.953,1.488,11.719,3688.305,4051.21,7990.249,6.626
56187.047,,,12089.611,24261.555,10551.001,46902.164,1.371,13.342,3649.919,4041.432,8052.524,6.496
56999.48,,,12025.435,24331.682,10910.724,47267.84,1.634,15.944,3876.238,4289.067,8234.252,6.8
57974.926,,,12026.243,25006.455,11170.13,48202.828,1.75,19.344,3750.132,4180.919,8456.431,6.469
59531.246,,,12090.196,25382.604,11768.164,49240.965,1.865,21.124,4007.995,4451.643,8721.538,6.733
61514.473,,,12466.534,26105.654,12382.054,50954.242,2.023,24.287,4114.733,4562.813,8966.31,6.689
62167.434,,,12570.483,26472.449,12512.144,51555.078,2.166,31.934,4189.741,4676.026,9134.56,6.739
62377.934,,,12499.348,26599.512,12597.756,51696.617,2.341,42.662,4090.829,4605.333,9373.981,6.558
63287.457,,,12381.362,26996.857,12946.159,52324.379,2.608,56.738,4130.055,4672.326,9585.812,6.526
64522.855,,,12906.174,27023.047,13475.403,53404.621,2.999,85.531,4142.573,4734.433,9914.105,6.42
64072.387,,,12756.987,27003.752,13361.586,53122.324,3.992,102.666,3816.709,4445.135,9910.847,5.957
64657.578,,,12922.969,26949.152,13677.349,53549.469,4.995,142.231,3860.475,4579.954,10138.199,5.971
65222.406,,,13224.144,27314.211,13862.627,54400.984,6.209,170.633,3767.2,4561.126,10256.559,5.776
66464.203,,,13282.038,27819.803,14091.815,55193.656,8.166,224.694,3832.524,4748.523,10506.839,5.766
66882.234,,,13372.333,27897.365,14233.366,55503.066,11.524,273.056,3842.181,4888.685,10743.832,5.745
67014.32,,,13485.344,27664.455,14268.401,55418.199,15.786,337.4,3885.355,5091.388,10831.982,5.798
67430.68,,,13698.298,27481.348,14800.739,55980.383,21.227,428.735,3761.075,5169.585,11071.846,5.578
66720.367,,,13454.78,26505.725,15032.498,54993.0,34.545,534.209,3893.674,5540.167,11079.459,5.836
63479.91,,,12038.391,25141.189,14572.088,51751.664,57.126,637.167,3822.042,5677.665,10649.396,6.021
65788.328,,,12772.346,25309.074,15532.986,53614.406,90.41,749.051,3904.328,6042.478,11071.355,5.935
65107.293,,,12523.84,24953.613,15477.315,52954.77,168.179,915.935,3982.648,6439.672,11025.453,6.117
64547.02,,,12019.703,24786.227,15839.908,52645.836,252.994,1053.042,3971.974,6739.251,11033.312,6.154
65176.109,,,12125.474,24643.561,16168.356,52937.391,328.702,1210.996,3995.669,7071.731,11025.061,6.131
64646.066,,,11930.932,24387.617,15912.003,52230.551,430.994,1299.768,3913.372,7246.778,10970.745,6.054
64805.414,,,11183.926,24710.697,16237.594,52132.219,525.248,1509.557,3855.181,7570.853,11018.013,5.949
65138.125,,,10555.48,25074.24,16568.648,52198.367,614.232,1630.561,3907.91,7871.438,11100.065,5.999
65798.914,,,10477.543,25276.643,16785.4,52539.586,741.094,1862.146,3876.481,8255.078,11147.689,5.891
66774.75,,,10108.61,25395.76,17671.355,53175.727,860.784,1974.375,3940.171,8598.348,11347.978,5.901
66181.133,,,8964.452,25204.217,18091.463,52260.133,992.16,2193.874,3834.346,8876.905,11212.099,5.794
61580.898,,,7660.278,22102.043,17698.75,47461.07,1181.411,2461.681,3925.021,9402.02,10923.918,6.374
64549.324,,,8317.193,23626.371,18128.143,50071.707,1425.076,2543.573,3794.796,9676.206,11231.954,5.879
65116.648,,,8027.598,24438.543,17965.643,50431.781,1716.268,2851.367,3671.35,10208.303,11357.26,5.638
53788.578,,,,,,,,,,,,
52619.293,,,,,,,,,,,,
51420.203,,,,,,,,,,,,
51298.078,,,,,,,,,,,,
53139.402,,,,,,,,,,,,
54021.18,,,,,,,,,,,,
54744.758,,,,,,,,,,,,
56222.371,,,,,,,,,,,,
58119.727,,,,,,,,,,,,
59220.957,,,,,,,,,,,,
59438.105,,,,,,,,,,,,
59647.246,,,,,,,,,,,,
60515.531,,,,,,,,,,,,
61442.582,,,,,,,,,,,,
62561.148,,,,,,,,,,,,
64107.504,,,,,,,,,,,,
66182.367,,,,,,,,,,,,
66643.352,,,,,,,,,,,,
66813.82,,,,,,,,,,,,
67799.312,,,,,,,,,,,,
69094.805,,,,,,,,,,,,
68765.195,,,,,,,,,,,,
69281.188,,,,,,,,,,,,
70046.32,,,,,,,,,,,,
71507.203,,,,,,,,,,,,
71917.227,,,,,,,,,,,,
72114.367,,,,,,,,,,,,
72515.781,,,,,,,,,,,,
71498.172,,,,,,,,,,,,
68482.812,,,,,,,,,,,,
71096.812,,,,,,,,,,,,
70378.07,,,,,,,,,,,,
69623.625,,,,,,,,,,,,
70494.875,,,,,,,,,,,,
70085.984,,,,,,,,,,,,
70169.234,,,,,,,,,,,,
70585.594,,,,,,,,,,,,
71370.312,,,,,,,,,,,,
72260.125,,,,,,,,,,,,
71465.805,,,,,,,,,,,,
66318.836,,,,,,,,,,,,
69208.0,,,,,,,,,,,,
,,,,,,,,,,,9439.69,
,,,,,,,,,,,9433.79,
,,,,,,,,,,,9641.35,
,,,,,,,,,,,9736.05,
,,,,,,,,,,,9990.21,
,,,,,,,,,,,10179.78,
,,,,,,,,,,,10278.13,
,,,,,,,,,,,10538.85,
,,,,,,,,,,,10479.36,
,,,,,,,,,,,10108.49,
,,,,,,,,,,,10593.17,
,,,,,,,,,,,10580.16,
,,,,,,,,,,,10583.15,
,,,,,,,,,,,10588.57,
,,,,,,,,,,,10577.2,
,,,,,,,,,,,10609.47,
,,,,,,,,,,,10692.38,
,,,,,,,,,,,10734.43,
,,,,,,,,,,,10916.02,
,,,,,,,,,,,10781.38,
,,,,,,,,,,,10534.38,
,,,,,,,,,,,10831.04,
,,,,,,,,,,,10960.12,
,,,,,,,,,,,,
,,,,,,,,,,,,
,,,,,,,,,,,,
,,,,,,,,,,,,
,,,,,,,,,,,,
,,,,,,,,,,,,
,,,,,,,,,,,,
,,,,,,,,,,,,
,,,,,,,,,,,,
,,,,,,,,,,,,
,,,,,,,,,,,,
,,,,,,,,,,,,
,,,,,,,,,,,,
,,,,,,,,,,,,
,,,,,,,,,,,,
,,,,,,,,,,,,
,,,,,,,,,,,,
,,,,,,,,,,,,
,,,,,,,,,,,,
,,,,,,,,,,,,
,,,,,,,,,,,,
,,,,,,,,,,,,
,,,,,,,,,,,,
,,,,,,,,,,,,
,,,,,,,,,,,,
,,,,,,,,,,,,
,,,,,,,,,,,,
,,,,,,,,,,,,
,,,,,,,,,,,,
,,,,,,,,,,,,
,,,,,,,,,,,,
,,,,,,,,,,,,
,,,,,,,,,,,,
,,,,,,,,,,,,
,,,,,,,,,,,,
,,,,,,,,,,,,
,,,,,,,,,,,,
,,,,,,,,,,,,
,,,,,,,,,,,,
,,,,,,,,,,,,
,,,,,,,,,,,,
,,,,,,,,,,,,
,,,,,,,,,,,,
,,,,,,,,,,,,
,,,,,,,,,,,,
,,,,,,,,,,,,
,,,,,,,,,,,,
,,,,,,,,,,,,
,,,,,,,,,,,,
,,,,,,,,,,,,
,,,,,,,,,,,,
,,,,,,,,,,,,
,,,,,,,,,,,,
,,,,,,,,,,,,
,,,,,,,,,,,,
,,,,,,,,,,,,
,,,,,,,,,,,,
,,,,,,,,,,,,
,,,,,,,,,,,,
,,,,,,,,,,,,
,,,,,,,,,,,,
,,,,,,,,,,,,
,,,,,,,,,,,,
,,,,,,,,,,,,
,,,,,,,,,,,,
,,,,,,,,,,,,
,,,,,,,,,,,,
,,,,,,,,,,,,
,,,,,,,,,,,,
,,,,,,,,,,,,
,,,,,,,,,,,,
,,,,,,,,,,,,
,,,,,,,,,,,,
,,,,,,,,,,,,
,,,,,,,,,,,,
,,,,,,,,,,,,
,,,,,,,,,,,,
,,,,,,,,,,,,
,,,,,,,,,,,,
,,,,,,,,,,,,
,,,,,,,,,,,,
,,,,,,,,,,,,
,,,,,,,,,,,,
,,,,,,,,,,,,
,,,,,,,,,,,,
,,,,,,,,,,,,
,,,,,,,,,,,,
,,,,,,,,,,,,
,,,,,,,,,,,,
,,,,,,,,,,,,
,,,,,,,,,,,,
,,,,,,,,,,,,
,,,,,,,,,,,,
,,,,,,,,,,,,
,,,,,,,,,,,,
,,,,,,,,,,,,
,,,,,,,,,,,,
,,,,,,,,,,,,
,,,,,,,,,,,,
,,,,,,,,,,,,
,,,,,,,,,,,,
,,,,,,,,,,,,
,,,,,,,,,,,,
,,,,,,,,,,,,
,,,,,,,,,,,,
,,,,,,,,,,,,
,,,,,,,,,,,,
,,,,,,,,,,,,
,,,,,,,,,,,,
,,,,,,,,,,,,
,,,,,,,,,,,,
,,,,,,,,,,,,
,,,,,,,,,,,,
,,,,,,,,,,,,
,,,,,,,,,,,,
,,,,,,,,,,,,
,,,,,,,,,,,,
6217.142,,,,,,,,,,,,
6260.314,,,,,,,,,,,,
6172.153,,,,,,,,,,,,
6121.076,,,,,,,,,,,,
6449.165,,,,,,,,,,,,
6544.345,,,,,,,,,,,,
6687.096,,,,,,,,,,,,
6964.846,,,,,,,,,,,,
7400.822,,,,,,,,,,,,
7703.58,,,,,,,,,,,,
8178.289,,,,,,,,,,,,
8447.352,,,,,,,,,,,,
8651.246,,,,,,,,,,,,
8890.548,,,,,,,,,,,,
9254.661,,,,,,,,,,,,
9646.346,,,,,,,,,,,,
9964.279,,,,,,,,,,,,
10265.546,,,,,,,,,,,,
10019.152,,,,,,,,,,,,
10379.984,,,,,,,,,,,,
10559.99,,,,,,,,,,,,
10582.46,,,,,,,,,,,,
10606.19,,,,,,,,,,,,
10743.359,,,,,,,,,,,,
10943.291,,,,,,,,,,,,
11092.819,,,,,,,,,,,,
11210.233,,,,,,,,,,,,
11305.635,,,,,,,,,,,,
11060.654,,,,,,,,,,,,
10847.949,,,,,,,,,,,,
11404.185,,,,,,,,,,,,
11357.098,,,,,,,,,,,,
11295.282,,,,,,,,,,,,
11283.267,,,,,,,,,,,,
11153.138,,,,,,,,,,,,
11133.576,,,,,,,,,,,,
11327.025,,,,,,,,,,,,
11416.707,,,,,,,,,,,,
11371.527,,,,,,,,,,,,
11283.544,,,,,,,,,,,,
10711.24,,,,,,,,,,,,
11024.937,,,,,,,,,,,,
20230.99,,,,,,,,,,,,
19499.332,,,,,,,,,,,,
19314.412,,,,,,,,,,,,
19382.057,,,,,,,,,,,,
19625.797,,,,,,,,,,,,
20296.729,,,,,,,,,,,,
20773.996,,,,,,,,,,,,
21163.041,,,,,,,,,,,,
21361.764,,,,,,,,,,,,
21398.158,,,,,,,,,,,,
21310.701,,,,,,,,,,,,
21140.592,,,,,,,,,,,,
21277.904,,,,,,,,,,,,
21289.01,,,,,,,,,,,,
21303.121,,,,,,,,,,,,
21849.377,,,,,,,,,,,,
22529.625,,,,,,,,,,,,
22446.434,,,,,,,,,,,,
22700.248,,,,,,,,,,,,
22653.984,,,,,,,,,,,,
22950.895,,,,,,,,,,,,
23304.34,,,,,,,,,,,,
23244.275,,,,,,,,,,,,
23607.912,,,,,,,,,,,,
24043.76,,,,,,,,,,,,
24152.893,,,,,,,,,,,,
24294.074,,,,,,,,,,,,
24142.527,,,,,,,,,,,,
24096.164,,,,,,,,,,,,
22815.273,,,,,,,,,,,,
23689.033,,,,,,,,,,,,
22975.344,,,,,,,,,,,,
22925.047,,,,,,,,,,,,
22865.27,,,,,,,,,,,,
22202.781,,,,,,,,,,,,
22537.139,,,,,,,,,,,,
22736.627,,,,,,,,,,,,
23210.367,,,,,,,,,,,,
23069.449,,,,,,,,,,,,
22683.371,,,,,,,,,,,,
20954.057,,,,,,,,,,,,
21872.27,,,,,,,,,,,,
26789.521,,,,,,,,,,,,
26299.855,,,,,,,,,,,,
25372.289,,,,,,,,,,,,
25233.861,,,,,,,,,,,,
26479.758,,,,,,,,,,,,
26585.949,,,,,,,,,,,,
26679.586,,,,,,,,,,,,
27505.521,,,,,,,,,,,,
28731.143,,,,,,,,,,,,
29455.75,,,,,,,,,,,,
29266.686,,,,,,,,,,,,
29369.799,,,,,,,,,,,,
29865.668,,,,,,,,,,,,
30484.447,,,,,,,,,,,,
31184.49,,,,,,,,,,,,
31755.674,,,,,,,,,,,,
32788.395,,,,,,,,,,,,
32985.961,,,,,,,,,,,,
33143.312,,,,,,,,,,,,
33806.984,,,,,,,,,,,,
34510.527,,,,,,,,,,,,
33767.016,,,,,,,,,,,,
34284.945,,,,,,,,,,,,
34514.547,,,,,,,,,,,,
35289.109,,,,,,,,,,,,
35440.766,,,,,,,,,,,,
35353.996,,,,,,,,,,,,
35809.066,,,,,,,,,,,,
35119.633,,,,,,,,,,,,
33621.145,,,,,,,,,,,,
34801.457,,,,,,,,,,,,
34774.348,,,,,,,,,,,,
34099.367,,,,,,,,,,,,
35051.148,,,,,,,,,,,,
35397.246,,,,,,,,,,,,
35145.457,,,,,,,,,,,,
35140.738,,,,,,,,,,,,
35337.523,,,,,,,,,,,,
36402.852,,,,,,,,,,,,
36090.578,,,,,,,,,,,,
33368.488,,,,,,,,,,,,
34912.582,,,,,,,,,,,,
,,,,,,,,,,,,
,,,,,,,,,,,,
,,,,,,,,,,,,
,,,,,,,,,,,,
,,,,,,,,,,,,
,,,,,,,,,,,,
,,,,,,,,,,,,
,,,,,,,,,,,,
,,,,,,,,,,,,
,,,,,,,,,,,,
,,,,,,,,,,,,
,,,,,,,,,,,,
,,,,,,,,,,,,
,,,,,,,,,,,,
,,,,,,,,,,,,
,,,,,,,,,,,,
,,,,,,,,,,,,
,,,,,,,,,,,,
,,,,,,,,,,,,
,,,,,,,,,,,,
,,,,,,,,,,,,
,,,,,,,,,,,,
,,,,,,,,,,,,
,,,,,,,,,,,,
,,,,,,,,,,,,
,,,,,,,,,,,,
,,,,,,,,,,,,
,,,,,,,,,,,,
,,,,,,,,,,,,
,,,,,,,,,,,,
,,,,,,,,,,,,
,,,,,,,,,,,,
,,,,,,,,,,,,
,,,,,,,,,,,,
,,,,,,,,,,,,
,,,,,,,,,,,,
,,,,,,,,,,,,
,,,,,,,,,,,,
,,,,,,,,,,,,
,,,,,,,,,,,,
,,,,,,,,,,,,
,,,,,,,,,,,,
,,,,,,,,,,,,
,,,,,,,,,,,,
,,,,,,,,,,,,
,,,,,,,,,,,,
,,,,,,,,,,,,
,,,,,,,,,,,,
,,,,,,,,,,,,
,,,,,,,,,,,,
,,,,,,,,,,,,
,,,,,,,,,,,,
,,,,,,,,,,,,
,,,,,,,,,,,,
,,,,,,,,,,,,
,,,,,,,,,,,,
,,,,,,,,,,,,
,,,,,,,,,,,,
2293.545,,,,,,,,,,,,
2388.168,,,,,,,,,,,,
2529.635,,,,,,,,,,,,
2775.262,,,,,,,,,,,,
2963.786,,,,,,,,,,,,
3187.202,,,,,,,,,,,,
3371.965,,,,,,,,,,,,
3545.876,,,,,,,,,,,,
3764.337,,,,,,,,,,,,
3939.238,,,,,,,,,,,,
3971.658,,,,,,,,,,,,
4111.159,,,,,,,,,,,,
4334.531,,,,,,,,,,,,
4438.46,,,,,,,,,,,,
4627.674,,,,,,,,,,,,
4760.426,,,,,,,,,,,,
4938.178,,,,,,,,,,,,
5238.208,,,,,,,,,,,,
5411.69,,,,,,,,,,,,
5486.856,,,,,,,,,,,,
5815.171,,,,,,,,,,,,
6172.614,,,,,,,,,,,,
6397.747,,,,,,,,,,,,
6474.958,,,,,,,,,,,,
6906.603,,,,,,,,,,,,
7501.508,,,,,,,,,,,,
7766.221,,,,,,,,,,,,
8058.925,,,,,,,,,,,,
8620.827,,,,,,,,,,,,
8866.619,,,,,,,,,,,,
9500.848,,,,,,,,,,,,
10011.334,,,,,,,,,,,,
10320.315,,,,,,,,,,,,
10619.396,,,,,,,,,,,,
10976.069,,,,,,,,,,,,
10722.768,,,,,,,,,,,,
11556.658,,,,,,,,,,,,
11725.096,,,,,,,,,,,,
11803.796,,,,,,,,,,,,
11677.354,,,,,,,,,,,,
10626.797,,,,,,,,,,,,
10839.889,,,,,,,,,,,,
,,,,,,,,,,,,
,,,,,,,,,,,,
,,,,,,,,,,,,
,,,,,,,,,,,,
,,,,,,,,,,,,
,,,,,,,,,,,,
,,,,,,,,,,,,
,,,,,,,,,,,,
,,,,,,,,,,,,
,,,,,,,,,,,,
,,,,,,,,,,,,
,,,,,,,,,,,,
,,,,,,,,,,,,
,,,,,,,,,,,,
,,,,,,,,,,,,
,,,,,,,,,,,,
,,,,,,,,,,,,
,,,,,,,,,,,,
,,,,,,,,,,,,
,,,,,,,,,,,,
,,,,,,,,,,,,
,,,,,,,,,,,,
,,,,,,,,,,,,
,,,,,,,,,,,,
,,,,,,,,,,,,
,,,,,,,,,,,,
,,,,,,,,,,,,
,,,,,,,,,,,,
,,,,,,,,,,,,
,,,,,,,,,,,,
,,,,,,,,,,,,
,,,,,,,,,,,,
,,,,,,,,,,,,
,,,,,,,,,,,,
,,,,,,,,,,,,
,,,,,,,,,,,,
,,,,,,,,,,,,
,,,,,,,,,,,,
,,,,,,,,,,,,
,,,,,,,,,,,,
,,,,,,,,,,,,
,,,,,,,,,,,,
,,,,,,,,,,,,
,,,,,,,,,,,,
,,,,,,,,,,,,
,,,,,,,,,,,,
,,,,,,,,,,,,
,,,,,,,,,,,,
,,,,,,,,,,,,
,,,,,,,,,,,,
,,,,,,,,,,,,
,,,,,,,,,,,,
,,,,,,,,,,,,
,,,,,,,,,,,,
,,,,,,,,,,,,
,,,,,,,,,,,,
,,,,,,,,,,,,
,,,,,,,,,,,,
,,,,,,,,,,,,
,,,,,,,,,,,,
,,,,,,,,,,,,
,,,,,,,,,,,,
,,,,,,,,,,,,
,,,,,,,,,,,,
,,,,,,,,,,,,
,,,,,,,,,,,,
,,,,,,,,,,,,
,,,,,,,,,,,,
,,,,,,,,,,,,
,,,,,,,,,,,,
,,,,,,,,,,,,
,,,,,,,,,,,,
,,,,,,,,,,,,
,,,,,,,,,,,,
,,,,,,,,,,,,
,,,,,,,,,,,,
,,,,,,,,,,,,
,,,,,,,,,,,,
,,,,,,,,,,,,
,,,,,,,,,,,,
,,,,,,,,,,,,
,,,,,,,,,,,,
,,,,,,,,,,,,
,,,,,,,,,,,,
,,,,,,,,,,,,
,,,,,,,,,,,,
,,,,,,,,,,,,
,,,,,,,,,,,,
,,,,,,,,,,,,
,,,,,,,,,,,,
,,,,,,,,,,,,
,,,,,,,,,,,,
,,,,,,,,,,,,
,,,,,,,,,,,,
,,,,,,,,,,,,
,,,,,,,,,,,,
,,,,,,,,,,,,
,,,,,,,,,,,,
,,,,,,,,,,,,
,,,,,,,,,,,,
,,,,,,,,,,,,
,,,,,,,,,,,,
,,,,,,,,,,,,
,,,,,,,,,,,,
,,,,,,,,,,,,
,,,,,,,,,,,,
,,,,,,,,,,,,
,,,,,,,,,,,,
,,,,,,,,,,,,
,,,,,,,,,,,,
,,,,,,,,,,,,
,,,,,,,,,,,,
,,,,,,,,,,,,
,,,,,,,,,,,,
,,,,,,,,,,,,
,,,,,,,,,,,,
,,,,,,,,,,,,
498.086,,,,,,,,,,,,
481.065,,,,,,,,,,,,
566.171,,,,,,,,,,,,
612.855,,,,,,,,,,,,
639.971,,,,,,,,,,,,
642.058,,,,,,,,,,,,
647.966,,,,,,,,,,,,
685.322,,,,,,,,,,,,
723.723,,,,,,,,,,,,
736.122,,,,,,,,,,,,
752.2,,,,,,,,,,,,
820.001,,,,,,,,,,,,
800.488,,,,,,,,,,,,
776.893,,,,,,,,,,,,
776.235,,,,,,,,,,,,
825.013,,,,,,,,,,,,
832.498,,,,,,,,,,,,
827.722,,,,,,,,,,,,
821.365,,,,,,,,,,,,
808.1,,,,,,,,,,,,
861.869,,,,,,,,,,,,
896.738,,,,,,,,,,,,
952.302,,,,,,,,,,,,
974.755,,,,,,,,,,,,
963.081,,,,,,,,,,,,
1067.389,,,,,,,,,,,,
1051.035,,,,,,,,,,,,
1035.361,,,,,,,,,,,,
1144.641,,,,,,,,,,,,
1104.635,,,,,,,,,,,,
1177.885,,,,,,,,,,,,
1247.975,,,,,,,,,,,,
1344.252,,,,,,,,,,,,
1460.325,,,,,,,,,,,,
1580.348,,,,,,,,,,,,
1523.808,,,,,,,,,,,,
1513.512,,,,,,,,,,,,
1524.373,,,,,,,,,,,,
1604.942,,,,,,,,,,,,
1665.752,,,,,,,,,,,,
1591.694,,,,,,,,,,,,
1639.63,,,,,,,,,,,,
464.272,,,,,,,,,,,,
504.016,,,,,,,,,,,,
512.222,,,,,,,,,,,,
496.335,,,,,,,,,,,,
499.502,,,,,,,,,,,,
511.99,,,,,,,,,,,,
551.889,,,,,,,,,,,,
562.602,,,,,,,,,,,,
565.954,,,,,,,,,,,,
602.366,,,,,,,,,,,,
609.919,,,,,,,,,,,,
648.452,,,,,,,,,,,,
651.005,,,,,,,,,,,,
672.892,,,,,,,,,,,,
713.369,,,,,,,,,,,,
724.807,,,,,,,,,,,,
753.983,,,,,,,,,,,,
780.608,,,,,,,,,,,,
824.731,,,,,,,,,,,,
775.088,,,,,,,,,,,,
800.72,,,,,,,,,,,,
878.196,,,,,,,,,,,,
836.731,,,,,,,,,,,,
770.688,,,,,,,,,,,,
868.977,,,,,,,,,,,,
880.566,,,,,,,,,,,,
928.492,,,,,,,,,,,,
876.719,,,,,,,,,,,,
930.182,,,,,,,,,,,,
911.919,,,,,,,,,,,,
910.939,,,,,,,,,,,,
918.942,,,,,,,,,,,,
996.222,,,,,,,,,,,,
943.045,,,,,,,,,,,,
896.038,,,,,,,,,,,,
896.822,,,,,,,,,,,,
859.871,,,,,,,,,,,,
842.897,,,,,,,,,,,,
758.011,,,,,,,,,,,,
620.041,,,,,,,,,,,,
522.604,,,,,,,,,,,,
531.196,,,,,,,,,,,,
,5936615.0,,,,,,,,,,,
,5921693.0,,,,,,,,,,,
,6008328.0,,,,,,,,,,,
,6089639.0,,,,,,,,,,,
,6180748.0,,,,,,,,,,,
,6273490.0,,,,,,,,,,,
,6376388.0,,,,,,,,,,,
,6463985.0,,,,,,,,,,,
,6561807.0,,,,,,,,,,,
,6654625.0,,,,,,,,,,,
,6820913.0,,,,,,,,,,,
,6835644.0,,,,,,,,,,,
,6907269.0,,,,,,,,,,,
,6984231.0,,,,,,,,,,,
,7065050.0,,,,,,,,,,,
,7149688.0,,,,,,,,,,,
,7246926.0,,,,,,,,,,,
,7330341.0,,,,,,,,,,,
,7426349.0,,,,,,,,,,,
,7530416.0,,,,,,,,,,,
,7725388.0,,,,,,,,,,,
,7771434.0,,,,,,,,,,,
,7889021.0,,,,,,,,,,,
,8023430.0,,,,,,,,,,,
,8160821.0,,,,,,,,,,,
,8301231.0,,,,,,,,,,,
,8490705.0,,,,,,,,,,,
,8591282.0,,,,,,,,,,,
,8741011.0,,,,,,,,,,,
,8881471.0,,,,,,,,,,,
,9104015.0,,,,,,,,,,,
,9174477.0,,,,,,,,,,,
,9246964.0,,,,,,,,,,,
,9350068.0,,,,,,,,,,,
,9456223.0,,,,,,,,,,,
,9565477.0,,,,,,,,,,,
,9733885.0,,,,,,,,,,,
,9793514.0,,,,,,,,,,,
,9912430.0,,,,,,,,,,,
,10046940.0,,,,,,,,,,,
,10295520.0,,,,,,,,,,,
,10364222.0,,,,,,,,,,,
,10547786.0,,,,,,,,,,,
,10748502.0,,,,,,,,,,,
,10954585.0,,,,,,,,,,,
,11180194.0,,,,,,,,,,,
,11438499.0,,,,,,,,,,,
,11606681.0,,,,,,,,,,,
,11835931.0,,,,,,,,,,,
,12077940.0,,,,,,,,,,,
,12578030.0,,,,,,,,,,,
,12910351.0,,,,,,,,,,,
,13224304.0,,,,,,,,,,,
,13522000.0,,,,,,,,,,,
,13819174.0,,,,,,,,,,,
,14140071.0,,,,,,,,,,,
,14479634.0,,,,,,,,,,,
,14820933.0,,,,,,,,,,,
,15162130.0,,,,,,,,,,,
,15506698.0,,,,,,,,,,,
,15859743.0,,,,,,,,,,,
,16213869.0,,,,,,,,,,,
,16557077.0,,,,,,,,,,,
,16899883.0,,,,,,,,,,,
,17248725.0,,,,,,,,,,,
510.978,17609458.0,,221.159,232.656,0.029,453.844,0.0,,52.364,57.134,,10.248
536.651,17976052.0,,227.997,250.181,0.039,478.217,0.0,,53.671,58.434,,10.001
564.434,18320665.0,,232.241,272.34,0.039,504.62,0.0,,55.67,59.814,,9.863
595.169,18657991.0,,237.686,294.281,0.305,532.271,0.0,,58.323,62.898,,9.799
617.505,19020565.0,,245.676,302.953,4.126,552.756,0.0,,60.087,64.75,,9.731
675.91,19480682.0,,248.104,337.805,18.014,603.924,0.0,,67.541,71.986,,9.993
709.609,20023056.0,,247.165,354.721,26.729,628.615,0.0,,76.59,80.994,,10.793
744.334,20481057.0,,257.887,363.977,38.709,660.573,0.0,,79.3,83.761,,10.654
792.332,20852770.0,,269.931,387.856,48.97,706.756,0.0,,80.97,85.576,,10.219
836.544,21213318.0,,281.514,404.687,56.905,743.106,0.0,0.0,85.938,93.438,,10.273
850.514,21537776.0,,288.958,399.334,61.145,749.437,0.0,0.0,93.297,101.078,,10.97
879.946,21820768.0,,298.708,408.524,77.407,784.64,0.0,0.0,87.683,95.306,,9.965
919.533,22089877.0,,310.292,425.326,93.109,828.727,0.0,0.0,83.577,90.806,,9.089
943.458,22356009.0,,316.722,431.713,98.104,846.539,0.0,0.0,89.7,96.918,,9.508
975.322,22623402.0,,328.792,437.055,105.903,871.749,0.0,0.0,96.662,103.573,,9.911
978.535,22920632.0,,338.392,416.625,119.364,874.381,0.0,0.0,97.082,104.154,,9.921
992.48,23268830.0,,346.717,408.894,130.622,886.232,0.0,0.0,99.196,106.248,,9.995
989.074,23646422.0,,349.991,403.291,136.407,889.689,0.0,0.0,91.887,99.385,,9.29
965.574,24011447.0,,351.304,364.57,148.167,864.04,0.0,0.0,94.255,101.533,,9.762
1005.68,24357734.0,,369.62,376.88,152.362,898.862,0.0,0.0,99.067,106.818,,9.851
1031.985,24704912.0,,380.805,375.803,168.442,925.049,0.0,0.0,99.498,106.936,152.138,9.641
1061.312,25069550.0,,392.043,366.848,187.946,946.838,0.0,0.0,106.817,114.474,158.872,10.065
1089.421,25459682.0,,405.511,381.487,189.65,976.648,0.0,0.0,105.098,112.773,165.568,9.647
1138.687,25868614.0,,426.93,395.79,197.145,1019.865,0.0,0.0,110.287,118.822,174.46,9.685
1191.328,26286142.0,,448.293,411.744,212.258,1072.295,0.0,0.0,108.854,119.033,182.791,9.137
1219.495,26744211.0,,458.276,425.708,212.208,1096.192,0.0,0.0,112.202,123.302,188.268,9.201
1215.493,27214477.0,,466.544,414.323,209.167,1090.035,0.016,0.0,113.986,125.459,191.603,9.378
1232.69,27637470.0,,470.582,423.888,217.531,1112.001,0.036,0.002,109.51,120.689,194.611,8.884
1260.324,28038745.0,,473.295,435.086,222.394,1130.775,0.043,0.009,117.924,129.549,199.998,9.357
1312.604,28455275.0,,481.882,456.904,238.338,1177.124,0.051,0.019,124.155,135.48,205.338,9.459
1369.204,28905477.0,,497.822,494.081,238.046,1229.949,0.063,0.024,127.641,139.256,211.634,9.322
1406.125,29379071.0,,517.416,506.563,245.701,1269.68,0.076,0.045,124.641,136.444,216.931,8.864
1435.31,29846703.0,,543.987,517.002,246.11,1307.099,0.091,0.062,115.946,128.211,226.423,8.078
1464.353,30299542.0,,566.33,517.831,245.265,1329.426,0.105,0.118,121.584,134.927,237.247,8.303
1517.28,30753529.0,,601.014,529.026,256.974,1387.014,0.12,0.242,115.917,130.266,244.859,7.64
1534.817,31223133.0,,604.522,530.404,264.303,1399.229,0.138,0.752,120.945,135.587,243.35,7.88
1542.868,31714944.0,,601.618,532.33,283.686,1417.634,0.159,1.251,111.062,125.234,257.77,7.198
1577.037,32230343.0,,614.791,539.458,287.33,1441.579,0.17,2.011,119.579,135.459,261.89,7.583
1588.933,32756845.0,,638.996,542.456,274.567,1456.019,0.183,2.467,115.522,132.914,261.39,7.27
1639.124,33278789.0,,665.66,552.327,275.254,1493.241,0.21,3.333,123.7,145.884,273.0,7.547
1639.109,33813365.0,,664.65,564.141,270.166,1498.957,0.241,5.479,111.081,140.152,266.06,6.777
1701.102,34395875.0,,681.52,579.432,297.585,1558.537,0.277,7.923,109.6,142.565,270.79,6.443
1735.633,35044174.0,,669.523,592.461,332.35,1594.335,0.331,10.694,103.744,141.298,280.95,5.977
1761.843,35745111.0,,701.764,599.933,324.395,1626.092,0.401,12.693,95.999,135.751,280.87,5.449
1739.049,36448615.0,,673.68,587.544,331.503,1592.728,0.821,16.517,102.938,146.321,285.94,5.919
1743.964,37103109.0,,623.466,603.364,360.824,1587.654,2.724,18.38,106.783,156.31,286.4,6.123
1794.696,37730469.0,,608.332,633.157,371.035,1612.524,5.652,23.143,123.264,182.172,293.6,6.868
1773.958,38383766.0,,574.74,646.428,377.495,1598.664,6.627,26.882,109.493,175.294,286.02,6.172
1795.145,39057783.0,,544.119,664.06,397.07,1605.249,10.504,30.745,114.789,189.896,282.24,6.394
1817.135,39729340.0,,538.398,663.145,427.967,1629.51,13.466,32.476,105.119,187.625,294.81,5.785
1853.757,40403644.0,,557.085,661.895,437.969,1656.948,16.783,38.232,103.993,196.808,284.85,5.61
1861.702,41101240.0,,553.858,665.527,427.5,1646.886,20.068,41.174,116.624,214.816,300.12,6.264
1861.806,41817267.0,,536.062,698.732,422.765,1657.56,23.937,40.723,102.927,204.246,304.58,5.528
1883.959,42540030.0,,524.555,709.586,416.93,1651.072,32.895,48.496,115.264,232.887,305.27,6.118
1944.37,43278474.0,,503.474,706.14,488.614,1698.229,48.568,57.273,104.436,246.142,305.48,5.371
1826.901,43933757.0,,484.451,606.311,470.655,1561.418,63.04,65.427,101.605,265.484,306.01,5.562
1828.076,44492065.0,,470.83,619.536,437.828,1528.194,82.167,77.031,105.131,299.883,303.07,5.751
1894.211,45038860.0,,443.482,657.767,452.481,1553.729,101.99,89.993,113.116,340.482,318.241,5.972
,,,,,,,,,,,243.35,
,,,,,,,,,,,257.77,
,,,,,,,,,,,261.89,
,,,,,,,,,,,261.39,
,,,,,,,,,,,273.0,
,,,,,,,,,,,266.06,
,,,,,,,,,,,270.79,
,,,,,,,,,,,280.95,
,,,,,,,,,,,280.87,
,,,,,,,,,,,285.94,
,,,,,,,,,,,286.4,
,,,,,,,,,,,293.6,
,,,,,,,,,,,286.02,
,,,,,,,,,,,282.24,
,,,,,,,,,,,294.81,
,,,,,,,,,,,284.85,
,,,,,,,,,,,300.12,
,,,,,,,,,,,304.58,
,,,,,,,,,,,305.27,
,,,,,,,,,,,305.48,
,,,,,,,,,,,306.01,
,,,,,,,,,,,303.07,
,,,,,,,,,,,308.14,
,379583.0,,,,,,,,,,,
,381971.0,,,,,,,,,,,
,384952.0,,,,,,,,,,,
,388533.0,,,,,,,,,,,
,392147.0,,,,,,,,,,,
,395794.0,,,,,,,,,,,
,399475.0,,,,,,,,,,,
,403189.0,,,,,,,,,,,
,406937.0,,,,,,,,,,,
,410047.0,,,,,,,,,,,
,412514.0,,,,,,,,,,,
,414331.0,,,,,,,,,,,
,415493.0,,,,,,,,,,,
,415993.0,,,,,,,,,,,
,416492.0,,,,,,,,,,,
,416992.0,,,,,,,,,,,
,417492.0,,,,,,,,,,,
,417992.0,,,,,,,,,,,
,418993.0,,,,,,,,,,,
,419997.0,,,,,,,,,,,
,421003.0,,,,,,,,,,,
,422011.0,,,,,,,,,,,
,423022.0,,,,,,,,,,,
,424035.0,,,,,,,,,,,
,425051.0,,,,,,,,,,,
,426069.0,,,,,,,,,,,
,427090.0,,,,,,,,,,,
,428112.0,,,,,,,,,,,
,429138.0,,,,,,,,,,,
,430166.0,,,,,,,,,,,
,431196.0,,,,,,,,,,,
,432229.0,,,,,,,,,,,
,433264.0,,,,,,,,,,,
,434302.0,,,,,,,,,,,
,435342.0,,,,,,,,,,,
,436385.0,,,,,,,,,,,
,437430.0,,,,,,,,,,,
,438478.0,,,,,,,,,,,
,439528.0,,,,,,,,,,,
,440581.0,,,,,,,,,,,
,441636.0,,,,,,,,,,,
,442694.0,,,,,,,,,,,
,443755.0,,,,,,,,,,,
,444817.0,,,,,,,,,,,
,445883.0,,,,,,,,,,,
,446951.0,,,,,,,,,,,
,448021.0,,,,,,,,,,,
,449095.0,,,,,,,,,,,
,450170.0,,,,,,,,,,,
,452898.0,,,,,,,,,,,
,457321.0,485167872.0,,,,,,,,,,
,463731.0,516142464.0,,,,,,,,,,
,470407.0,547951808.0,,,,,,,,,,
,477409.0,583181952.0,,,,,,,,,,
,484747.0,619679488.0,,,,,,,,,,
,492428.0,658259392.0,,,,,,,,,,
,500453.0,700636288.0,,,,,,,,,,
,508861.0,744619520.0,,,,,,,,,,
,517715.0,790499904.0,,,,,,,,,,
,527035.0,840988928.0,,,,,,,,,,
,536556.0,892945088.0,,,,,,,,,,
,546456.0,902786560.0,,,,,,,,,,
,557143.0,1085467392.0,,,,,,,,,,
,568611.0,1133892480.0,,,,,,,,,,
,580834.0,1134369792.0,,,,,,,,,,
0.097,593816.0,1138811648.0,,0.097,,,,,,,,
0.122,607540.0,1199748352.0,,0.122,,,,,,,,
0.541,622048.0,1992792704.0,,0.541,,,,,,,,
0.652,637385.0,3626114816.0,,0.652,,,,,,,,
0.929,653603.0,4555251200.0,,0.929,,,,,,,,
0.936,670697.0,4714813952.0,,0.936,,,,,,,,
15.472,688810.0,4753764352.0,,15.472,,,0.0,0.0,,,,
17.677,708057.0,5198972416.0,,17.677,,,0.0,0.0,,,,
15.376,728604.0,4478044160.0,,15.376,,,0.0,0.0,,,,
14.128,754684.0,4991525376.0,,14.128,,,0.0,0.0,,,,
12.905,787204.0,6212164608.0,,12.905,,,0.0,0.0,,,,
14.856,824089.0,7008887808.0,,14.856,,,0.0,0.0,,,,
14.312,866134.0,7029722112.0,,14.312,,,0.0,0.0,,,,
16.642,912754.0,6895599616.0,,13.617,3.025,,0.0,0.0,,,,
19.173,963355.0,7190609920.0,,14.084,5.089,,0.0,0.0,,,,
17.058,1017473.0,7625996800.0,,10.598,6.461,,0.0,0.0,0.0,0.0,,
18.028,1075632.0,8925583360.0,,10.413,7.615,,0.0,0.0,0.0,0.0,,
19.465,1138303.0,9954318336.0,,11.133,8.332,,0.0,0.0,0.0,0.0,,
22.427,1204630.0,11615733760.0,,12.078,10.349,,0.0,0.0,0.0,0.0,,
27.809,1273313.0,13560461312.0,,14.802,13.007,,0.0,0.0,0.0,0.0,,
32.89,1353298.0,15457396736.0,,16.33,16.56,,0.0,0.0,0.0,0.0,2.888,
35.46,1443449.0,15789072384.0,,16.101,19.359,,0.0,0.0,0.0,0.0,3.617,
36.959,1533352.0,17052943360.0,,15.272,21.687,,0.0,0.0,0.0,0.0,3.884,
37.969,1623437.0,17563824128.0,,16.145,21.824,,0.0,0.0,0.0,0.0,4.408,
39.736,1713845.0,18300876800.0,,17.088,22.648,,0.0,0.0,0.0,0.0,4.707,
46.578,1804528.0,18309502976.0,,22.101,24.477,,0.0,0.0,0.0,0.0,4.501,
60.794,1895193.0,20623697920.0,,35.978,24.816,,0.0,0.0,0.0,0.0,4.625,
60.287,1985234.0,23771996160.0,,33.162,27.125,,0.0,0.0,0.0,0.0,5.113,
58.154,2071874.0,26814318592.0,,32.122,26.032,,0.0,0.0,0.0,0.0,5.833,
54.481,2133678.0,29594624000.0,0.0,27.224,27.257,54.481,0.0,0.0,0.0,0.0,6.198,0.0
63.823,2172681.0,32979269632.0,0.0,30.478,33.344,63.823,0.0,0.0,0.0,0.0,6.5,0.0
65.475,2209965.0,36087418880.0,0.0,29.043,36.432,65.475,0.0,0.0,0.0,0.0,6.802,0.0
67.466,2245591.0,40761249792.0,0.0,25.347,42.119,67.466,0.0,0.0,0.0,0.0,7.318,0.0
69.18,2279727.0,44532695040.0,0.001,25.26,43.919,69.18,0.0,0.0,0.0,0.0,8.2,0.0
78.621,2312608.0,47475470336.0,0.0,31.589,47.032,78.621,0.0,0.0,0.0,0.0,8.413,0.0
110.924,2344261.0,53667835904.0,0.003,34.169,76.752,110.924,0.0,0.0,,,8.56,
123.159,2374655.0,59346665472.0,0.002,38.882,84.276,123.159,0.0,0.0,,,9.15,
132.999,2403663.0,62001954816.0,0.004,44.713,88.282,132.999,0.0,0.0,,,9.71,
137.961,2431603.0,63766302720.0,0.0,42.715,95.246,137.961,0.0,0.0,,,10.07,
128.175,2468860.0,68446281728.0,0.009,41.731,86.435,128.175,0.0,0.0,,,10.81,
155.011,2515202.0,74672898048.0,0.004,47.224,107.783,155.011,0.0,0.0,,,11.89,
170.272,2560652.0,84269957120.0,0.036,49.878,120.358,170.272,0.0,0.0,,,13.26,
172.564,2605706.0,94693957632.0,0.008,50.931,121.625,172.564,0.0,0.0,,,13.32,
200.784,2651032.0,110108073984.0,0.014,66.966,133.804,200.784,0.0,0.0,,,14.88,
199.198,2697543.0,124503998464.0,0.016,63.707,135.474,199.198,0.0,0.0,,,16.75,
236.931,2881915.0,137422618624.0,0.345,72.778,163.808,236.931,0.0,0.0,,,18.63,
259.683,3206883.0,141399490560.0,0.118,78.741,180.824,259.683,0.0,0.0,,,20.56,
283.303,3535585.0,150612361216.0,0.359,85.788,197.156,283.303,0.0,0.0,,,23.52,
317.485,3816688.0,153523863552.0,0.522,99.684,217.275,317.482,0.003,0.0,,,24.67,
315.798,4009272.0,155313733632.0,0.416,102.236,213.143,315.794,0.003,0.0,,,27.38,
336.785,4191784.0,161733820416.0,0.572,105.74,230.462,336.775,0.01,0.0,,,30.79,
337.738,4398080.0,168786526208.0,0.641,108.508,228.578,337.727,0.011,0.0,,,32.17,
353.378,4541853.0,169370533888.0,0.883,118.944,233.509,353.336,0.041,0.0,,,33.98,
375.743,4601160.0,172358221824.0,0.866,124.87,249.965,375.701,0.042,0.0,,,35.47,
373.15,4602769.0,,0.975,122.143,249.965,373.084,0.044,0.023,,,36.05,
359.103,4543406.0,,1.122,97.995,259.157,358.274,0.555,0.274,,,34.34,
394.007,4520474.0,,0.978,110.858,279.669,391.505,2.191,0.311,,,36.56,
415.306,4576300.0,,0.978,125.06,285.143,411.181,3.815,0.31,,,37.09,
1695.235,,,,,,,,,,,,
1719.183,,,,,,,,,,,,
1752.275,,,,,,,,,,,,
1731.462,,,,,,,,,,,,
1790.631,,,,,,,,,,,,
1786.605,,,,,,,,,,,,
1886.889,,,,,,,,,,,,
1921.23,,,,,,,,,,,,
1946.66,,,,,,,,,,,,
1998.7,,,,,,,,,,,,
2014.214,,,,,,,,,,,,
2071.985,,,,,,,,,,,,
2103.454,,,,,,,,,,,,
2224.58,,,,,,,,,,,,
2314.996,,,,,,,,,,,,
2398.844,,,,,,,,,,,,
2498.196,,,,,,,,,,,,
2608.102,,,,,,,,,,,,
2729.669,,,,,,,,,,,,
2652.193,,,,,,,,,,,,
2830.217,,,,,,,,,,,,
2898.929,,,,,,,,,,,,
2837.598,,,,,,,,,,,,
2898.274,,,,,,,,,,,,
3074.712,,,,,,,,,,,,
3182.442,,,,,,,,,,,,
3373.599,,,,,,,,,,,,
3406.24,,,,,,,,,,,,
3576.797,,,,,,,,,,,,
3507.906,,,,,,,,,,,,
3636.812,,,,,,,,,,,,
3690.608,,,,,,,,,,,,
3824.108,,,,,,,,,,,,
3828.504,,,,,,,,,,,,
3808.051,,,,,,,,,,,,
3876.235,,,,,,,,,,,,
3841.11,,,,,,,,,,,,
3755.826,,,,,,,,,,,,
3724.122,,,,,,,,,,,,
3606.559,,,,,,,,,,,,
3182.493,,,,,,,,,,,,
3319.458,,,,,,,,,,,,
2035.841,,,,,,,,,,,,
2112.071,,,,,,,,,,,,
2198.145,,,,,,,,,,,,
2309.665,,,,,,,,,,,,
2482.158,,,,,,,,,,,,
2530.317,,,,,,,,,,,,
2658.71,,,,,,,,,,,,
2820.28,,,,,,,,,,,,
3074.77,,,,,,,,,,,,
3259.068,,,,,,,,,,,,
3460.316,,,,,,,,,,,,
3641.668,,,,,,,,,,,,
3792.254,,,,,,,,,,,,
4113.593,,,,,,,,,,,,
4447.471,,,,,,,,,,,,
4775.415,,,,,,,,,,,,
5150.527,,,,,,,,,,,,
5365.771,,,,,,,,,,,,
5388.289,,,,,,,,,,,,
5779.387,,,,,,,,,,,,
6081.092,,,,,,,,,,,,
6175.139,,,,,,,,,,,,
6463.849,,,,,,,,,,,,
6754.638,,,,,,,,,,,,
7180.367,,,,,,,,,,,,
7475.402,,,,,,,,,,,,
7825.899,,,,,,,,,,,,
8251.232,,,,,,,,,,,,
8393.737,,,,,,,,,,,,
8558.915,,,,,,,,,,,,
9199.352,,,,,,,,,,,,
9333.475,,,,,,,,,,,,
9634.377,,,,,,,,,,,,
9842.421,,,,,,,,,,,,
10159.308,,,,,,,,,,,,
10445.404,,,,,,,,,,,,
10927.751,,,,,,,,,,,,
11289.567,,,,,,,,,,,,
11819.982,,,,,,,,,,,,
11750.616,,,,,,,,,,,,
11073.917,,,,,,,,,,,,
11576.575,,,,,,,,,,,,
16970.658,,,,,,,,,,,,
16835.516,,,,,,,,,,,,
17400.453,,,,,,,,,,,,
17784.916,,,,,,,,,,,,
18663.412,,,,,,,,,,,,
19303.191,,,,,,,,,,,,
19697.107,,,,,,,,,,,,
20335.199,,,,,,,,,,,,
20886.582,,,,,,,,,,,,
20854.604,,,,,,,,,,,,
20540.094,,,,,,,,,,,,
19912.807,,,,,,,,,,,,
7040.912,,,,,,,,,,,,
6546.919,,,,,,,,,,,,
5776.29,,,,,,,,,,,,
5565.413,,,,,,,,,,,,
5383.359,,,,,,,,,,,,
5261.277,,,,,,,,,,,,
5037.372,,,,,,,,,,,,
4916.202,,,,,,,,,,,,
5020.58,,,,,,,,,,,,
5051.755,,,,,,,,,,,,
5218.244,,,,,,,,,,,,
5451.726,,,,,,,,,,,,
5444.24,,,,,,,,,,,,
5457.634,,,,,,,,,,,,
5510.363,,,,,,,,,,,,
5683.197,,,,,,,,,,,,
5789.99,,,,,,,,,,,,
5018.395,,,,,,,,,,,,
5334.557,,,,,,,,,,,,
5674.733,,,,,,,,,,,,
5577.189,,,,,,,,,,,,
5398.432,,,,,,,,,,,,
5249.23,,,,,,,,,,,,
5146.96,,,,,,,,,,,,
5088.551,,,,,,,,,,,,
5100.211,,,,,,,,,,,,
5178.568,,,,,,,,,,,,
5091.953,,,,,,,,,,,,
4962.318,,,,,,,,,,,,
5214.508,,,,,,,,,,,,
,18263133.0,,,,,,,,,,,
,18349144.0,,,,,,,,,,,
,18435550.0,,,,,,,,,,,
,18522352.0,,,,,,,,,,,
,18609553.0,,,,,,,,,,,
,18697153.0,,,,,,,,,,,
,18785155.0,,,,,,,,,,,
,18873561.0,,,,,,,,,,,
,18962372.0,,,,,,,,,,,
,19081237.0,,,,,,,,,,,
,19230643.0,,,,,,,,,,,
,19411085.0,,,,,,,,,,,
,19623063.0,,,,,,,,,,,
,19867085.0,,,,,,,,,,,
,20114130.0,,,,,,,,,,,
,20364235.0,,,,,,,,,,,
,20617438.0,,,,,,,,,,,
,20873778.0,,,,,,,,,,,
,21149350.0,,,,,,,,,,,
,21451234.0,,,,,,,,,,,
,21780196.0,,,,,,,,,,,
,22137018.0,,,,,,,,,,,
,22522501.0,,,,,,,,,,,
,22937465.0,,,,,,,,,,,
,23360074.0,,,,,,,,,,,
,23790470.0,,,,,,,,,,,
,24228796.0,,,,,,,,,,,
,24675197.0,,,,,,,,,,,
,25129824.0,,,,,,,,,,,
,25592826.0,,,,,,,,,,,
,26064359.0,,,,,,,,,,,
,26544580.0,,,,,,,,,,,
,27033648.0,,,,,,,,,,,
,27531728.0,,,,,,,,,,,
,28038984.0,,,,,,,,,,,
,28555586.0,,,,,,,,,,,
,29081706.0,,,,,,,,,,,
,29617520.0,,,,,,,,,,,
,30163206.0,,,,,,,,,,,
,30718945.0,,,,,,,,,,,
,31284924.0,,,,,,,,,,,
,31861331.0,,,,,,,,,,,
,32448357.0,,,,,,,,,,,
,33046199.0,,,,,,,,,,,
,33655057.0,,,,,,,,,,,
,34275132.0,,,,,,,,,,,
,34906631.0,,,,,,,,,,,
,35549766.0,,,,,,,,,,,
,36204749.0,,,,,,,,,,,
,36919488.0,,,,,,,,,,,
,37696264.0,40434438144.0,,,,,,,,,,
,38215788.0,39130357760.0,,,,,,,,,,
,38816780.0,39279230976.0,,,,,,,,,,
,39488232.0,42977546240.0,,,,,,,,,,
,40224096.0,43979272192.0,,,,,,,,,,
,41023128.0,44967657472.0,,,,,,,,,,
,41884992.0,46309818368.0,,,,,,,,,,
,42808516.0,48360423424.0,,,,,,,,,,
,43794992.0,49065656320.0,,,,,,,,,,
,44843640.0,49546047488.0,,,,,,,,,,
,45954228.0,51948892160.0,,,,,,,,,,
,47060912.0,55132008448.0,,,,,,,,,,
,48161844.0,59154149376.0,,,,,,,,,,
,49325052.0,62812188672.0,,,,,,,,,,
,50552600.0,67633967104.0,,,,,,,,,,
82.224,51841628.0,70661283840.0,16.038,44.921,14.771,75.73,,,6.495,6.495,,7.899
82.841,53199420.0,76405784576.0,13.537,46.117,16.692,76.346,,,6.495,6.495,,7.84
91.72,54629796.0,79258959872.0,13.002,51.548,19.472,84.022,,,7.697,7.697,,8.392
104.131,56124740.0,84766474240.0,14.317,58.71,21.852,94.879,,,9.252,9.252,,8.885
104.632,57676804.0,90261651456.0,12.886,55.063,26.92,94.87,,,9.762,9.762,,9.33
102.952,59290872.0,99675947008.0,10.734,54.475,29.104,94.314,,,8.638,8.638,,8.39
96.236,60878784.0,100157194240.0,7.233,51.227,26.361,84.82,0.0,0.0,11.278,11.278,,11.719
89.527,62509568.0,100869218304.0,6.815,42.28,27.989,77.085,0.0,0.0,11.866,11.866,,13.254
95.656,64285632.0,108175171584.0,6.769,43.334,31.955,82.058,0.0,0.0,12.519,12.519,,13.088
103.625,66149172.0,111773761536.0,6.199,46.688,36.648,89.535,0.0,0.0,12.585,12.585,,12.144
108.779,68127000.0,116475289600.0,6.013,48.481,38.076,92.569,0.0,0.0,14.479,14.479,,13.311
110.466,70230928.0,122635616256.0,5.955,48.496,38.827,93.278,0.0,0.0,15.721,15.721,,14.232
119.551,72451112.0,127467028480.0,6.478,51.053,42.418,99.949,0.0,0.0,18.674,18.674,,15.62
128.008,74789328.0,137688236032.0,6.897,53.866,43.587,104.349,0.0,0.0,23.183,23.183,,18.11
139.544,77407344.0,142754660352.0,7.687,57.544,49.098,114.329,0.0,0.0,25.065,25.065,,17.962
154.749,80624056.0,157740580864.0,8.188,60.102,59.953,128.243,0.0,0.0,26.28,26.28,,16.982
166.379,84270208.0,170114465792.0,9.292,63.787,65.381,138.46,0.0,0.0,27.443,27.443,,16.494
183.491,87828200.0,183113351168.0,10.537,70.188,71.309,152.034,0.0,0.0,30.88,30.88,,16.829
196.153,91080376.0,195559358464.0,11.956,77.345,70.307,159.608,0.0,0.0,35.767,35.767,,18.234
207.59,94003880.0,203232804864.0,13.561,83.871,72.144,169.575,0.0,0.0,37.074,37.074,,17.859
218.164,97121552.0,220940075008.0,15.386,89.515,73.647,178.549,0.0,0.0,38.512,38.512,28.825,17.653
231.24,100618520.0,234955259904.0,17.457,96.474,78.991,192.922,0.0,0.0,36.826,36.826,32.348,15.925
259.387,104251096.0,248712724480.0,19.818,105.701,84.585,210.104,0.0,0.0,48.417,48.417,36.347,18.666
275.561,107967840.0,264731820032.0,20.725,113.849,89.679,224.253,0.0,0.0,50.757,50.757,40.671,18.419
292.245,111670392.0,277371092992.0,22.702,122.017,95.607,240.326,0.0,0.0,51.58,51.58,42.806,17.65
305.498,115414072.0,290069544960.0,24.062,127.602,102.12,253.785,0.0,0.0,50.521,50.521,45.985,16.537
323.701,119203576.0,311483367424.0,23.818,134.325,110.303,268.447,0.0,0.0,54.063,54.063,50.22,16.701
340.029,122375176.0,327814348800.0,24.458,146.811,108.216,279.485,0.0,0.0,58.976,58.976,53.575,17.345
376.314,125546624.0,338978439168.0,25.679,160.042,124.582,310.303,0.0,0.0,64.857,64.857,57.012,17.235
389.382,129245136.0,356454498304.0,25.493,171.563,127.003,324.059,0.0,0.0,63.655,63.655,57.923,16.348
410.68,133117480.0,376967626752.0,25.702,185.976,130.26,341.938,0.0,0.0,67.262,67.262,63.75,16.378
437.426,137234816.0,391435223040.0,26.051,195.59,141.533,363.173,0.0,0.0,73.325,73.325,67.565,16.763
422.885,141330272.0,402359549952.0,24.353,201.591,141.115,367.059,0.0,0.0,54.546,54.546,62.481,12.899
453.849,145476112.0,419024863232.0,24.376,208.44,148.63,381.446,0.0,0.0,71.287,71.287,66.396,15.707
473.722,149694464.0,440333205504.0,24.388,216.014,169.505,409.907,0.0,0.0,63.589,63.589,65.302,13.423
483.754,154369920.0,459798544384.0,23.586,223.082,179.525,426.193,0.0,0.0,51.92,54.878,63.4,10.733
495.15,159217728.0,477964500992.0,24.481,218.722,189.545,432.748,0.0,0.0,53.738,56.522,68.85,10.853
514.109,163262800.0,504824791040.0,27.447,213.196,205.493,446.136,0.0,0.0,59.596,62.663,72.44,11.592
559.927,166876672.0,543920422912.0,35.224,189.239,255.504,479.967,0.0,0.0,71.336,74.659,77.48,12.74
623.062,170648624.0,592025878528.0,39.28,191.357,306.766,537.402,0.0,0.0,75.545,78.981,81.14,12.125
646.484,174372096.0,641139081216.0,43.609,181.895,326.102,551.605,0.0,0.0,87.906,87.906,89.63,13.598
681.332,178069984.0,685964984320.0,46.207,208.938,333.195,588.34,0.0,0.0,86.076,86.076,94.31,12.633
724.411,181924528.0,719251898368.0,63.227,227.316,338.003,628.545,0.001,0.0,89.575,89.576,90.78,12.365
727.998,185931952.0,746909335552.0,69.673,230.71,346.076,646.459,0.004,0.0,76.824,76.829,87.73,10.553
737.594,190123232.0,774875316224.0,57.296,246.171,347.017,650.484,0.015,0.0,80.279,80.293,92.24,10.884
740.76,194454496.0,805483315200.0,53.849,243.88,353.484,651.213,0.037,0.0,82.74,82.777,94.47,11.17
740.263,198602736.0,845085933568.0,46.428,245.532,353.396,645.356,0.074,0.0,84.399,84.473,94.83,11.401
687.836,202205856.0,884405436416.0,47.088,237.932,365.972,650.993,0.181,0.052,29.466,29.699,98.1,4.284
751.742,205337552.0,931154821120.0,37.305,260.812,355.857,653.974,0.395,0.413,85.812,86.62,104.93,11.415
775.935,208251632.0,981580447744.0,54.997,269.726,349.867,674.59,0.645,0.849,87.711,89.205,107.34,11.304
815.859,210969296.0,1039812853760.0,54.263,293.961,365.342,713.565,1.028,1.612,88.274,91.169,112.32,10.82
888.988,213524848.0,1101753876480.0,62.121,328.849,386.507,777.476,1.199,2.458,92.566,97.922,123.65,10.412
940.998,216379648.0,1160950841344.0,83.121,339.493,407.396,830.01,1.753,4.692,80.382,90.259,131.58,8.542
971.03,219731488.0,1212090548224.0,137.646,283.339,435.876,856.861,1.912,7.492,77.996,90.689,139.9,8.032
982.516,223293280.0,,156.562,250.625,444.73,851.917,1.846,8.299,95.254,107.372,136.03,9.695
977.217,227196736.0,,181.748,243.721,411.598,837.067,1.864,7.175,105.018,116.083,136.88,10.747
1083.789,231402112.0,,200.759,283.124,448.92,932.803,1.878,8.981,98.472,111.577,150.17,9.086
1000.547,235824864.0,,177.129,275.142,383.859,836.13,2.321,12.126,91.36,108.67,152.17,9.131
2.722,2847222.0,15853595648.0,,,,,,,,,,
4.314,2950926.0,17641238528.0,,,,,,,,,,
4.391,3044490.0,18589120512.0,,,,,,,,,,
5.764,3139950.0,16535485440.0,,,,,,,,,0.0,
7.821,3230085.0,14595986432.0,,,,,,,,,0.03,
7.242,3309493.0,12429343744.0,,,,,,,,,0.14,
7.768,3384195.0,13784762368.0,,,,,,,,,0.32,
11.815,3460130.0,14801525760.0,,,,,,,,,0.38,
14.48,3541198.0,15962718208.0,,,,,,,,,0.46,
12.785,3627671.0,14923433984.0,,,,,,,,,0.32,
13.168,3717882.0,15482100736.0,,,,,,,,,0.4,
12.63,3808824.0,15978428416.0,,,,,,,,,0.4,
12.954,3899401.0,16895251456.0,,,,,,,,,0.46,
12.947,3992283.0,17771110400.0,,,,,,,,,0.44,
14.396,4087747.0,19437410304.0,,,,,,,,,0.54,
14.404,4184161.0,20660752384.0,,,,,,,,,0.44,
15.299,4281800.0,21115611136.0,,,,,,,,,0.5,
16.504,4380473.0,21084590080.0,,,,,,,,,0.32,
18.323,4484615.0,21808076800.0,,,,,,,,,0.48,
19.239,4593855.0,23685474304.0,,,,,,,,,0.51,
19.313,4700954.0,23888596992.0,,,,,,,,,0.52,
19.689,4805549.0,24034213888.0,,,,,,,,,0.4,
20.552,4909775.0,,,,,,,,,,0.77,
20.028,5019407.0,,,,,,,,,,0.8,
20.529,5133393.0,,,,,,,,,,0.86,
53.88,1956989.0,13424039936.0,,,,,,,,,,
54.546,2003091.0,14618687488.0,,,,,,,,,,
51.861,2050251.0,15185760256.0,,,,,,,,,,
52.488,2098504.0,14954065920.0,,,,,,,,,,
53.851,2147580.0,15268616192.0,,,,,,,,,,
48.423,2197070.0,16051871744.0,,,,,,,,,,
49.929,2246965.0,16762535936.0,,,,,,,,,,
51.8,2297235.0,17272821760.0,,,,,,,,,,
51.267,2347826.0,15522385920.0,,,,,,,,,,
49.93,2398536.0,15760105472.0,,,,,,,,,,
52.771,2449966.0,17035766784.0,,,,,,,,,,
52.171,2502048.0,18696767488.0,,,,,,,,,,
53.09,2554387.0,20281944064.0,,,,,,,,,,
53.306,2607502.0,21447804928.0,,,,,,,,,,
59.38,2661393.0,22126487552.0,,,,,,,,,,
62.52,2716071.0,22570156032.0,,,,,,,,,,
56.261,2771607.0,23274084352.0,,,,,,,,,,
57.837,2827994.0,24846157824.0,,,,,,,,,,
60.927,2885179.0,26740258816.0,,,,,,,,,,
42.455,2943124.0,27866808320.0,,,,,,,,,,
67.068,3001738.0,28706484224.0,,,,,,,,,4.76,
68.165,3061029.0,28943056896.0,,,,,,,,,4.94,
67.344,3120993.0,29668001792.0,,,,,,,,,5.15,
67.914,3181620.0,31009619968.0,,,,,,,,,5.39,
69.254,3243310.0,33428600832.0,,,,,,,,,5.6,
69.188,3305875.0,35933065216.0,,,,,,,,,5.67,
75.128,3368577.0,39099564032.0,,,,,,,,,5.86,
70.901,3431619.0,43958181888.0,,,,,,,,,6.32,
83.056,3495284.0,47885660160.0,,,,,,,,,6.24,
80.47,3559339.0,48772972544.0,,,,,,,,,6.74,
91.285,3623622.0,51741884416.0,,,,,,,,,7.15,
92.078,3688679.0,57996521472.0,,,,,,,,,7.56,
102.22,3754871.0,63359008768.0,,,,,,,,,8.36,
100.603,3821557.0,67546259456.0,,,,,,,,,8.67,
102.876,3888795.0,71636836352.0,,,,,,,,,8.35,
112.379,3957102.0,75784011776.0,,,,,,,,,9.35,
118.755,4026338.0,79468544000.0,,,,,,,,,10.0,
127.716,4096071.0,83345989632.0,,,,,,,,,10.63,
130.186,4165258.0,86035742720.0,,,,,,,,,10.64,
117.984,4232538.0,,,,,,,,,,10.39,
118.701,4294391.0,,,,,,,,,,11.05,
117.776,4351264.0,,,,,,,,,,11.19,
8.506,3104793.0,,,,,,,,,,,
8.476,3169080.0,,,,,,,,,,,
8.458,3235271.0,,,,,,,,,,,
8.71,3303686.0,,,,,,,,,,,
10.058,3374469.0,,,,,,,,,,,
10.065,3447582.0,,,,,,,,,,,
10.427,3522921.0,,,,,,,,,,,
11.433,3600351.0,,,,,,,,,,,
10.768,3679653.0,,,,,,,,,,,
11.042,3764116.0,,,,,,,,,,,
11.183,3864983.0,,,,,,,,,,,
11.063,3991006.0,,,,,,,,,,,
11.66,4136651.0,,,,,,,,,,,
11.846,4291592.0,,,,,,,,,,,
11.348,4451695.0,,,,,,,,,,,
13.168,4616444.0,,,,,,,,,,,
13.745,4785908.0,,,,,,,,,,,
13.027,4960444.0,,,,,,,,,,,
13.12,5138838.0,,,,,,,,,,,
13.281,5321393.0,,,,,,,,,,,
15.133,5508300.0,,,,,,,,,,2.11,
17.308,5698496.0,,,,,,,,,,2.59,
18.112,5892600.0,,,,,,,,,,2.76,
20.564,6090987.0,,,,,,,,,,3.1,
22.981,6293174.0,,,,,,,,,,3.18,
22.207,6498828.0,,,,,,,,,,3.33,
22.762,6708217.0,,,,,,,,,,3.25,
24.531,6921069.0,,,,,,,,,,3.34,
21.821,7137999.0,,,,,,,,,,3.28,
23.983,7358887.0,,,,,,,,,,3.35,
21.746,7583269.0,,,,,,,,,,3.39,
22.775,7806637.0,,,,,,,,,,3.53,
22.007,8026548.0,,,,,,,,,,3.61,
22.518,8245634.0,,,,,,,,,,3.82,
23.838,8464159.0,,,,,,,,,,4.02,
27.527,8682172.0,,,,,,,,,,4.15,
29.22,8899176.0,,,,,,,,,,4.27,
28.239,9114803.0,,,,,,,,,,4.26,
29.388,9329233.0,,,,,,,,,,4.4,
30.15,9542492.0,,,,,,,,,,4.44,
21.097,9749641.0,,,,,,,,,,4.64,
21.128,9949438.0,,,,,,,,,,4.86,
8.111,3078914.0,16341147648.0,,,,,,,,,,
7.844,3163309.0,17785296896.0,,,,,,,,,,
7.701,3251679.0,17625100288.0,,,,,,,,,,
8.312,3343279.0,17109645312.0,,,,,,,,,,
8.945,3437897.0,17643759616.0,,,,,,,,,,
16.465,3535505.0,18342961152.0,,,,,,,,,,
33.015,3636030.0,18352973824.0,,,,,,,,,,
49.089,3739057.0,19149666304.0,,,,,,,,,,
51.079,3844442.0,20363573248.0,,,,,,,,,,
63.526,3951286.0,21535528960.0,,,,,,,,,,
67.671,4059198.0,22196119552.0,,,,,,,,,,
71.735,4168005.0,22815096832.0,,,,,,,,,,
67.652,4277057.0,23297732608.0,,,,,,,,,,
76.396,4386206.0,24342777856.0,,,,,,,,,,
88.245,4495301.0,25181163520.0,,,,,,,,,,
101.764,4603924.0,26638153728.0,,,,,,,,,,
106.494,4711656.0,26836725760.0,,,,,,,,,,
117.261,4818292.0,27719501824.0,,,,,,,,,,
119.436,4923454.0,27961618432.0,,,,,,,,,,
124.973,5026035.0,27639984128.0,,,,,,,,,,
124.693,5123817.0,26804834304.0,,,,,,,,,52.97,
110.886,5211540.0,27445710848.0,,,,,,,,,44.87,
115.543,5286515.0,31674544128.0,,,,,,,,,47.74,
122.493,5353260.0,33147164672.0,,,,,,,,,51.27,
121.594,5416327.0,34604900352.0,,,,,,,,,51.41,
119.134,5476881.0,35459264512.0,,,,,,,,,50.65,
124.737,5534682.0,37279473664.0,,,,,,,,,53.25,
125.27,5590148.0,39426408448.0,,,,,,,,,53.19,
129.202,5645155.0,42073583616.0,,,,,,,,,54.91,
128.046,5702579.0,40532090880.0,,,,,,,,,54.41,
129.489,5768618.0,45988691968.0,,,,,,,,,53.52,
136.431,5843938.0,48142016512.0,,,,,,,,,57.05,
140.02,5923327.0,47541051392.0,,,,,,,,,59.63,
141.219,6005656.0,54217416704.0,,,,,,,,,59.91,
133.658,6090727.0,56773791744.0,,,,,,,,,54.87,
137.098,6177954.0,58522324992.0,,,,,,,,,55.34,
154.904,6266623.0,60921225216.0,,,,,,,,,63.3,
148.943,6355406.0,63939260416.0,,,,,,,,,59.23,
149.095,6443337.0,66292862976.0,,,,,,,,,58.75,
129.973,6530029.0,,,,,,,,,,49.06,
122.4,6618700.0,,,,,,,,,,46.5,
105.801,6703802.0,,,,,,,,,,40.02,
1437.481,,,,,,,,,,,,
1507.749,,,,,,,,,,,,
1569.571,,,,,,,,,,,,
1783.763,,,,,,,,,,,,
1952.383,,,,,,,,,,,,
2165.717,,,,,,,,,,,,
2311.78,,,,,,,,,,,,
2452.638,,,,,,,,,,,,
2620.359,,,,,,,,,,,,
2750.835,,,,,,,,,,,,
2768.334,,,,,,,,,,,,
2825.106,,,,,,,,,,,,
3106.466,,,,,,,,,,,,
3236.065,,,,,,,,,,,,
3384.671,,,,,,,,,,,,
3458.545,,,,,,,,,,,,
3604.506,,,,,,,,,,,,
3906.783,,,,,,,,,,,,
4050.852,,,,,,,,,,,,
4190.39,,,,,,,,,,,,
4458.141,,,,,,,,,,,,
4660.842,,,,,,,,,,,,
4908.697,,,,,,,,,,,,
5044.039,,,,,,,,,,,,
5420.33,,,,,,,,,,,,
5964.043,,,,,,,,,,,,
6230.311,,,,,,,,,,,,
6619.691,,,,,,,,,,,,
7052.624,,,,,,,,,,,,
7372.604,,,,,,,,,,,,
7951.983,,,,,,,,,,,,
8417.487,,,,,,,,,,,,
8723.65,,,,,,,,,,,,
9025.548,,,,,,,,,,,,
9315.151,,,,,,,,,,,,
9089.896,,,,,,,,,,,,
9950.074,,,,,,,,,,,,
10182.444,,,,,,,,,,,,
10287.613,,,,,,,,,,,,
10284.447,,,,,,,,,,,,
9372.854,,,,,,,,,,,,
9520.191,,,,,,,,,,,,
,,,,,,,,,,,,
,,,,,,,,,,,,
,,,,,,,,,,,,
,,,,,,,,,,,,
,,,,,,,,,,,,
,,,,,,,,,,,,
,,,,,,,,,,,,
,,,,,,,,,,,,
,,,,,,,,,,,,
,,,,,,,,,,,,
,,,,,,,,,,,,
,,,,,,,,,,,,
,,,,,,,,,,,,
,,,,,,,,,,,,
,,,,,,,,,,,,
,,,,,,,,,,,,
,,,,,,,,,,,,
,,,,,,,,,,,,
,,,,,,,,,,,,
,,,,,,,,,,,,
,,,,,,,,,,,,
,,,,,,,,,,,,
,,,,,,,,,,,,
,,,,,,,,,,,,
,,,,,,,,,,,,
,,,,,,,,,,,,
,,,,,,,,,,,,
,,,,,,,,,,,,
,,,,,,,,,,,,
,,,,,,,,,,,,
,,,,,,,,,,,,
,,,,,,,,,,,,
,,,,,,,,,,,,
,,,,,,,,,,,,
,,,,,,,,,,,,
,,,,,,,,,,,,
,,,,,,,,,,,,
,,,,,,,,,,,,
,,,,,,,,,,,,
,,,,,,,,,,,,
,,,,,,,,,,,,
,,,,,,,,,,,,
,,,,,,,,,,,,
,,,,,,,,,,,,
,,,,,,,,,,,,
,,,,,,,,,,,,
,,,,,,,,,,,,
,,,,,,,,,,,,
,,,,,,,,,,,,
,,,,,,,,,,,,
,,,,,,,,,,,,
,,,,,,,,,,,,
,,,,,,,,,,,,
,,,,,,,,,,,,
,,,,,,,,,,,,
,,,,,,,,,,,,
,,,,,,,,,,,,
,,,,,,,,,,,,
,,,,,,,,,,,,
,,,,,,,,,,,,
,,,,,,,,,,,,
,,,,,,,,,,,,
,,,,,,,,,,,,
,,,,,,,,,,,,
,,,,,,,,,,,,
,,,,,,,,,,,,
,,,,,,,,,,,,
,,,,,,,,,,,,
,,,,,,,,,,,,
,,,,,,,,,,,,
,,,,,,,,,,,,
,,,,,,,,,,,,
,,,,,,,,,,,,
,,,,,,,,,,,,
,,,,,,,,,,,,
,,,,,,,,,,,,
,,,,,,,,,,,,
,,,,,,,,,,,,
,,,,,,,,,,,,
,,,,,,,,,,,,
,,,,,,,,,,,,
,,,,,,,,,,,,
,,,,,,,,,,,,
,,,,,,,,,,,,
,,,,,,,,,,,,
,,,,,,,,,,,,
,,,,,,,,,,,,
,,,,,,,,,,,,
,,,,,,,,,,,,
,,,,,,,,,,,,
,,,,,,,,,,,,
,,,,,,,,,,,,
,,,,,,,,,,,,
,,,,,,,,,,,,
,,,,,,,,,,,,
,,,,,,,,,,,,
,,,,,,,,,,,,
,,,,,,,,,,,,
,,,,,,,,,,,,
,,,,,,,,,,,,
,,,,,,,,,,,,
,,,,,,,,,,,,
,,,,,,,,,,,,
,,,,,,,,,,,,
,,,,,,,,,,,,
,,,,,,,,,,,,
,,,,,,,,,,,,
,,,,,,,,,,,,
,,,,,,,,,,,,
,,,,,,,,,,,,
,,,,,,,,,,,,
,,,,,,,,,,,,
,,,,,,,,,,,,
,,,,,,,,,,,,
,,,,,,,,,,,,
,,,,,,,,,,,,
,,,,,,,,,,,,
,3657023.0,3954432000.0,,,,,,,,,,
,3697583.0,4244406016.0,,,,,,,,,,
,3741510.0,4515386880.0,,,,,,,,,,
,3788872.0,4818335744.0,,,,,,,,,,
,3836833.0,4982964224.0,,,,,,,,,,
,3885402.0,5349644800.0,,,,,,,,,,
,3934585.0,5775112192.0,,,,,,,,,,
,3984391.0,6135360000.0,,,,,,,,,,
,4034828.0,6248666112.0,,,,,,,,,,
,4085875.0,6356259840.0,,,,,,,,,,
,4137540.0,6470267904.0,,,,,,,,,,
,4189831.0,6601864192.0,,,,,,,,,,
,4242755.0,6842345984.0,,,,,,,,,,
,4296321.0,7065274880.0,,,,,,,,,,
,4350562.0,7025249792.0,,,,,,,,,,
,4405488.0,7633865216.0,,,,,,,,,,
,4461108.0,8424940032.0,,,,,,,,,,
,4517430.0,8735878144.0,,,,,,,,,,
,4574463.0,8786654208.0,,,,,,,,,,
,4635090.0,9081391104.0,,,,,,,,,,
,4699402.0,9164260352.0,,,,,,,,,,
,4767491.0,9547056128.0,,,,,,,,,,
,4839450.0,10372671488.0,,,,,,,,,,
,4915376.0,11081069568.0,,,,,,,,,,
,4992494.0,12125568000.0,,,,,,,,,,
,5070822.0,12446850048.0,,,,,,,,,,
,5150378.0,13709299712.0,,,,,,,,,,
,5231183.0,13953640448.0,,,,,,,,,,
,5313255.0,14852352000.0,,,,,,,,,,
,5397255.0,16409236480.0,,,,,,,,,,
,5483224.0,14527479808.0,,,,,,,,,,
,5571203.0,13348892672.0,,,,,,,,,,
,5661235.0,12836880384.0,,,,,,,,,,
,5753362.0,14282216448.0,,,,,,,,,,
,5846988.0,16216804352.0,,,,,,,,,,
,5942138.0,17739825152.0,,,,,,,,,,
,6038837.0,18584963072.0,,,,,,,,,,
,6137109.0,18840590336.0,,,,,,,,,,
,6236980.0,19135115264.0,,,,,,,,,,
,6339585.0,19248506880.0,,,,,,,,,,
,6444987.0,19616239616.0,,,,,,,,,,
,6553250.0,19630350336.0,,,,,,,,,,
,6664442.0,19186561024.0,,,,,,,,,,
,6778629.0,19487776768.0,,,,,,,,,,
,6894773.0,21158440960.0,,,,,,,,,,
,7012907.0,21948309504.0,,,,,,,,,,
,7133065.0,22787479552.0,,,,,,,,,,
,7255281.0,23431211008.0,,,,,,,,,,
,7379592.0,24208031744.0,,,,,,,,,,
,7520596.0,26031939584.0,,,,,,,,,,
,7678967.0,28079968256.0,,,,,,,,,,
,7897488.0,30263914496.0,,,,,,,,,,
,8121460.0,31813875712.0,,,,,,,,,,
,8349467.0,33842163712.0,,,,,,,,,,
,8583405.0,34776297472.0,,,,,,,,,,
,8825900.0,37365493760.0,,,,,,,,,,
,9077051.0,39047987200.0,,,,,,,,,,
,9336911.0,40965382144.0,,,,,,,,,,
,9602512.0,41082372096.0,,,,,,,,,,
,9879211.0,41287094272.0,,,,,,,,,,
,10172210.0,47003422720.0,,,,,,,,,,
,10478101.0,51169239040.0,,,,,,,,,,
,10792101.0,55001296896.0,,,,,,,,,,
,11112671.0,57528299520.0,,,,,,,,,,
,11442302.0,61545549824.0,,,,,,,,,,
55.007,11781584.0,65696161792.0,0.42,43.167,3.658,47.245,,,7.762,7.762,,14.111
67.145,12127988.0,71226662912.0,0.529,54.435,3.821,58.785,,,8.359,8.359,,12.45
68.368,12481624.0,74091347968.0,0.596,54.833,3.571,59.0,,,9.368,9.368,,13.702
69.631,12843253.0,73284026368.0,0.591,55.011,3.975,59.577,,,10.054,10.054,,14.439
70.14,13213738.0,75165696000.0,0.997,54.148,4.052,59.197,,,10.944,10.944,,15.603
72.34,13562372.0,81043374080.0,1.011,56.898,3.975,61.884,,,10.456,10.456,,14.454
75.818,13911970.0,84693327872.0,1.418,56.256,4.745,62.419,0.0,0.0,12.674,13.398,,16.716
67.946,14292440.0,87412244480.0,1.534,48.011,4.562,54.107,0.0,0.0,13.114,13.839,,19.301
76.991,14674787.0,92028477440.0,1.755,55.934,4.466,62.155,0.0,0.0,14.102,14.836,,18.316
88.644,15057182.0,96868851712.0,1.871,65.899,4.601,72.371,0.0,0.0,15.424,16.273,,17.4
93.667,15441500.0,104551628800.0,1.952,69.021,5.679,76.652,0.0,0.0,16.166,17.015,,17.259
95.54,15826812.0,106022338560.0,1.511,69.957,6.16,77.628,0.0,0.0,17.13,17.912,,17.93
96.313,16224614.0,105950396416.0,1.732,69.877,6.117,77.725,0.0,0.0,17.816,18.588,,18.498
96.119,16638483.0,105938534400.0,1.476,69.256,6.391,77.123,0.0,0.0,18.31,18.996,,19.049
99.806,17059192.0,112279732224.0,1.569,71.986,5.91,79.465,0.0,0.0,19.821,20.341,,19.859
106.851,17492406.0,117521547264.0,1.651,77.848,6.352,85.851,0.0,0.0,20.728,21.0,,19.399
112.316,17932348.0,122880958464.0,1.674,79.46,7.296,88.429,0.0,0.0,23.644,23.887,,21.051
113.088,18374372.0,123031207936.0,1.894,78.228,7.657,87.779,0.0,0.0,24.827,25.309,,21.954
98.918,18826906.0,106507837440.0,1.604,67.836,5.043,74.483,0.0,0.0,23.972,24.435,,24.234
104.294,19285646.0,111385452544.0,1.279,70.013,6.814,78.106,0.0,0.0,25.735,26.188,,24.675
102.577,19746614.0,113560608768.0,1.395,67.587,5.313,74.295,0.0,0.0,27.742,28.282,12.111,27.046
110.484,20208446.0,124887949312.0,1.894,72.716,5.635,80.245,0.0,0.0,29.747,30.239,12.948,26.924
120.635,20671362.0,135510958080.0,2.139,80.294,5.602,88.035,0.0,0.0,32.166,32.6,14.006,26.664
117.192,21143804.0,124322127872.0,2.104,78.549,5.284,85.937,0.0,0.0,30.821,31.255,13.552,26.299
107.955,21624308.0,109139156992.0,2.336,69.606,4.48,76.423,0.0,0.0,31.069,31.532,13.727,28.78
107.017,22109102.0,103571996672.0,1.685,69.653,4.288,75.626,0.0,0.0,30.957,31.391,13.808,28.927
106.149,22583004.0,106163724288.0,3.266,64.454,4.023,71.743,0.0,0.0,33.982,34.406,14.482,32.013
103.355,23047250.0,105849397248.0,3.196,67.455,3.629,74.28,0.0,0.0,28.65,29.075,13.122,27.72
112.954,23513888.0,111713009664.0,3.359,70.536,3.821,77.716,0.0,0.0,34.89,35.237,14.808,30.888
122.811,23983260.0,125787848704.0,4.137,76.616,3.985,84.739,0.0,0.0,37.693,38.073,15.866,30.692
133.322,24449060.0,135477493760.0,4.347,86.406,3.86,94.612,,0.0,38.256,38.71,16.88,28.695
137.438,24907304.0,139625201664.0,4.556,89.128,3.917,97.601,,0.001,39.398,39.836,17.28,28.666
134.768,25365384.0,149081309184.0,4.742,88.138,2.32,95.2,,0.002,39.075,39.569,17.953,28.994
139.044,25818228.0,148876754944.0,5.199,88.674,3.937,97.809,,0.001,40.831,41.235,18.583,29.365
142.633,26252238.0,151520083968.0,4.715,90.521,3.956,99.191,,0.002,42.996,43.442,19.05,30.145
147.359,26654440.0,156021178368.0,7.324,88.371,3.325,99.02,,0.002,47.833,48.339,19.54,32.46
146.076,27014912.0,157376020480.0,6.645,83.597,3.561,93.803,,0.004,51.749,52.272,20.42,35.426
149.577,27334510.0,166416171008.0,9.1,82.796,4.254,96.151,,0.004,52.656,53.426,21.59,35.203
147.672,27623344.0,173800882176.0,9.766,78.317,5.034,93.116,,0.003,53.75,54.555,22.49,36.398
157.396,27893914.0,182906372096.0,10.559,87.45,8.277,106.286,,0.003,50.502,51.11,23.85,32.086
163.73,28147260.0,194913484800.0,10.717,85.746,14.6,111.062,,0.003,51.476,52.668,25.34,31.439
165.593,28381080.0,210148982784.0,9.118,81.611,17.086,107.816,,0.003,55.754,57.777,26.73,33.669
180.285,28600380.0,228649467904.0,12.039,84.947,25.752,122.738,,0.003,55.277,57.547,29.14,30.661
194.644,28806184.0,250224541696.0,10.735,95.092,32.694,138.521,,0.003,53.559,56.123,32.02,27.516
198.44,29009326.0,253539532800.0,9.644,96.45,33.437,139.531,,0.003,55.586,58.909,31.67,28.011
225.286,29229576.0,275677708288.0,9.458,101.518,54.238,165.214,,0.003,55.656,60.072,34.28,24.705
248.556,29477722.0,294253232128.0,9.512,112.069,62.929,184.509,,0.003,59.469,64.047,37.5,23.926
256.725,29749592.0,311750262784.0,10.152,111.45,68.618,190.22,0.164,0.003,60.41,66.506,38.41,23.531
262.581,30038810.0,329891807232.0,10.239,116.811,67.027,194.076,0.537,0.003,60.83,68.505,41.65,23.166
268.829,30353956.0,337782210560.0,10.111,114.936,74.316,199.364,0.54,0.698,60.171,69.465,43.47,22.383
281.669,30711864.0,349008592896.0,9.424,122.69,76.431,208.546,0.62,1.601,63.789,73.124,46.25,22.647
298.938,31132776.0,362594336768.0,10.047,130.314,84.933,225.294,0.645,2.848,64.613,73.644,49.85,21.614
303.59,31605488.0,371568574464.0,8.715,132.514,74.919,216.149,0.877,2.857,77.376,87.442,52.46,25.487
318.425,32203946.0,386316107776.0,7.866,136.588,80.252,224.706,2.108,3.975,81.323,93.718,54.68,25.539
326.595,32824864.0,,8.186,140.83,82.113,231.128,2.196,4.363,82.933,95.467,56.57,25.393
278.609,33304768.0,,5.945,107.495,71.302,184.743,2.247,4.764,80.129,93.866,52.82,28.76
317.34,33715464.0,,5.98,133.045,80.228,219.253,2.307,4.769,83.539,98.086,58.14,26.325
334.894,34049588.0,,8.137,138.074,96.207,242.419,2.355,5.035,77.537,92.475,60.27,23.153
,6644021.0,,,,,,,,,,,
,6739540.0,,,,,,,,,,,
,6845501.0,8164456960.0,,,,,,,,,,
,6962152.0,9941909504.0,,,,,,,,,,
,7080757.0,8552128000.0,,,,,,,,,,
,7201350.0,9103280128.0,,,,,,,,,,
,7323962.0,9450860544.0,,,,,,,,,,
,7448627.0,9967478784.0,,,,,,,,,,
,7575378.0,10534549504.0,,,,,,,,,,
,7704315.0,10737089536.0,,,,,,,,,,
,7835476.0,12343372800.0,,,,,,,,,,
,7968898.0,13141560320.0,,,,,,,,,,
,8104619.0,13367111680.0,,,,,,,,,,
,8242677.0,14779799552.0,,,,,,,,,,
,8383046.0,14510104576.0,,,,,,,,,,
,8525764.0,13599854592.0,,,,,,,,,,
,8670870.0,15889262592.0,,,,,,,,,,
,8818401.0,18534240256.0,,,,,,,,,,
,8988378.0,21162149888.0,,,,,,,,,,
,9164729.0,20328503296.0,,,,,,,,,,
,9347641.0,22039875584.0,,,,,,,,,,
,9537309.0,21525108736.0,,,,,,,,,,
,9733929.0,24102309888.0,,,,,,,,,,
,9937705.0,22625136640.0,,,,,,,,,,
,10145747.0,24693741568.0,,,,,,,,,,
,10358144.0,24886200320.0,,,,,,,,,,
,10574987.0,26144524288.0,,,,,,,,,,
,10796370.0,26787985408.0,,,,,,,,,,
,11022388.0,27832918016.0,,,,,,,,,,
,11258196.0,29028280320.0,,,,,,,,,,
,11504117.0,29066381312.0,,,,,,,,,,
,11760482.0,29283176448.0,,,,,,,,,,
,12027632.0,30589747200.0,,,,,,,,,,
,12305918.0,30878597120.0,,,,,,,,,,
,12590643.0,31154053120.0,,,,,,,,,,
,12881956.0,29032908800.0,,,,,,,,,,
,13180009.0,33042626560.0,,,,,,,,,,
,13484959.0,35421388800.0,,,,,,,,,,
,13796964.0,36568530944.0,,,,,,,,,,
,14120183.0,39125098496.0,,,,,,,,,,
,14454975.0,39837171712.0,,,,,,,,,,
,14801707.0,,,,,,,,,,,
,15160759.0,,,,,,,,,,,
,15532521.0,,,,,,,,,,,
,15913398.0,,,,,,,,,,,
,16303615.0,,,,,,,,,,,
,16703401.0,19338250240.0,,,,,,,,,,
,17112990.0,26976509952.0,,,,,,,,,,
,17532623.0,31530194944.0,,,,,,,,,,
,17984434.0,33523144704.0,,,,,,,,,,
,18469880.0,36049936384.0,,,,,,,,,,
,19301122.0,39957430272.0,,,,,,,,,,
,20167868.0,42409127936.0,,,,,,,,,,
,21073750.0,46221742080.0,,,,,,,,,,
,22025360.0,49679314944.0,,,,,,,,,,
,23027910.0,53157363712.0,,,,,,,,,,
,24079346.0,56877154304.0,,,,,,,,,,
,25175940.0,59939975168.0,,,,,,,,,,
,26302696.0,62008238080.0,,,,,,,,,,
,27460374.0,66250981376.0,,,,,,,,,,
,28486868.0,67128594432.0,,,,,,,,,,
,29342412.0,70879199232.0,,,,,,,,,,
,30185988.0,74296893440.0,,,,,,,,,,
,31043710.0,79496470528.0,,,,,,,,,,
,31916622.0,82248589312.0,,,,,,,,,,
54.786,32805534.0,86595485696.0,0.516,49.687,,,0.0,0.0,4.583,4.583,,
59.19,33704756.0,90426064896.0,0.488,54.207,,,0.0,0.0,4.495,4.495,,
66.481,34616856.0,95250677760.0,0.38,61.134,,,0.0,0.0,4.968,4.968,,
75.075,35544976.0,99985080320.0,0.174,69.816,,,0.0,0.0,5.086,5.086,,
80.417,36477168.0,104606236672.0,0.228,74.822,,,0.0,0.0,5.367,5.367,,
91.505,37435588.0,108553592832.0,0.228,85.077,,,0.0,0.0,6.201,6.201,,
104.675,38421740.0,114467545088.0,0.222,98.736,,,0.0,0.0,5.716,5.716,,
103.645,39412484.0,120671313920.0,0.217,96.902,,,0.0,0.0,6.526,6.526,,
120.954,40406232.0,131496108032.0,0.217,113.717,,,0.0,0.0,7.02,7.02,,
112.688,41388328.0,136133255168.0,0.304,106.319,,,0.0,0.0,6.065,6.065,,
121.981,42394428.0,143695708160.0,0.575,114.688,,,0.0,0.0,6.718,6.718,,
126.787,43474372.0,156320022528.0,0.684,117.839,,,0.0,0.0,8.265,8.265,,
136.655,44646516.0,165102796800.0,1.688,128.713,,,0.0,0.0,6.251,6.254,,
142.605,45890740.0,173707444224.0,1.547,132.738,,,0.0,0.0,8.312,8.321,,
148.648,47154240.0,183436886016.0,1.351,136.971,,,0.0,0.0,8.519,10.326,,
146.289,48419544.0,192910475264.0,1.628,128.444,,,0.0,0.0,10.415,16.217,,
145.799,49679328.0,199457193984.0,2.822,120.739,,,0.0,0.0,11.015,22.237,,
141.704,50938528.0,206677147648.0,3.147,116.189,,,0.0,0.0,11.157,22.367,,
153.294,52219692.0,210595332096.0,5.73,121.525,,,0.0,0.0,11.733,26.039,,
139.76,53514960.0,195158589440.0,9.182,99.473,,,0.0,0.0,15.607,31.105,,
135.059,54812656.0,180907327488.0,12.986,88.441,,,0.0,0.0,16.42,33.632,22.766,
137.173,56109844.0,187086782464.0,10.229,92.984,,,0.0,0.0,17.792,33.96,20.974,
148.379,57415180.0,195165618176.0,10.88,107.958,,,0.0,0.0,15.515,29.54,22.642,
163.637,58755920.0,208280780800.0,13.778,116.383,,,0.0,0.0,18.523,33.476,24.539,
177.005,60127352.0,221233807360.0,10.891,130.62,,,0.0,0.0,19.176,35.494,25.573,
187.578,61558900.0,227937189888.0,14.596,138.174,,,0.0,0.0,17.925,34.807,26.327,
184.648,63039752.0,228447698944.0,17.899,135.198,,,0.0,0.0,15.214,31.552,25.649,
198.081,64543524.0,230919372800.0,15.747,153.031,,,0.0,0.0,13.129,29.303,25.87,
217.31,66083324.0,237660504064.0,17.48,168.876,,,0.0,0.0,14.874,30.954,26.579,
226.373,67650288.0,250039762944.0,17.782,173.271,0.053,191.106,0.0,0.0,17.334,35.267,30.459,7.657
258.544,69250472.0,263686193152.0,19.12,203.537,0.051,222.708,0.0,0.0,18.428,35.836,33.554,7.128
277.018,70944968.0,281310527488.0,25.76,211.843,0.086,237.69,0.0,0.0,20.788,39.328,36.707,7.504
302.359,72718832.0,298146725888.0,31.855,231.971,0.052,263.878,0.0,0.0,17.946,38.481,39.797,5.935
301.31,74491928.0,298757750784.0,34.529,226.417,0.089,261.036,0.0,0.0,14.98,40.274,41.578,4.972
305.169,76249064.0,310266101760.0,39.391,212.466,0.069,251.926,0.0,0.0,23.183,53.243,41.432,7.597
307.553,77958224.0,326462603264.0,53.777,197.623,0.102,251.502,0.0,0.0,23.062,56.051,43.66,7.498
300.727,79626088.0,338531942400.0,52.451,196.627,1.342,250.42,0.0,0.0,20.87,50.307,45.22,6.94
302.168,81285576.0,353568391168.0,49.16,186.926,16.866,252.952,0.0,0.0,20.528,49.216,46.51,6.794
311.742,82942840.0,374041673728.0,50.044,185.834,25.705,261.583,0.0,0.0,22.823,50.159,50.67,7.321
319.122,84607504.0,402137743360.0,52.707,189.482,23.74,265.929,0.0,0.0,24.761,53.193,53.65,7.759
320.316,86261248.0,424650342400.0,61.837,175.742,31.442,269.021,0.004,0.05,24.015,51.295,54.19,7.497
305.166,87901832.0,450316369920.0,58.604,160.083,29.447,248.133,0.004,0.151,28.282,57.033,54.51,9.268
316.621,89561376.0,483816439808.0,62.697,165.96,35.305,263.962,0.004,0.164,24.214,52.659,57.09,7.648
327.375,91252328.0,507831517184.0,73.92,158.541,37.165,269.626,0.004,0.172,27.658,57.749,58.31,8.448
331.225,92946952.0,517597462528.0,70.559,166.275,37.425,274.259,0.003,0.18,27.334,56.966,59.36,8.252
340.842,94636704.0,561436033024.0,81.771,173.119,35.25,290.14,0.003,0.171,21.659,50.702,64.7,6.355
347.647,96337912.0,586460954624.0,89.853,163.617,38.059,291.529,0.003,0.243,26.752,56.118,69.13,7.695
359.618,98032320.0,625662230528.0,94.029,170.062,36.485,300.575,0.004,0.207,28.111,59.043,72.88,7.817
385.417,99700112.0,669825564672.0,116.335,178.41,33.605,328.351,0.004,0.179,27.307,57.066,75.24,7.085
405.579,101325208.0,711518781440.0,123.766,189.713,35.343,348.822,0.045,0.412,24.754,56.756,77.25,6.103
444.484,103031360.0,753489674240.0,135.082,216.061,33.225,384.369,0.373,2.015,23.335,60.115,82.41,5.25
485.48,104875272.0,805057069056.0,152.19,232.033,38.099,422.322,2.937,2.611,21.713,63.158,90.82,4.473
532.613,106738496.0,858818805760.0,179.974,248.178,37.744,465.896,3.197,2.91,25.577,66.717,94.38,4.802
547.257,108568832.0,912443441152.0,190.139,249.293,40.888,480.32,3.305,3.05,24.827,66.937,99.78,4.537
563.427,110380800.0,,203.311,254.299,42.16,499.77,3.285,2.746,21.155,63.657,106.08,3.755
512.19,112190984.0,,204.062,208.201,38.428,450.692,3.605,2.696,18.888,61.498,102.48,3.688
545.707,113880336.0,,219.963,225.303,32.082,477.348,3.961,3.584,24.474,68.359,108.21,4.485
585.513,115559008.0,,233.034,248.417,30.804,512.254,4.783,2.791,26.442,73.258,112.74,4.516
,24312686.0,66824998912.0,,,,,,,,,,
,24489736.0,,,,,,,,,,,
,24665156.0,,,,,,,,,,,
,24838911.0,,,,,,,,,,,
,25013887.0,,,,,,,,,,,
,25190093.0,,,,,,,,,,,
,25367537.0,,,,,,,,,,,
,25546228.0,,,,,,,,,,,
,25726174.0,,,,,,,,,,,
,25813800.0,,,,,,,,,,,
,25809505.0,71778934784.0,,,,,,,,,,
,25713684.0,,,,,,,,,,,
,25526720.0,,,,,,,,,,,
,25248988.0,74040123392.0,,,,,,,,,,
,24974275.0,,,,,,,,,,,
,24702547.0,,,,,,,,,,,
,24433773.0,,,,,,,,,,,
,24167920.0,,,,,,,,,,,
,23913465.0,,,,,,,,,,,
,23787804.0,,,,,,,,,,,
,23791651.0,71904002048.0,,,,,,,,,,
,23925744.0,,,,,,,,,,,
,24190850.0,,,,,,,,,,,
,24587764.0,,,,,,,,,,,
,24991189.0,,,,,,,,,,,
,25401234.0,,,,,,,,,,,
,25818006.0,,,,,,,,,,,
,26241617.0,,,,,,,,,,,
,26672178.0,,,,,,,,,,,
,27053912.0,93986144256.0,,,,,,,,,,
,27385667.0,89632309248.0,,,,,,,,,,
,27666271.0,83155189760.0,,,,,,,,,,
,27894531.0,76705144832.0,,,,,,,,,,
,28069231.0,74552811520.0,,,,,,,,,,
,28245024.0,75588567040.0,,,,,,,,,,
,28421919.0,76708438016.0,,,,,,,,,,
,28599922.0,78919892992.0,,,,,,,,,,
,28779039.0,93974134784.0,,,,,,,,,,
,28959278.0,108033638400.0,,,,,,,,,,
,28993497.0,,,,,,,,,,,
,28883551.0,,,,,,,,,,,
,28631257.0,,,,,,,,,,,
,28238390.0,,,,,,,,,,,
,27706686.0,,,,,,,,,,,
,27184994.0,,,,,,,,,,,
,26673126.0,,,,,,,,,,,
,26170895.0,,,,,,,,,,,
,25678120.0,,,,,,,,,,,
,25194625.0,82478997504.0,,,,,,,,,,
,24897453.0,88614731776.0,,,,,,,,,,
,24786240.0,96813596672.0,,,,,,,,,,
,25242280.0,101074321408.0,,,,,,,,,,
,25704542.0,103385350144.0,,,,,,,,,,
,26168166.0,109421338624.0,,,,,,,,,,
,26630358.0,115623100416.0,,,,,,,,,,
,27099200.0,121240854528.0,,,,,,,,,,
,27582030.0,126650793984.0,,,,,,,,,,
,28076088.0,133299068928.0,,,,,,,,,,
,28583998.0,139818926080.0,,,,,,,,,,
,29068128.0,143866773504.0,,,,,,,,,,
,29509902.0,151647944704.0,,,,,,,,,,
,29913228.0,163715039232.0,,,,,,,,,,
,30271926.0,161505214464.0,,,,,,,,,,
,30608320.0,171155963904.0,,,,,,,,,,
,30927880.0,178821677056.0,,,,,,,,,,
776.053,31224086.0,188699590656.0,691.764,64.425,17.132,773.321,0.0,0.0,2.649,2.732,,0.341
791.178,31504832.0,200606679040.0,701.033,67.009,20.366,788.407,0.0,0.0,2.649,2.771,,0.335
814.3,31765962.0,207876374528.0,713.721,72.72,24.888,811.33,0.0,0.0,2.83,2.97,,0.348
876.367,32016872.0,220431548416.0,748.065,90.988,34.192,873.245,0.0,0.0,2.972,3.122,,0.339
936.066,32262060.0,218218528768.0,785.92,100.078,47.404,933.403,0.0,0.0,2.395,2.663,,0.256
987.921,32482946.0,229568512000.0,816.193,105.844,60.459,982.496,0.0,0.0,5.237,5.425,,0.53
1019.143,32710744.0,245931900928.0,835.464,112.225,66.493,1014.182,0.0,0.0,4.64,4.962,,0.455
1074.919,32979398.0,263853801472.0,873.96,125.958,69.966,1069.884,0.0,0.0,4.444,5.035,,0.413
1095.064,33270012.0,283714584576.0,877.553,139.729,72.765,1090.047,0.0,0.0,4.305,5.017,,0.393
1131.256,33578680.0,300363710464.0,902.29,147.147,74.794,1124.231,0.0,0.0,6.275,7.025,,0.555
1220.269,33899768.0,314487209984.0,973.443,160.173,80.096,1213.711,0.0,0.0,5.884,6.558,,0.482
1285.522,34229712.0,322311716864.0,1017.811,176.802,85.46,1280.073,0.0,0.0,4.864,5.448,,0.378
1340.415,34561580.0,328313339904.0,1053.911,189.196,90.676,1333.783,0.0,0.0,5.787,6.633,,0.432
1407.362,34870696.0,340244103168.0,1102.978,202.324,95.455,1400.757,0.0,0.0,5.769,6.605,,0.41
1428.253,35188364.0,333915684864.0,1116.282,206.297,99.563,1422.143,0.0,0.0,5.343,6.109,,0.374
1495.63,35521432.0,325503254528.0,1182.12,203.749,102.024,1487.892,0.0,0.0,6.946,7.738,,0.464
1348.473,35851104.0,308182417408.0,1054.027,191.036,96.232,1341.295,0.0,0.0,6.319,7.178,,0.469
1373.058,36188644.0,305360601088.0,1091.068,180.377,96.191,1367.637,0.0,0.0,4.563,5.421,,0.332
1379.374,36536140.0,320511901696.0,1088.428,186.448,98.39,1373.266,0.0,0.0,4.953,6.109,,0.359
1433.917,36876560.0,332358615040.0,1134.925,191.375,102.351,1428.652,0.0,0.0,4.163,5.265,,0.29
1466.442,37179164.0,335851094016.0,1161.314,194.577,103.808,1459.699,0.0,0.0,5.476,6.744,137.714,0.373
1507.76,37436804.0,346539491328.0,1191.005,200.983,110.017,1502.005,0.0,0.0,4.58,5.755,140.294,0.304
1556.635,37654412.0,341893087232.0,1233.943,203.581,113.583,1551.107,0.0,0.0,4.912,5.528,145.833,0.316
1526.905,37812084.0,349435199488.0,1199.972,208.541,112.79,1521.303,0.0,0.0,5.302,5.602,144.34,0.347
1469.523,37939020.0,344009605120.0,1146.613,207.104,110.719,1464.437,0.0,0.0,4.758,5.087,145.464,0.324
1210.33,38064252.0,310673178624.0,912.263,189.755,103.946,1205.964,0.0,0.0,4.19,4.366,134.44,0.346
1184.164,38167388.0,291725475840.0,903.557,179.2,96.929,1179.685,0.0,0.0,4.214,4.479,132.72,0.356
1132.397,38252284.0,302141014016.0,873.541,163.771,90.274,1127.586,0.0,0.0,4.456,4.811,130.69,0.394
1131.848,38319300.0,316590915584.0,863.487,168.937,94.829,1127.253,0.0,0.0,4.4,4.595,131.78,0.389
1083.18,38375464.0,336238444544.0,804.187,178.154,95.552,1077.893,0.0,0.0,5.124,5.287,133.29,0.473
1108.723,38401980.0,363194515456.0,817.863,180.453,104.609,1102.926,0.0,0.003,5.58,5.797,137.05,0.503
1163.95,38401408.0,388887511040.0,837.154,210.813,109.848,1157.815,0.0,0.0,5.71,6.135,141.19,0.491
1152.541,38396120.0,417946664960.0,816.955,219.717,109.525,1146.197,0.0,0.006,5.799,6.344,140.94,0.503
1104.199,38379992.0,441376079872.0,736.125,249.881,110.651,1096.658,0.0,0.012,6.828,7.542,140.77,0.618
1082.722,38354952.0,466287230976.0,706.233,261.757,107.731,1075.722,0.0,0.012,6.372,7.0,139.99,0.589
1017.525,38504432.0,492195512320.0,654.114,240.631,115.831,1010.577,0.0,0.015,6.227,6.948,143.18,0.612
1010.456,38662860.0,503090249728.0,646.408,235.08,120.68,1002.168,0.0,0.041,6.83,8.289,143.72,0.676
999.579,38647476.0,518231130112.0,634.171,239.598,117.616,991.386,0.0,0.178,6.652,8.193,142.49,0.665
1034.207,38621536.0,541817896960.0,652.895,243.364,130.962,1027.221,0.0,0.36,4.846,6.986,150.01,0.469
1041.219,38596040.0,575083577344.0,633.71,260.058,138.171,1031.939,0.0,0.409,6.0,9.28,152.26,0.576
1064.345,38575912.0,600855150592.0,641.023,268.95,142.287,1052.26,0.0,0.387,6.302,12.085,155.05,0.592
1116.981,38547180.0,644043374592.0,667.584,291.548,143.903,1103.035,0.0,0.728,5.81,13.946,160.45,0.52
1113.815,38521868.0,695923507200.0,650.67,301.802,143.942,1096.414,0.0,1.476,6.651,17.402,158.51,0.597
1133.312,38522884.0,732389048320.0,642.182,309.674,156.436,1108.293,0.0,2.352,6.05,25.019,154.64,0.534
1093.617,38555288.0,758697754624.0,602.875,306.266,150.948,1060.088,0.0,3.008,6.633,33.528,151.09,0.606
1166.175,38597356.0,792188944384.0,640.523,323.05,162.326,1125.899,0.0,4.619,8.105,40.276,157.0,0.695
1172.93,38620848.0,839855964160.0,639.218,321.771,164.525,1125.514,0.001,8.841,6.433,47.417,163.01,0.548
1139.241,38625872.0,853353431040.0,595.797,309.685,174.194,1079.676,0.003,13.016,5.585,59.565,161.63,0.49
1141.949,38607352.0,865215250432.0,620.822,287.977,174.104,1082.904,0.004,16.363,6.647,59.045,163.91,0.582
1100.944,38581880.0,893604462592.0,575.049,289.086,170.136,1034.271,0.019,20.8,5.914,66.673,158.38,0.537
1112.315,38553148.0,927975669760.0,566.047,302.295,170.988,1039.33,0.153,29.24,4.934,72.985,164.24,0.444
1160.688,38532108.0,952936824832.0,575.669,332.215,182.576,1090.46,0.332,33.699,5.726,70.227,166.09,0.493
1205.901,38532816.0,999989641216.0,578.879,360.561,191.803,1131.243,0.439,39.677,6.813,74.657,169.93,0.565
1219.635,38521464.0,1053479337984.0,579.175,369.841,199.261,1148.276,0.794,33.863,5.212,71.358,169.49,0.427
1184.748,38493600.0,,516.078,376.977,208.888,1101.943,1.873,39.821,5.151,82.805,163.04,0.435
1134.18,38428368.0,,478.409,357.003,210.646,1046.057,5.142,41.495,5.562,88.123,157.14,0.49
1225.888,38307724.0,,529.151,376.239,223.738,1129.128,10.295,42.478,6.121,96.76,178.77,0.499
1198.322,39857144.0,,501.431,405.305,179.302,1086.037,21.212,50.688,5.131,112.284,179.3,0.428
,5402551.0,11213299712.0,,,,,,,,,,
,5445806.0,11019281408.0,,,,,,,,,,
,5490822.0,11086892032.0,,,,,,,,,,
,5537624.0,11242688512.0,,,,,,,,,,
,5584825.0,11395971072.0,,,,,,,,,,
,5632428.0,11076705280.0,,,,,,,,,,
,5680437.0,11155932160.0,,,,,,,,,,
,5728855.0,11418385408.0,,,,,,,,,,
,5777686.0,11238311936.0,,,,,,,,,,
,5819754.0,11236284416.0,,,,,,,,,,
,5854984.0,11514987520.0,,,,,,,,,,
,5883300.0,11751300096.0,,,,,,,,,,
,5904627.0,11951855616.0,,,,,,,,,,
,5918888.0,11896223744.0,,,,,,,,,,
,5933183.0,11989900288.0,,,,,,,,,,
,5947512.0,11718515712.0,,,,,,,,,,
,5961877.0,11794131968.0,,,,,,,,,,
,5976275.0,11601659904.0,,,,,,,,,,
,5990842.0,11021829120.0,,,,,,,,,,
,6016799.0,11259270144.0,,,,,,,,,,
,6054309.0,11810810880.0,,,,,,,,,,
,6103537.0,12481976320.0,,,,,,,,,,
,6164649.0,14006733824.0,,,,,,,,,,
,6237814.0,14611604480.0,,,,,,,,,,
,6311847.0,14067900416.0,,,,,,,,,,
,6386759.0,14701290496.0,,,,,,,,,,
,6462560.0,14605733888.0,,,,,,,,,,
,6539261.0,17175325696.0,,,,,,,,,,
,6616872.0,15508317184.0,,,,,,,,,,
,6696146.0,17194766336.0,,,,,,,,,,
,6777114.0,16987136000.0,,,,,,,,,,
,6859803.0,17859399680.0,,,,,,,,,,
,6944245.0,18212526080.0,,,,,,,,,,
,7030468.0,19437441024.0,,,,,,,,,,
,7117763.0,20269187072.0,,,,,,,,,,
,7206141.0,19194560512.0,,,,,,,,,,
,7295617.0,17736540160.0,,,,,,,,,,
,7386204.0,20716195840.0,,,,,,,,,,
,7477915.0,20854079488.0,,,,,,,,,,
,7566417.0,21135828992.0,,,,,,,,,,
,7651628.0,19755450368.0,,,,,,,,,,
,7733465.0,21603244032.0,,,,,,,,,,
,7811843.0,21310197760.0,,,,,,,,,,
,7886677.0,22732584960.0,,,,,,,,,,
,7962228.0,24036438016.0,,,,,,,,,,
,8038503.0,23117287424.0,,,,,,,,,,
,8115508.0,24922030080.0,,,,,,,,,,
,8193251.0,27012083712.0,,,,,,,,,,
,8271739.0,26922815488.0,,,,,,,,,,
,8346329.0,27310790656.0,,,,,,,,,,
,8416952.0,28072142848.0,,,,,,,,,,
,8472651.0,29342304256.0,,,,,,,,,,
,8523679.0,29372241920.0,,,,,,,,,,
,8573396.0,31424694272.0,,,,,,,,,,
,8619179.0,32922828800.0,,,,,,,,,,
,8665454.0,34292307968.0,,,,,,,,,,
,8707080.0,35785773056.0,,,,,,,,,,
,8748070.0,37369200640.0,,,,,,,,,,
,8799094.0,37856333824.0,,,,,,,,,,
,8849594.0,39914741760.0,,,,,,,,,,
,8882476.0,42580930560.0,,,,,,,,,,
,8896923.0,44903124992.0,,,,,,,,,,
,8905438.0,47877099520.0,,,,,,,,,,
,8907704.0,50720735232.0,,,,,,,,,,
,8905557.0,54059933696.0,,,,,,,,,,
49.829,8899092.0,58086871040.0,6.885,30.53,,,0.0,0.0,11.754,12.415,,
54.557,8881846.0,60455104512.0,7.025,31.293,,,0.0,0.0,15.601,16.24,,
58.334,8856646.0,65022730240.0,6.99,34.524,,,0.0,0.0,16.207,16.82,,
59.397,8821535.0,70796591104.0,6.292,37.037,,,0.0,0.0,15.341,16.069,,
64.355,8768163.0,72313643008.0,5.931,38.869,,,0.0,0.0,18.662,19.555,,
76.882,8683627.0,78901600256.0,5.431,53.695,,,0.0,0.0,17.162,17.756,,
84.651,8700518.0,84132634624.0,5.024,60.926,,,0.0,0.0,18.245,18.701,,
92.027,8833265.0,90870661120.0,4.443,66.271,,,0.0,0.0,20.953,21.314,,
101.724,8957960.0,101051244544.0,6.571,72.854,,,0.0,0.0,21.66,22.298,,
106.482,9079609.0,102210306048.0,5.106,77.655,,,0.0,0.0,23.147,23.722,,
105.827,9202708.0,97762402304.0,4.792,81.328,,,0.0,0.0,18.954,19.708,,
104.73,9330205.0,104504213504.0,4.652,85.189,,,0.0,0.0,14.155,14.889,,
118.723,9459002.0,110366220288.0,4.222,84.285,,,0.0,0.0,29.469,30.216,,
125.038,9578264.0,113475723264.0,4.978,87.352,,,0.0,0.0,31.968,32.709,,
132.608,9686181.0,119864926208.0,5.199,93.43,,,0.0,0.0,33.157,33.98,,
128.805,9785251.0,125370949632.0,4.07,100.013,,,0.0,0.0,23.7,24.721,,
126.462,9856749.0,127400919040.0,4.617,106.011,,,0.0,0.0,14.841,15.834,,
136.86,9904426.0,130127659008.0,4.257,111.011,,,0.0,0.0,20.465,21.592,,
141.717,9943827.0,129898971136.0,4.652,112.039,,,0.0,0.0,23.733,25.026,,
147.627,9974817.0,127462178816.0,5.757,111.805,,,0.0,0.0,28.875,30.065,,
150.634,9996891.0,131038822400.0,8.943,108.323,,,0.0,0.0,31.619,33.367,18.9,
159.435,10011029.0,136464678912.0,16.864,115.462,,,0.0,0.0,25.176,27.11,20.355,
163.162,10020209.0,145169743872.0,21.957,112.18,,,0.0,0.0,27.065,29.025,20.135,
181.041,10023309.0,156041297920.0,25.319,117.466,,,0.0,0.0,36.173,38.257,22.489,
195.472,10020318.0,164059381760.0,28.249,147.9,,,0.003,0.003,17.207,19.323,25.808,
198.464,10007347.0,171225923584.0,33.122,136.051,,,0.0,0.003,27.077,29.291,28.33,
205.953,9986418.0,177700323328.0,34.704,141.912,,,0.0,0.003,26.74,29.336,29.72,
208.122,9978745.0,183979442176.0,35.134,156.409,,,0.0,0.011,13.738,16.579,29.61,
214.169,9992104.0,183426187264.0,38.263,147.74,,,0.0,0.031,25.247,28.166,30.99,
221.917,10018101.0,186890731520.0,39.856,147.42,,,0.0,0.05,31.516,34.641,31.33,
243.207,10051250.0,191953584128.0,48.869,166.347,,,0.0,0.047,24.67,27.991,33.15,
250.79,10087653.0,199451459584.0,45.59,158.287,0.0,203.876,0.003,0.062,43.648,46.914,34.41,17.404
254.402,10130547.0,209094131712.0,41.473,169.604,1.006,212.083,0.003,0.112,38.751,42.319,34.14,15.232
277.512,10179419.0,219968765952.0,41.461,185.931,8.038,235.43,0.002,0.263,38.391,42.082,38.91,13.834
283.827,10233373.0,229420449792.0,43.056,192.457,22.478,257.991,0.003,0.364,21.545,25.835,42.91,7.591
293.322,10300632.0,239037759488.0,43.173,188.712,23.09,254.975,0.004,0.497,33.482,38.347,43.38,11.415
297.665,10371815.0,244636549120.0,36.919,188.422,25.749,251.089,0.005,0.752,41.229,46.575,46.17,13.851
295.414,10430913.0,247482613760.0,40.704,194.588,31.322,266.614,0.005,1.057,22.767,28.8,45.65,7.707
303.365,10473345.0,246137470976.0,38.968,182.45,30.202,251.62,0.008,1.438,45.599,51.745,46.52,15.031
297.524,10501523.0,251574779904.0,38.553,185.168,37.834,261.555,0.008,2.351,28.439,35.969,44.82,9.559
296.958,10523314.0,254497210368.0,38.796,191.184,42.878,272.858,0.011,5.077,13.547,24.1,46.18,4.562
294.788,10543946.0,259465101312.0,38.415,169.283,41.184,248.882,0.014,8.323,31.069,45.906,48.57,10.539
297.068,10565547.0,266976673792.0,33.437,171.78,43.894,249.111,0.068,11.415,28.353,47.958,46.89,9.544
286.748,10580963.0,268554829824.0,29.261,166.03,48.023,243.315,0.115,16.178,19.106,43.433,45.48,6.663
289.227,10591341.0,261579653120.0,33.217,153.799,47.694,234.709,0.447,21.16,23.138,54.517,49.48,8.0
305.088,10588401.0,267592237056.0,19.162,150.465,51.888,221.514,0.597,25.485,44.82,83.573,53.69,14.691
291.036,10564820.0,263734345728.0,25.829,141.334,52.537,219.699,0.778,25.275,31.824,71.337,51.88,10.935
265.779,10522085.0,253104521216.0,33.851,128.694,45.555,208.101,1.078,28.132,15.415,57.678,45.57,5.8
291.794,10464537.0,250243334144.0,30.815,132.866,43.183,206.865,1.306,32.745,37.42,84.929,50.53,12.824
297.681,10408379.0,252484943872.0,31.157,135.089,41.26,207.506,1.699,32.811,42.178,90.175,51.96,14.169
291.228,10365436.0,256506757120.0,37.914,133.883,48.199,219.996,2.144,31.259,23.323,71.233,51.27,8.008
311.496,10332751.0,260122132480.0,33.099,136.464,50.738,220.301,2.201,33.393,42.091,91.195,59.13,13.513
301.878,10307528.0,269243023360.0,37.763,135.992,63.395,237.15,2.64,32.595,15.694,64.728,57.7,5.199
307.598,10289833.0,276343586816.0,31.668,135.259,57.994,224.922,2.659,33.381,32.788,82.676,58.41,10.66
292.939,10289921.0,,14.518,139.801,61.35,215.67,3.537,36.026,23.244,77.269,51.73,7.935
265.509,10298186.0,,6.579,114.374,60.367,181.32,4.506,32.3,31.732,84.189,51.54,11.952
266.354,10290109.0,,2.275,117.211,58.11,177.595,5.854,34.581,31.158,88.759,49.44,11.698
257.741,10270857.0,,0.105,126.909,56.066,183.08,8.025,34.765,16.956,74.661,46.96,6.579
66.308,3214573.0,41858400256.0,,,,,,,,,,
65.887,3259448.0,42304577536.0,,,,,,,,,,
65.826,3301072.0,41023569920.0,,,,,,,,,,
67.137,3339378.0,41211248640.0,,,,,,,,,,
66.854,3374438.0,44223348736.0,,,,,,,,,,
66.822,3406278.0,45132791808.0,,,,,,,,,,
67.94,3434975.0,48819552256.0,,,,,,,,,,
68.132,3461929.0,51212279808.0,,,,,,,,,,
68.367,3487969.0,54560976896.0,,,,,,,,,,
68.357,3513738.0,57259991040.0,,,,,,,,,,
66.798,3543785.0,59418062848.0,,,,,,,,,,
66.534,3578449.0,61737226240.0,,,,,,,,,,
66.888,3612634.0,65572274176.0,,,,,,,,,,
66.853,3645019.0,69692235776.0,,,,,,,,,,
66.983,3675747.0,73757655040.0,,,,,,,,,,
66.982,3704948.0,78327750656.0,,,,,,,,,,
67.099,3732817.0,81413668864.0,,,,,,,,,,
67.054,3759526.0,86716473344.0,,,,,,,,,,
67.103,3785240.0,92960505856.0,,,,,,,,,,
66.784,3810114.0,99507937280.0,,,,,,,,,,
129.385,3827104.0,104392663040.0,,,,,,,,,21.81,
140.831,3832138.0,112725606400.0,,,,,,,,,22.3,
144.582,3830775.0,115553681408.0,,,,,,,,,23.17,
150.493,3825629.0,117412675584.0,,,,,,,,,23.93,
155.443,3817033.0,122888175616.0,,,,,,,,,24.13,
150.565,3805560.0,122355752960.0,,,,,,,,,24.96,
136.735,3791559.0,122502586368.0,,,,,,,,,23.83,
131.962,3775446.0,122989543424.0,,,,,,,,,22.3,
123.533,3757617.0,122623983616.0,,,,,,,,,20.92,
115.639,3738934.0,122136559616.0,,,,,,,,,20.7,
98.048,3717920.0,123553439744.0,,,,,,,,,20.9,
106.172,3691615.0,125016096768.0,,,,,,,,,20.02,
111.841,3657989.0,125060218880.0,,,,,,,,,21.2,
98.463,3615028.0,124667502592.0,,,,,,,,,20.49,
93.824,3560008.0,122937262080.0,,,,,,,,,20.42,
93.847,3497335.0,122888634368.0,,,,,,,,,20.41,
87.813,3432745.0,119664705536.0,,,,,,,,,20.96,
85.239,3366407.0,118786080768.0,,,,,,,,,16.69,
85.661,3319269.0,115563266048.0,,,,,,,,,16.99,
80.784,3292888.0,,,,,,,,,,17.26,
70.207,3271570.0,,,,,,,,,,17.14,
78.721,3256030.0,,,,,,,,,,18.24,
,16061.0,,,,,,,,,,,
,16141.0,,,,,,,,,,,
,16221.0,,,,,,,,,,,
,16302.0,,,,,,,,,,,
,16384.0,,,,,,,,,,,
,16465.0,,,,,,,,,,,
,16548.0,,,,,,,,,,,
,16630.0,,,,,,,,,,,
,16713.0,,,,,,,,,,,
,16805.0,,,,,,,,,,,
,16905.0,,,,,,,,,,,
,17015.0,,,,,,,,,,,
,17134.0,,,,,,,,,,,
,17262.0,,,,,,,,,,,
,17391.0,,,,,,,,,,,
,17521.0,,,,,,,,,,,
,17652.0,,,,,,,,,,,
,17784.0,,,,,,,,,,,
,17935.0,,,,,,,,,,,
,18088.0,,,,,,,,,,,
,18241.0,,,,,,,,,,,
,18396.0,,,,,,,,,,,
,18552.0,,,,,,,,,,,
,18710.0,,,,,,,,,,,
,18869.0,,,,,,,,,,,
,19029.0,,,,,,,,,,,
,19191.0,,,,,,,,,,,
,19354.0,,,,,,,,,,,
,19518.0,,,,,,,,,,,
,19684.0,,,,,,,,,,,
,19851.0,,,,,,,,,,,
,20019.0,,,,,,,,,,,
,20189.0,,,,,,,,,,,
,20361.0,,,,,,,,,,,
,20534.0,,,,,,,,,,,
,20708.0,,,,,,,,,,,
,20884.0,,,,,,,,,,,
,21061.0,,,,,,,,,,,
,21240.0,,,,,,,,,,,
,21421.0,,,,,,,,,,,
,21603.0,,,,,,,,,,,
,21786.0,,,,,,,,,,,
,21971.0,,,,,,,,,,,
,22158.0,,,,,,,,,,,
,22346.0,,,,,,,,,,,
,22536.0,,,,,,,,,,,
,22727.0,,,,,,,,,,,
,22920.0,,,,,,,,,,,
,23115.0,,,,,,,,,,,
,23565.0,,,,,,,,,,,
,24310.0,1215792000.0,,,,,,,,,,
,25115.0,1317912448.0,,,,,,,,,,
,25958.0,1396940928.0,,,,,,,,,,
,26820.0,1535541632.0,,,,,,,,,,
,27727.0,1710652288.0,,,,,,,,,,
,28688.0,1751959936.0,,,,,,,,,,
,29734.0,1880830208.0,,,,,,,,,,
,30898.0,1948946944.0,,,,,,,,,,
,32266.0,2043765376.0,,,,,,,,,,
,33993.0,2255324672.0,,,,,,,,,,
,36406.0,2384206848.0,,,,,,,,,,
,40131.0,2386647552.0,,,,,,,,,,
,45139.0,2479023616.0,,,,,,,,,,
,50972.0,2641948416.0,,,,,,,,,,
,57546.0,2729476352.0,,,,,,,,,,
1.411,64859.0,2927665408.0,,0.573,0.838,,,,0.0,0.0,,
1.421,73116.0,3973314560.0,,0.572,0.849,,,,0.0,0.0,,
2.035,82532.0,4804791808.0,,0.866,1.17,,,,0.0,0.0,,
6.44,93035.0,5536822272.0,,1.12,5.32,,,,0.0,0.0,,
10.119,104527.0,5907591680.0,,1.3,8.818,,,,0.0,0.0,,
11.526,118019.0,5986595328.0,,1.124,10.402,,,,0.0,0.0,,
11.481,133114.0,7435852288.0,,1.079,10.402,,0.0,0.0,0.0,0.0,,
12.701,148351.0,8389209600.0,,1.285,11.416,,0.0,0.0,0.0,0.0,,
18.021,163741.0,9926949888.0,,1.668,16.353,,0.0,0.0,0.0,0.0,,
15.712,179312.0,9023770624.0,,2.278,13.434,,0.0,0.0,0.0,0.0,,
23.445,195054.0,9281297408.0,,2.714,20.731,,0.0,0.0,0.0,0.0,,
15.06,211006.0,9982830592.0,,3.737,11.323,,0.0,0.0,0.0,0.0,,
20.983,227192.0,8903428096.0,,4.93,16.053,,0.0,0.0,0.0,0.0,,
20.128,243627.0,9745928192.0,,4.821,15.308,,0.0,0.0,0.0,0.0,,
50.366,260382.0,10144609280.0,,5.219,45.147,,0.0,0.0,0.0,0.0,,
53.37,277459.0,10864234496.0,,4.3,49.069,,0.0,0.0,0.0,0.0,,
51.059,294901.0,9299814400.0,,6.316,44.743,,0.0,0.0,0.0,0.0,,
59.333,312623.0,7540661248.0,,7.014,52.319,,0.0,0.0,0.0,0.0,,
61.854,330461.0,6768237568.0,,7.672,54.182,,0.0,0.0,0.0,0.0,,
70.41,348255.0,6604221440.0,,9.035,61.375,,0.0,0.0,0.0,0.0,,
66.11,365881.0,5895161344.0,,9.599,56.511,,0.0,0.0,0.0,0.0,3.964,
72.071,382338.0,4988308992.0,,12.041,60.03,,0.0,0.0,0.0,0.0,4.318,
69.853,397403.0,5088463360.0,,11.79,58.063,,0.0,0.0,0.0,0.0,4.386,
73.54,412156.0,5164954624.0,,12.889,60.651,,0.0,0.0,0.0,0.0,4.614,
77.746,426913.0,5220839936.0,,13.576,64.17,,0.0,0.0,0.0,0.0,4.646,
78.838,441685.0,5221963264.0,,13.633,65.205,,0.0,0.0,0.0,0.0,4.842,
90.813,456495.0,5668716032.0,,11.842,78.97,,0.0,0.0,0.0,0.0,4.669,
144.286,471299.0,6980115968.0,,13.669,130.617,,0.0,0.0,0.0,0.0,5.183,
154.293,486053.0,7619622912.0,,14.568,139.725,,0.0,0.0,0.0,0.0,5.56,
156.527,500685.0,8527819264.0,,16.802,139.725,,0.0,0.0,0.0,0.0,5.85,
155.991,515140.0,9599471616.0,,16.266,139.725,,0.0,0.0,0.0,0.0,6.013,
114.897,529277.0,10961503232.0,,17.858,97.039,,0.0,0.0,0.0,0.0,6.615,
125.368,550596.0,15539098624.0,,21.611,103.757,,0.0,0.0,0.0,0.0,6.91,
134.988,581004.0,18830878720.0,,22.936,112.052,,0.0,0.0,0.0,0.0,8.166,
150.267,613312.0,21447383040.0,,21.716,128.552,,0.0,0.0,0.0,0.0,8.939,
134.199,645947.0,25410875392.0,,21.227,112.972,,0.0,0.0,,,8.59,
128.971,678838.0,29107027968.0,,24.252,104.719,,0.0,0.0,,,9.35,
142.028,713195.0,34542092288.0,,27.49,114.538,,0.0,0.0,,,10.28,
162.936,748535.0,39744811008.0,,32.204,130.732,,0.0,0.0,,,11.29,
196.87,777951.0,52481273856.0,,39.746,157.124,,0.0,0.0,,,12.44,
222.861,848718.0,62263799808.0,0.0,43.936,178.925,222.861,0.0,0.0,,,13.53,
234.273,1015064.0,86333710336.0,,56.684,177.589,,0.0,0.0,,,16.06,
255.35,1231904.0,111748800512.0,,62.757,192.593,,0.0,0.0,,,18.29,
283.082,1444287.0,144533995520.0,,76.104,206.978,,0.0,0.0,,,20.32,
287.013,1610281.0,178711953408.0,,74.302,212.711,,0.0,0.0,,,22.71,
333.867,1713512.0,234398711808.0,,79.81,254.057,,0.0,0.0,,,26.46,
390.395,1804175.0,296602402816.0,,100.931,289.431,,0.003,0.0,,,28.88,
442.719,1905670.0,316628008960.0,0.053,106.598,336.034,442.685,0.003,0.0,,,32.71,
480.758,2035509.0,337404067840.0,0.076,127.636,352.792,480.504,0.01,0.0,,,32.66,
519.378,2214471.0,357207343104.0,0.479,134.216,384.34,519.036,0.018,0.0,,,36.48,
592.228,2414580.0,374985752576.0,0.283,157.801,433.745,591.83,0.018,0.0,,,39.14,
579.369,2595175.0,388615569408.0,0.299,164.957,413.699,578.955,0.022,0.0,,,39.91,
561.035,2711764.0,394755702784.0,0.327,148.07,412.205,560.601,0.022,0.0,,,42.97,
560.46,2766743.0,400649388032.0,0.467,152.408,407.134,560.008,0.022,0.0,,,45.18,
583.966,2807242.0,,0.412,164.431,418.725,583.569,0.022,0.0,,,47.01,
508.118,2760390.0,,0.075,122.596,384.996,507.667,0.022,0.0,,,44.65,
536.086,2688239.0,,0.029,135.46,400.148,535.637,0.022,0.0,,,47.51,
523.453,2695131.0,,0.115,154.877,366.962,521.953,1.071,0.0,,,45.9,
3.414,551677.0,,,,,,,,,,,
3.621,559229.0,,,,,,,,,,,
4.012,567496.0,,,,,,,,,,,
4.444,577054.0,,,,,,,,,,,
4.717,587832.0,,,,,,,,,,,
4.892,599312.0,,,,,,,,,,,
4.823,610820.0,,,,,,,,,,,
5.336,622275.0,,,,,,,,,,,
5.728,633980.0,,,,,,,,,,,
6.344,646118.0,,,,,,,,,,,
6.722,659000.0,,,,,,,,,,,
7.357,672562.0,,,,,,,,,,,
7.642,686479.0,,,,,,,,,,,
9.307,700090.0,,,,,,,,,,,
9.61,713176.0,,,,,,,,,,,
9.503,725984.0,,,,,,,,,,,
9.538,738579.0,,,,,,,,,,,
9.614,751354.0,,,,,,,,,,,
11.937,763878.0,,,,,,,,,,,
11.948,775089.0,,,,,,,,,,,
11.372,785432.0,,,,,,,,,,1.94,
11.419,795504.0,,,,,,,,,,2.1,
11.612,805250.0,,,,,,,,,,2.08,
11.728,814991.0,,,,,,,,,,2.17,
13.03,824523.0,,,,,,,,,,2.38,
12.387,833664.0,,,,,,,,,,2.5,
11.698,845371.0,,,,,,,,,,2.53,
11.395,860608.0,,,,,,,,,,2.58,
12.475,873985.0,,,,,,,,,,2.69,
12.74,883116.0,,,,,,,,,,2.78,
13.869,890144.0,,,,,,,,,,2.86,
13.35,896635.0,,,,,,,,,,2.89,
0.0,902148.0,,,,,,,,,,0.0,
0.0,906902.0,,,,,,,,,,0.0,
0.0,914797.0,,,,,,,,,,0.0,
0.0,922501.0,,,,,,,,,,0.0,
0.0,926628.0,,,,,,,,,,0.0,
0.0,932745.0,,,,,,,,,,0.0,
0.0,941189.0,,,,,,,,,,0.0,
0.0,949423.0,,,,,,,,,,0.0,
0.0,957829.0,,,,,,,,,,0.0,
0.0,966132.0,,,,,,,,,,0.0,
,11005350.0,6765000192.0,,,,,,,,,,
,11081437.0,,,,,,,,,,,
,11161841.0,,,,,,,,,,,
,11246617.0,,,,,,,,,,,
,11332037.0,,,,,,,,,,,
,11418106.0,,,,,,,,,,,
,11504829.0,,,,,,,,,,,
,11592210.0,,,,,,,,,,,
,11680255.0,,,,,,,,,,,
,11760236.0,,,,,,,,,,,
,11832057.0,9302943744.0,,,,,,,,,,
,11895622.0,,,,,,,,,,,
,11950834.0,,,,,,,,,,,
,11997596.0,9608209408.0,,,,,,,,,,
,12044540.0,,,,,,,,,,,
,12091668.0,,,,,,,,,,,
,12138981.0,,,,,,,,,,,
,12186478.0,,,,,,,,,,,
,12234305.0,,,,,,,,,,,
,12306467.0,,,,,,,,,,,
,12403390.0,5738100224.0,,,,,,,,,,
,12525509.0,6289416192.0,,,,,,,,,,
,12673261.0,7105626112.0,,,,,,,,,,
,12847094.0,7782858240.0,,,,,,,,,,
,13023310.0,7890120192.0,,,,,,,,,,
,13201944.0,8057489920.0,,,,,,,,,,
,13383028.0,8950532096.0,,,,,,,,,,
,13566595.0,9040283648.0,,,,,,,,,,
,13752681.0,8888960000.0,,,,,,,,,,
,13936009.0,9501312000.0,,,,,,,,,,
,14116480.0,9488611328.0,,,,,,,,,,
,14293990.0,9790109696.0,,,,,,,,,,
,14468434.0,8994371584.0,,,,,,,,,,
,14639706.0,9162059776.0,,,,,,,,,,
,14813005.0,9372271616.0,,,,,,,,,,
,14988356.0,10156506112.0,,,,,,,,,,
,15165782.0,10572407808.0,,,,,,,,,,
,15345308.0,11066177536.0,,,,,,,,,,
,15526960.0,10936300544.0,,,,,,,,,,
,15681114.0,11198960640.0,,,,,,,,,,
,15807371.0,11007643648.0,,,,,,,,,,
,15905325.0,11215313920.0,,,,,,,,,,
,15974568.0,10422062080.0,,,,,,,,,,
,16014683.0,11816640512.0,,,,,,,,,,
,16054899.0,8993544192.0,,,,,,,,,,
,16095216.0,6100807168.0,,,,,,,,,,
,16135634.0,5957182976.0,,,,,,,,,,
,16176154.0,7528274944.0,,,,,,,,,,
,16216775.0,20676792320.0,,,,,,,,,,
,16288894.0,17089250304.0,,,,,,,,,,
,16392973.0,13440264192.0,,,,,,,,,,
,16612736.0,17221343232.0,,,,,,,,,,
,16828590.0,17145530368.0,,,,,,,,,,
,17041124.0,19340355584.0,,,,,,,,,,
,17250992.0,19851599872.0,,,,,,,,,,
,17455292.0,24584175616.0,,,,,,,,,,
,17668032.0,21504008192.0,,,,,,,,,,
,17884930.0,25442449408.0,,,,,,,,,,
,18089940.0,23888019456.0,,,,,,,,,,
,18282524.0,26937776128.0,,,,,,,,,,
,18458012.0,29537478656.0,,,,,,,,,,
,18622908.0,32027957248.0,,,,,,,,,,
,18770328.0,33176961024.0,,,,,,,,,,
,18895146.0,36158836736.0,,,,,,,,,,
,19010056.0,39709016064.0,,,,,,,,,,
278.721,19117072.0,43001847808.0,50.702,84.556,140.49,275.749,,,2.972,2.972,,1.066
297.27,19221488.0,47832817664.0,54.606,88.137,151.467,294.209,,,3.06,3.06,,1.03
331.733,19348540.0,52473978880.0,60.51,99.876,166.982,327.369,,,4.365,4.365,,1.316
352.98,19515304.0,56402014208.0,66.34,105.333,176.688,348.361,,,4.619,4.619,,1.309
405.812,19711720.0,59830431744.0,76.66,117.427,205.169,399.256,,,6.556,6.556,,1.615
432.011,19922620.0,65982779392.0,83.291,127.267,213.254,423.811,,,8.2,8.2,,1.898
458.565,20145242.0,70865952768.0,87.969,129.29,228.015,445.274,0.0,0.0,13.292,13.292,,2.899
483.276,20382178.0,79902457856.0,92.086,138.009,231.468,461.563,0.0,0.0,21.713,21.713,,4.493
525.824,20628254.0,89933250560.0,103.693,155.252,244.562,503.507,0.0,0.0,22.316,22.316,,4.244
529.495,20889666.0,90781507584.0,109.055,142.952,252.426,504.432,0.0,0.0,25.063,25.063,,4.733
577.511,21167270.0,92819857408.0,113.055,162.526,274.249,549.83,0.0,0.0,27.68,27.68,,4.793
622.343,21449642.0,103132364800.0,114.742,181.331,302.298,598.37,0.0,0.0,23.972,23.972,,3.852
659.94,21678700.0,109332594688.0,116.184,195.902,320.221,632.307,0.0,0.0,27.633,27.633,,4.187
710.754,21844028.0,119289364480.0,130.465,217.876,331.027,679.368,0.0,0.0,31.385,31.385,,4.416
724.816,21993496.0,120853626880.0,140.514,231.763,319.011,691.287,0.0,0.0,33.529,33.529,,4.626
731.847,22125226.0,121316859904.0,143.793,219.391,331.294,694.479,0.0,0.0,37.367,37.367,,5.106
733.587,22237474.0,121253691392.0,151.143,196.672,348.109,695.924,0.0,0.0,37.663,37.663,,5.134
727.274,22331062.0,126047223808.0,144.421,193.752,354.048,692.222,0.0,0.0,35.052,35.052,,4.82
722.204,22403760.0,133547393024.0,166.856,173.11,352.556,692.521,0.0,0.0,29.682,29.682,,4.11
716.998,22465040.0,141346603008.0,166.565,165.703,351.239,683.508,0.0,0.0,33.491,33.491,,4.671
714.904,22525364.0,140982681600.0,173.543,177.18,326.589,677.312,0.0,0.0,37.592,37.592,71.818,5.258
730.083,22587322.0,144140746752.0,175.764,189.899,332.455,698.118,0.0,0.0,31.965,31.965,75.478,4.378
757.117,22653810.0,145192779776.0,188.197,209.306,326.469,723.972,0.0,0.0,33.145,33.145,74.079,4.378
771.135,22719092.0,144309272576.0,203.792,196.168,327.482,727.443,0.0,0.0,43.692,43.692,75.322,5.666
772.477,22788042.0,135787315200.0,203.56,202.279,326.193,732.031,0.0,0.0,40.446,40.446,75.851,5.236
735.215,22836234.0,127957827584.0,146.058,220.018,335.391,701.467,0.0,0.003,33.742,33.748,64.3,4.589
624.444,22842488.0,114092097536.0,121.911,182.631,276.766,581.308,0.0,0.0,43.137,43.137,56.8,6.908
550.674,22800964.0,108239806464.0,120.032,149.544,246.495,516.071,0.0,0.0,34.597,34.603,54.01,6.283
535.222,22721662.0,113423130624.0,118.722,141.77,236.972,497.464,0.0,0.0,37.755,37.758,55.36,7.054
504.851,22632776.0,121572614144.0,118.893,131.54,215.841,466.274,0.0,0.0,38.577,38.577,55.04,7.641
554.803,22533138.0,134463635456.0,122.874,158.805,223.762,505.442,0.0,0.0,49.361,49.361,59.05,8.897
551.402,22417872.0,144370663424.0,122.788,152.257,225.837,500.881,0.0,0.0,46.587,46.587,61.03,8.449
523.325,22289540.0,143287533568.0,111.58,159.249,185.365,456.194,0.0,0.0,51.774,51.809,56.72,9.893
478.845,22161240.0,142127284224.0,94.034,139.621,174.271,407.926,0.0,0.0,55.825,55.86,52.99,11.658
421.171,22039006.0,146476892160.0,81.745,110.901,159.692,352.338,0.0,0.0,54.083,54.083,50.47,12.841
420.332,21919882.0,156815900672.0,85.536,116.519,159.097,361.152,0.0,0.0,43.698,43.698,51.56,10.396
425.105,21797588.0,171448598528.0,88.459,124.172,153.281,365.912,0.0,0.0,43.841,43.841,53.55,10.313
441.307,21653530.0,185753403392.0,95.27,125.248,158.502,379.02,0.0,0.0,46.836,46.845,54.42,10.613
441.245,21481322.0,199208615936.0,106.617,111.209,171.302,389.129,0.0,0.0,38.453,38.462,54.84,8.715
457.324,21289292.0,222641553408.0,104.842,127.453,162.091,394.386,0.0,0.0,47.585,47.597,56.49,10.405
458.296,21092264.0,237715210240.0,99.982,123.243,161.927,385.152,0.0,0.0,57.861,57.88,59.41,12.625
467.623,20909406.0,267838078976.0,113.254,121.614,165.13,399.999,0.0,0.003,52.23,52.246,62.7,11.169
451.192,20744226.0,296749072384.0,114.209,121.899,148.422,384.53,0.0,0.008,45.146,45.745,61.68,10.006
452.447,20597516.0,330879238144.0,109.887,121.225,141.415,372.527,0.0,0.014,48.319,49.649,64.95,10.679
395.305,20466318.0,318474878976.0,87.612,107.874,123.049,318.535,0.003,0.025,43.382,45.277,57.73,10.974
398.933,20335212.0,326789267456.0,81.895,102.891,125.469,310.255,0.006,0.849,55.187,57.721,60.61,13.834
408.675,20220286.0,341004451840.0,95.465,105.706,129.152,330.323,0.003,3.826,40.629,47.255,62.0,9.942
392.96,20137112.0,339489751040.0,88.005,106.402,125.341,319.748,0.022,7.239,33.084,43.043,58.78,8.419
366.62,20066550.0,354085470208.0,68.356,97.088,114.427,279.87,1.145,12.319,40.318,56.365,58.55,10.997
380.507,19995836.0,363278368768.0,67.588,104.193,108.731,280.512,3.509,12.797,50.182,69.642,65.19,13.188
382.464,19906078.0,377295405056.0,70.09,105.929,103.708,279.727,5.337,19.02,44.792,72.658,65.92,11.711
382.57,19797820.0,345273794560.0,62.379,110.915,104.946,278.24,4.872,17.642,48.262,75.338,64.59,12.615
388.997,19698852.0,369827774464.0,62.51,116.108,112.903,291.52,4.939,19.712,38.573,68.085,63.95,9.916
396.421,19606778.0,386236481536.0,59.622,119.341,115.63,294.593,4.686,16.726,46.734,72.944,64.44,11.789
387.342,19524212.0,,57.781,123.754,107.75,289.284,4.687,17.853,41.071,69.525,59.18,10.603
369.376,19442040.0,,41.722,116.17,112.626,270.517,4.551,18.24,40.395,69.962,55.62,10.936
387.261,19328558.0,,47.127,122.158,115.69,284.974,4.456,17.207,45.561,73.953,59.13,11.765
360.686,19659270.0,,45.836,124.119,97.693,267.648,4.62,18.266,36.046,65.296,56.3,9.994
9555.139,142896384.0,1795626500096.0,2303.885,2936.284,3560.848,8801.017,,,472.308,472.308,962.0,4.943
9724.456,144046480.0,1840205398016.0,2366.461,2971.359,3602.143,8939.963,,,485.925,485.925,1001.4,4.997
10042.625,145312016.0,1838644330496.0,2402.564,2995.656,3809.967,9208.188,,,480.593,480.593,1047.3,4.786
10218.061,146464384.0,1868131729408.0,2367.102,2972.012,4020.562,9359.675,,,475.849,475.849,1065.5,4.657
10255.829,147341504.0,1881091735552.0,2288.867,3027.456,4080.336,9396.659,,,472.308,472.308,1076.5,4.605
10076.103,148005696.0,1834865262592.0,2120.213,2984.632,4141.95,9246.796,0.0,0.0,493.361,493.558,1082.2,4.896
9938.643,148455408.0,1777486528512.0,1942.911,2908.479,4249.548,9100.938,0.0,0.0,497.052,497.249,1068.163,5.001
9566.619,148725600.0,1555013173248.0,1825.707,2777.474,4113.449,8716.629,0.0,0.0,510.359,510.549,1008.45,5.335
8919.131,148897280.0,1449494315008.0,1647.87,2316.029,4101.487,8065.386,0.0,0.0,515.371,515.552,956.587,5.778
8138.424,148829120.0,1295583412224.0,1441.225,2046.037,3853.201,7340.464,0.0,0.0,520.211,520.395,875.914,6.392
7702.033,148557456.0,1270544072704.0,1388.346,1785.45,3724.451,6898.247,0.0,0.0,521.185,521.362,860.027,6.767
7413.202,148233408.0,1254719356928.0,1362.637,1539.509,3745.231,6647.377,0.0,0.0,456.29,456.462,847.183,6.155
7011.005,147939968.0,1299740884992.0,1256.448,1526.907,3454.083,6237.438,0.0,0.0,465.531,465.702,834.131,6.64
6997.946,147672720.0,1259447386112.0,1176.451,1462.641,3595.702,6234.794,0.0,0.0,468.674,468.848,827.158,6.697
7086.538,147336384.0,1369025019904.0,1185.993,1495.316,3584.661,6265.97,0.0,0.0,474.573,474.748,846.225,6.697
7214.09,146844848.0,1540482793472.0,1230.057,1465.806,3661.913,6357.776,0.0,0.006,485.171,485.409,833.47,6.725
7328.268,146235520.0,1650354421760.0,1199.908,1509.422,3721.688,6431.018,0.0,0.009,510.878,511.218,843.23,6.971
7298.46,145590144.0,1773704445952.0,1204.939,1456.214,3766.749,6427.902,0.0,0.018,473.359,473.869,846.88,6.486
7448.467,144946720.0,1946812547072.0,1212.413,1509.185,3855.952,6577.551,0.0,0.025,451.462,452.522,868.77,6.061
7514.088,144353648.0,2135166287872.0,1161.752,1488.477,3956.19,6606.419,0.0,0.02,506.24,507.522,886.23,6.737
7503.902,143800048.0,2320883253248.0,1099.903,1493.819,4004.01,6597.732,0.0,0.019,494.257,495.534,901.81,6.587
7836.936,143338672.0,2565919997952.0,1128.363,1569.591,4217.361,6915.315,0.0,0.015,493.066,494.482,942.42,6.292
7878.334,143117680.0,2852284792832.0,1092.244,1561.667,4288.172,6942.083,0.0,0.019,500.616,501.956,960.92,6.354
7914.625,143086544.0,3070320967680.0,1171.354,1611.649,4227.477,7010.48,0.0,0.015,463.041,464.386,984.95,5.85
7522.19,143163648.0,2897514594304.0,1071.749,1546.319,3977.893,6595.961,0.0,0.011,486.488,487.848,940.28,6.467
7814.577,143242592.0,3099422883840.0,1053.018,1604.92,4239.202,6897.14,0.0,0.012,462.089,463.549,983.34,5.913
8080.629,143364544.0,3300296753152.0,1093.418,1721.716,4356.361,7171.495,0.003,0.015,449.813,451.325,999.42,5.567
8128.429,143629360.0,3421750689792.0,1144.69,1780.806,4286.259,7211.754,0.012,0.014,448.181,449.555,1014.73,5.514
8032.607,143956864.0,3473313366016.0,1052.713,1785.025,4248.674,7086.412,0.029,0.012,493.712,495.035,1004.4,6.146
8057.55,144285072.0,3559951171584.0,1018.227,1875.539,4221.982,7115.749,0.433,0.26,469.743,471.897,1008.5,5.83
7930.555,144668384.0,3463078477824.0,1071.356,1812.358,4086.748,6970.462,0.904,0.399,452.402,454.966,1011.06,5.705
8092.628,145109152.0,3461967511552.0,1037.977,1845.685,4206.464,7090.127,1.254,0.397,494.213,497.423,1034.13,6.107
8141.66,145452544.0,3524075192320.0,976.106,1839.015,4311.006,7126.127,1.448,0.37,492.772,496.759,1037.14,6.052
8441.753,145652288.0,3613410459648.0,1007.856,1860.349,4544.993,7413.197,1.652,0.627,504.375,509.159,1047.59,5.975
8378.17,145742288.0,,990.76,1896.775,4443.127,7330.662,2.597,0.83,512.37,518.885,1063.58,6.116
8075.289,145617328.0,,914.234,1811.983,4234.834,6961.051,4.891,2.989,557.924,570.095,1044.91,6.909
8745.49,145102752.0,,951.683,1910.099,4746.141,7607.923,6.05,6.764,561.365,579.153,1110.36,6.419
8025.717,144713312.0,,887.356,1959.698,4080.453,6927.507,6.254,10.953,515.343,538.561,1114.93,6.421
1.061,5247537.0,8591535104.0,,,,,,,,,,
1.9,5441977.0,9053314048.0,,,,,,,,,,
1.904,5652908.0,9206470656.0,,,,,,,,,,
2.127,5859395.0,9744708608.0,,,,,,,,,,
3.203,6056736.0,9308494848.0,,,,,,,,,,
3.268,6266756.0,9696520192.0,,,,,,,,,,
3.263,6497813.0,10109707264.0,,,,,,,,,,
3.279,6735836.0,10096805888.0,,,,,,,,,,
3.267,6953975.0,10131944448.0,,,,,,,,,,
3.366,7141981.0,10042057728.0,,,,,,,,,,
3.521,7319970.0,9760500736.0,,,,,,,,,,
3.586,7485683.0,9167407104.0,,,,,,,,,,
3.603,7657202.0,9540358144.0,,,,,,,,,,
3.298,7904741.0,8498078720.0,,,,,,,,,,
3.371,6732668.0,4238310400.0,,,,,,,,,,
3.432,5686897.0,5523730944.0,,,,,,,,,,
3.394,6715510.0,6185432064.0,,,,,,,,,,
3.441,7666742.0,6891740672.0,,,,,,,,,,
3.492,7914653.0,7337659392.0,,,,,,,,,,
3.385,8009586.0,7619524608.0,,,,,,,,,,
2.901,8109994.0,8053573120.0,,,,,,,,,0.11,
2.854,8223950.0,8517812224.0,,,,,,,,,0.09,
2.918,8372310.0,9398588416.0,,,,,,,,,0.1,
2.904,8567993.0,9366090752.0,,,,,,,,,0.12,
2.799,8791855.0,9814557696.0,,,,,,,,,0.09,
2.714,9026297.0,10465366016.0,,,,,,,,,0.1,
2.632,9270073.0,11146534912.0,,,,,,,,,0.16,
2.692,9523177.0,11698685952.0,,,,,,,,,0.15,
2.832,9781999.0,12678515712.0,,,,,,,,,0.18,
2.984,10043736.0,13135721472.0,,,,,,,,,0.24,
3.35,10309032.0,13742205952.0,,,,,,,,,0.27,
3.723,10576932.0,14451292160.0,,,,,,,,,0.31,
4.085,10840331.0,15725583360.0,,,,,,,,,0.34,
4.338,11101352.0,16457678848.0,,,,,,,,,0.38,
4.586,11368450.0,17604784128.0,,,,,,,,,0.47,
5.079,11642963.0,18832035840.0,,,,,,,,,0.58,
5.125,11930902.0,19946534912.0,,,,,,,,,0.67,
5.612,12230343.0,21167263744.0,,,,,,,,,0.76,
6.155,12531810.0,22988918784.0,,,,,,,,,0.86,
6.746,12835029.0,,,,,,,,,,1.02,
6.532,13146367.0,,,,,,,,,,0.91,
6.345,13461891.0,,,,,,,,,,0.85,
0.014,6421.0,,,,,,,,,,,
0.012,6475.0,,,,,,,,,,,
0.012,6540.0,,,,,,,,,,,
0.012,6596.0,,,,,,,,,,,
0.012,6637.0,,,,,,,,,,,
0.013,6676.0,,,,,,,,,,,
0.013,6705.0,,,,,,,,,,,
0.026,6717.0,,,,,,,,,,,
0.026,6700.0,,,,,,,,,,,
0.026,6670.0,,,,,,,,,,,
0.026,6633.0,,,,,,,,,,,
0.013,6591.0,,,,,,,,,,,
0.013,6541.0,,,,,,,,,,,
0.013,6482.0,,,,,,,,,,,
0.013,6429.0,,,,,,,,,,,
0.013,6367.0,,,,,,,,,,,
0.013,6312.0,,,,,,,,,,,
0.013,6251.0,,,,,,,,,,,
0.013,6183.0,,,,,,,,,,,
0.013,6115.0,,,,,,,,,,,
0.051,6048.0,,,,,,,,,,0.0,
0.051,5971.0,,,,,,,,,,0.0,
0.054,5875.0,,,,,,,,,,0.0,
0.053,5771.0,,,,,,,,,,0.0,
0.035,5664.0,,,,,,,,,,0.0,
0.043,5557.0,,,,,,,,,,0.0,
0.04,5448.0,,,,,,,,,,0.0,
0.05,5338.0,,,,,,,,,,0.0,
0.041,5282.0,,,,,,,,,,0.0,
0.039,5306.0,,,,,,,,,,0.0,
0.044,5338.0,,,,,,,,,,0.0,
0.043,5377.0,,,,,,,,,,0.0,
0.047,5410.0,,,,,,,,,,0.0,
0.045,5446.0,,,,,,,,,,0.0,
0.043,5480.0,,,,,,,,,,0.0,
0.039,5520.0,,,,,,,,,,0.0,
0.04,5533.0,,,,,,,,,,0.0,
0.042,5521.0,,,,,,,,,,0.0,
0.04,5494.0,,,,,,,,,,0.0,
0.054,5470.0,,,,,,,,,,0.0,
0.051,5448.0,,,,,,,,,,0.0,
0.054,5428.0,,,,,,,,,,0.0,
0.242,43117.0,,,,,,,,,,,
0.241,42971.0,,,,,,,,,,,
0.241,42816.0,,,,,,,,,,,
0.241,42627.0,,,,,,,,,,,
0.242,42402.0,,,,,,,,,,,
0.241,42170.0,,,,,,,,,,,
0.206,41910.0,,,,,,,,,,,
0.206,41643.0,,,,,,,,,,,
0.22,41341.0,,,,,,,,,,,
0.219,41015.0,,,,,,,,,,,
0.219,40663.0,,,,,,,,,,,
0.295,40562.0,,,,,,,,,,,
0.295,40924.0,,,,,,,,,,,
0.36,41470.0,,,,,,,,,,,
0.422,42029.0,,,,,,,,,,,
0.36,42576.0,,,,,,,,,,,
0.423,43120.0,,,,,,,,,,,
0.422,43681.0,,,,,,,,,,,
0.422,44256.0,,,,,,,,,,,
0.422,44852.0,,,,,,,,,,,
0.771,45492.0,,,,,,,,,,0.09,
0.797,46013.0,,,,,,,,,,0.09,
0.872,46288.0,,,,,,,,,,0.1,
0.874,46456.0,,,,,,,,,,0.12,
0.945,46602.0,,,,,,,,,,0.12,
0.88,46752.0,,,,,,,,,,0.13,
0.912,46900.0,,,,,,,,,,0.13,
0.964,47038.0,,,,,,,,,,0.16,
0.963,47180.0,,,,,,,,,,0.17,
0.986,47310.0,,,,,,,,,,0.17,
0.993,47429.0,,,,,,,,,,0.18,
1.04,47605.0,,,,,,,,,,0.18,
1.035,47754.0,,,,,,,,,,0.2,
1.031,47793.0,,,,,,,,,,0.21,
1.044,47816.0,,,,,,,,,,0.21,
1.069,47814.0,,,,,,,,,,0.2,
1.097,47814.0,,,,,,,,,,0.21,
1.097,47811.0,,,,,,,,,,0.21,
1.11,47787.0,,,,,,,,,,0.22,
1.109,47739.0,,,,,,,,,,0.22,
0.936,47666.0,,,,,,,,,,0.21,
0.996,47631.0,,,,,,,,,,0.22,
0.468,121651.0,367342016.0,,,,,,,,,,
0.35,123929.0,378324000.0,,,,,,,,,,
0.467,126208.0,390852000.0,,,,,,,,,,
0.409,128455.0,410083008.0,,,,,,,,,,
0.41,130640.0,438987008.0,,,,,,,,,,
0.525,132770.0,472385984.0,,,,,,,,,,
0.527,134820.0,552881024.0,,,,,,,,,,
0.575,136792.0,566016000.0,,,,,,,,,,
0.734,138676.0,645164992.0,,,,,,,,,,
0.732,140471.0,692648000.0,,,,,,,,,,
0.732,142315.0,718014016.0,,,,,,,,,,
0.732,144287.0,732565376.0,,,,,,,,,,
0.734,146433.0,808957696.0,,,,,,,,,,
0.732,148610.0,829979968.0,,,,,,,,,,
0.865,150574.0,862136448.0,,,,,,,,,,
0.865,152368.0,889991168.0,,,,,,,,,,
0.867,153982.0,936978304.0,,,,,,,,,,
0.865,155472.0,951717696.0,,,,,,,,,,
0.865,156872.0,1031515648.0,,,,,,,,,,
0.865,158272.0,1081004032.0,,,,,,,,,,
1.465,159513.0,1100265088.0,,,,,,,,,0.26,
1.589,160611.0,1080200320.0,,,,,,,,,0.27,
1.436,161814.0,1106971904.0,,,,,,,,,0.27,
1.588,163060.0,1185932160.0,,,,,,,,,0.28,
1.594,164252.0,1306608256.0,,,,,,,,,0.29,
1.644,165394.0,1321769088.0,,,,,,,,,0.3,
1.659,166476.0,1443383680.0,,,,,,,,,0.31,
1.715,167524.0,1491085440.0,,,,,,,,,0.32,
1.763,168584.0,1589069440.0,,,,,,,,,0.33,
1.719,169694.0,1609861504.0,,,,,,,,,0.34,
1.797,170950.0,1619438336.0,,,,,,,,,0.36,
1.824,172157.0,1661309952.0,,,,,,,,,0.36,
1.816,173139.0,1630854016.0,,,,,,,,,0.36,
1.811,173992.0,1636030976.0,,,,,,,,,0.36,
1.829,174814.0,1635704960.0,,,,,,,,,0.36,
1.841,175638.0,1670339968.0,,,,,,,,,0.36,
1.861,176429.0,1678211968.0,,,,,,,,,0.37,
2.017,177175.0,1722539136.0,,,,,,,,,0.38,
1.855,177894.0,1733778304.0,,,,,,,,,0.37,
2.725,178594.0,,,,,,,,,,0.35,
2.296,179245.0,,,,,,,,,,0.33,
2.443,179663.0,,,,,,,,,,0.35,
0.624,6126.0,,,,,,,,,,,
0.622,6114.0,,,,,,,,,,,
0.56,6104.0,,,,,,,,,,,
0.622,6150.0,,,,,,,,,,,
0.624,6205.0,,,,,,,,,,,
0.56,6253.0,,,,,,,,,,,
0.689,6289.0,,,,,,,,,,,
0.886,6322.0,,,,,,,,,,,
0.89,6344.0,,,,,,,,,,,
1.075,6343.0,,,,,,,,,,,
1.011,6345.0,,,,,,,,,,,
0.95,6374.0,,,,,,,,,,,
0.875,6396.0,,,,,,,,,,,
0.498,6423.0,,,,,,,,,,,
0.509,6430.0,,,,,,,,,,,
0.322,6439.0,,,,,,,,,,,
0.323,6436.0,,,,,,,,,,,
0.187,6415.0,,,,,,,,,,,
0.249,6365.0,,,,,,,,,,,
0.249,6319.0,,,,,,,,,,,
0.281,6300.0,,,,,,,,,,0.04,
0.281,6283.0,,,,,,,,,,0.04,
0.307,6264.0,,,,,,,,,,0.05,
0.345,6228.0,,,,,,,,,,0.05,
0.333,6186.0,,,,,,,,,,0.05,
0.345,6135.0,,,,,,,,,,0.04,
0.345,6105.0,,,,,,,,,,0.04,
0.358,6090.0,,,,,,,,,,0.04,
0.358,6085.0,,,,,,,,,,0.04,
0.358,6077.0,,,,,,,,,,0.04,
0.377,6075.0,,,,,,,,,,0.04,
0.379,6066.0,,,,,,,,,,0.04,
0.374,6048.0,,,,,,,,,,0.04,
0.383,6027.0,,,,,,,,,,0.04,
0.399,6013.0,,,,,,,,,,0.05,
0.399,6001.0,,,,,,,,,,0.05,
0.406,5990.0,,,,,,,,,,0.05,
0.399,5980.0,,,,,,,,,,0.05,
0.434,5969.0,,,,,,,,,,0.05,
0.373,5952.0,,,,,,,,,,0.05,
0.341,5930.0,,,,,,,,,,0.05,
0.345,5905.0,,,,,,,,,,0.05,
0.225,107499.0,,,,,,,,,,,
0.225,108209.0,,,,,,,,,,,
0.228,108989.0,,,,,,,,,,,
0.228,109700.0,,,,,,,,,,,
0.24,110344.0,,,,,,,,,,,
0.252,110925.0,,,,,,,,,,,
0.231,111406.0,,,,,,,,,,,
0.24,111789.0,,,,,,,,,,,
0.28,112098.0,,,,,,,,,,,
0.388,112334.0,,,,,,,,,,,
0.366,112507.0,,,,,,,,,,,
0.318,112802.0,,,,,,,,,,,
0.402,113235.0,,,,,,,,,,,
0.347,113639.0,,,,,,,,,,,
0.577,113965.0,,,,,,,,,,,
0.633,114187.0,,,,,,,,,,,
0.578,114301.0,,,,,,,,,,,
0.666,114290.0,,,,,,,,,,,
0.73,114177.0,,,,,,,,,,,
0.73,114009.0,,,,,,,,,,,
0.701,113832.0,,,,,,,,,,0.09,
0.811,113653.0,,,,,,,,,,0.1,
0.877,113466.0,,,,,,,,,,0.1,
0.919,113119.0,,,,,,,,,,0.1,
1.015,112621.0,,,,,,,,,,0.12,
1.019,112056.0,,,,,,,,,,0.13,
1.011,111443.0,,,,,,,,,,0.12,
1.03,110836.0,,,,,,,,,,0.13,
1.031,110333.0,,,,,,,,,,0.13,
1.387,109852.0,,,,,,,,,,0.13,
1.025,109324.0,,,,,,,,,,0.14,
0.95,108722.0,,,,,,,,,,0.14,
1.152,108105.0,,,,,,,,,,0.14,
0.942,107469.0,,,,,,,,,,0.13,
0.971,106934.0,,,,,,,,,,0.13,
0.995,106493.0,,,,,,,,,,0.14,
0.993,105971.0,,,,,,,,,,0.15,
1.144,105568.0,,,,,,,,,,0.14,
1.053,105297.0,,,,,,,,,,0.14,
0.907,104940.0,,,,,,,,,,0.14,
0.815,104644.0,,,,,,,,,,0.15,
0.86,104340.0,,,,,,,,,,0.16,
0.439,164921.0,,,,,,,,,,,
0.438,166201.0,,,,,,,,,,,
0.512,166899.0,,,,,,,,,,,
0.513,166956.0,,,,,,,,,,,
0.645,166790.0,,,,,,,,,,,
0.528,166533.0,,,,,,,,,,,
0.477,166369.0,,,,,,,,,,,
0.471,166786.0,,,,,,,,,,,
0.472,167464.0,,,,,,,,,,,
0.596,167904.0,,,,,,,,,,,
0.596,168202.0,,,,,,,,,,,
0.596,168713.0,,,,,,,,,,,
0.556,169817.0,,,,,,,,,,,
0.61,171375.0,,,,,,,,,,,
0.61,173120.0,,,,,,,,,,,
0.613,174917.0,,,,,,,,,,,
0.627,176732.0,,,,,,,,,,,
0.633,178555.0,,,,,,,,,,,
0.648,180392.0,,,,,,,,,,,
0.664,182224.0,,,,,,,,,,,
0.929,184022.0,,,,,,,,,,0.1,
0.993,185542.0,,,,,,,,,,0.11,
1.049,186645.0,,,,,,,,,,0.12,
1.058,187455.0,,,,,,,,,,0.11,
1.058,188083.0,,,,,,,,,,0.11,
1.071,188634.0,,,,,,,,,,0.11,
1.107,189384.0,,,,,,,,,,0.11,
1.181,190490.0,,,,,,,,,,0.11,
1.212,191791.0,,,,,,,,,,0.11,
1.268,193189.0,,,,,,,,,,0.11,
1.266,194686.0,,,,,,,,,,0.11,
1.281,196364.0,,,,,,,,,,0.12,
1.24,198131.0,,,,,,,,,,0.11,
1.203,199952.0,,,,,,,,,,0.11,
1.223,201769.0,,,,,,,,,,0.12,
1.419,203586.0,,,,,,,,,,0.13,
1.512,205559.0,,,,,,,,,,0.14,
1.526,207642.0,,,,,,,,,,0.14,
1.514,209715.0,,,,,,,,,,0.15,
1.631,211915.0,,,,,,,,,,0.15,
1.552,214934.0,,,,,,,,,,0.16,
1.598,218781.0,,,,,,,,,,0.17,
0.14,97225.0,299108000.0,,,,,,,,,,
0.14,99186.0,267168000.0,,,,,,,,,,
0.143,100949.0,276065984.0,,,,,,,,,,
0.137,102664.0,265600000.0,,,,,,,,,,
0.144,104514.0,249594000.0,,,,,,,,,,
0.143,106624.0,272688000.0,,,,,,,,,,
0.153,108978.0,256308000.0,,,,,,,,,,
0.156,111627.0,250591008.0,,,,,,,,,,
0.156,114528.0,254744992.0,,,,,,,,,,
0.156,117458.0,261708000.0,,,,,,,,,,
0.28,120355.0,257172000.0,,,,,,,,,,
0.296,123101.0,262157968.0,,,,,,,,,,
0.296,125663.0,264441184.0,,,,,,,,,,
0.295,128195.0,268616544.0,,,,,,,,,,
0.358,130679.0,275609568.0,,,,,,,,,,
0.358,133094.0,281874144.0,,,,,,,,,,
0.358,135423.0,288736960.0,,,,,,,,,,
0.357,137672.0,291643200.0,,,,,,,,,,
0.354,139801.0,300902176.0,,,,,,,,,,
0.36,141823.0,310102880.0,,,,,,,,,,
0.292,143729.0,312853568.0,,,,,,,,,0.03,
0.273,146271.0,323367296.0,,,,,,,,,0.02,
0.309,149852.0,330763136.0,,,,,,,,,0.03,
0.344,153774.0,356840544.0,,,,,,,,,0.03,
0.389,157714.0,370949152.0,,,,,,,,,0.04,
0.411,161697.0,400193568.0,,,,,,,,,0.04,
0.438,165739.0,436915680.0,,,,,,,,,0.04,
0.455,169859.0,454094464.0,,,,,,,,,0.04,
0.491,174019.0,491548800.0,,,,,,,,,0.05,
0.522,178145.0,507380512.0,,,,,,,,,0.05,
0.563,182154.0,544428736.0,,,,,,,,,0.05,
0.583,186058.0,572220032.0,,,,,,,,,0.06,
0.616,189936.0,588710976.0,,,,,,,,,0.06,
0.616,193765.0,619718016.0,,,,,,,,,0.07,
0.616,197511.0,660060032.0,,,,,,,,,0.08,
0.644,201142.0,687729984.0,,,,,,,,,0.08,
0.665,204640.0,717552000.0,,,,,,,,,0.09,
0.676,208050.0,748015744.0,,,,,,,,,0.09,
0.666,211358.0,762655232.0,,,,,,,,,0.09,
0.734,214612.0,,,,,,,,,,0.09,
0.701,218650.0,,,,,,,,,,0.1,
0.739,223118.0,,,,,,,,,,0.1,
,2123533.0,,,,,,,,,,,
,2126448.0,,,,,,,,,,,
,2131279.0,,,,,,,,,,,
,2138024.0,,,,,,,,,,,
,2144761.0,,,,,,,,,,,
,2151490.0,,,,,,,,,,,
,2158212.0,,,,,,,,,,,
,2164925.0,,,,,,,,,,,
,2171629.0,,,,,,,,,,,
,2179364.0,,,,,,,,,,,
,2188136.0,,,,,,,,,,,
,2197948.0,,,,,,,,,,,
,2208805.0,,,,,,,,,,,
,2220711.0,2558256128.0,,,,,,,,,,
,2232649.0,,,,,,,,,,,
,2244619.0,,,,,,,,,,,
,2256620.0,,,,,,,,,,,
,2268652.0,,,,,,,,,,,
,2289522.0,,,,,,,,,,,
,2310584.0,,,,,,,,,,,
,2331840.0,,,,,,,,,,,
,2353292.0,,,,,,,,,,,
,2374941.0,,,,,,,,,,,
,2396789.0,,,,,,,,,,,
,2418838.0,,,,,,,,,,,
,2441089.0,,,,,,,,,,,
,2463546.0,,,,,,,,,,,
,2486209.0,,,,,,,,,,,
,2509080.0,,,,,,,,,,,
,2532162.0,,,,,,,,,,,
,2555457.0,,,,,,,,,,,
,2578965.0,,,,,,,,,,,
,2602690.0,,,,,,,,,,,
,2626633.0,,,,,,,,,,,
,2650797.0,,,,,,,,,,,
,2675182.0,,,,,,,,,,,
,2699792.0,,,,,,,,,,,
,2724629.0,,,,,,,,,,,
,2749693.0,,,,,,,,,,,
,2774989.0,,,,,,,,,,,
,2800517.0,,,,,,,,,,,
,2826280.0,,,,,,,,,,,
,2852280.0,,,,,,,,,,,
,2878519.0,,,,,,,,,,,
,2905000.0,,,,,,,,,,,
,2931724.0,,,,,,,,,,,
,2958694.0,,,,,,,,,,,
,2985912.0,,,,,,,,,,,
,3013381.0,,,,,,,,,,,
,3047907.0,,,,,,,,,,,
,3089697.0,13725452288.0,,,,,,,,,,
,3183591.0,14877753344.0,,,,,,,,,,
,3279349.0,15770350592.0,,,,,,,,,,
,3377026.0,17330354176.0,,,,,,,,,,
,3477536.0,19312689152.0,,,,,,,,,,
,3581915.0,19764910080.0,,,,,,,,,,
,3690031.0,21216282624.0,,,,,,,,,,
,3802028.0,21974499328.0,,,,,,,,,,
,3916802.0,23054381056.0,,,,,,,,,,
,4036573.0,25431386112.0,,,,,,,,,,
,4165566.0,27970088960.0,,,,,,,,,,
,4306057.0,31288375296.0,,,,,,,,,,
,4458521.0,35021361152.0,,,,,,,,,,
,4621661.0,38070411264.0,,,,,,,,,,
,4795133.0,41424949248.0,,,,,,,,,,
235.14,4978924.0,46439223296.0,0.0,229.136,6.004,235.14,,,0.0,0.0,,0.0
238.322,5173240.0,53195042816.0,0.0,231.102,7.22,238.322,,,0.0,0.0,,0.0
241.765,5381032.0,57878675456.0,0.0,233.068,8.697,241.765,,,0.0,0.0,,0.0
245.518,5604583.0,63038984192.0,0.0,235.059,10.459,245.518,,,0.0,0.0,,0.0
249.663,5844855.0,67871506432.0,0.0,237.071,12.592,249.663,,,0.0,0.0,,0.0
262.855,6106192.0,74243293184.0,0.0,247.494,15.361,262.855,,,0.0,0.0,,0.0
263.272,6396665.0,84937220096.0,0.0,250.456,12.816,263.272,0.0,0.0,0.0,0.0,,0.0
282.169,6724259.0,97984577536.0,0.0,267.644,14.525,282.169,0.0,0.0,0.0,0.0,,0.0
301.0,7088765.0,117324595200.0,0.0,283.9,17.1,301.0,0.0,0.0,0.0,0.0,,0.0
319.354,7483511.0,135018029056.0,0.0,297.713,21.641,319.354,0.0,0.0,0.0,0.0,,0.0
253.261,7897541.0,135364157440.0,0.0,227.516,25.745,253.261,0.0,0.0,0.0,0.0,,0.0
292.794,8319558.0,147051528192.0,0.0,265.002,27.792,292.794,0.0,0.0,0.0,0.0,,0.0
345.762,8755223.0,169267986432.0,0.0,306.651,39.111,345.763,0.0,0.0,0.0,0.0,,0.0
385.336,9210568.0,179340345344.0,0.0,331.404,53.931,385.336,0.0,0.0,0.0,0.0,,0.0
466.843,9682002.0,191331696640.0,0.0,400.628,66.215,466.843,0.0,0.0,0.0,0.0,,0.0
419.916,10171712.0,210662326272.0,0.0,327.538,92.378,419.916,0.0,0.0,0.0,0.0,,0.0
501.237,10678218.0,227352166400.0,0.0,393.526,107.711,501.237,0.0,0.0,0.0,0.0,,0.0
551.853,11201155.0,231114686464.0,0.0,437.691,114.161,551.853,0.0,0.0,0.0,0.0,,0.0
597.982,11746019.0,206256832512.0,0.0,486.509,111.473,597.982,0.0,0.0,0.0,0.0,,0.0
715.298,12310362.0,206035222528.0,0.0,542.398,172.9,715.298,0.0,0.0,0.0,0.0,,0.0
729.734,12890250.0,192246218752.0,0.0,551.134,178.6,729.734,0.0,0.0,0.0,0.0,51.654,0.0
784.659,13483356.0,180536016896.0,0.0,545.259,239.4,784.659,0.0,0.0,0.0,0.0,55.685,0.0
831.738,14089800.0,188872491008.0,0.0,577.138,254.6,831.738,0.0,0.0,0.0,0.0,65.0,0.0
870.275,14713717.0,194907914240.0,0.0,593.825,276.45,870.275,0.0,0.0,0.0,0.0,70.091,0.0
856.545,15353231.0,201950986240.0,0.0,573.445,283.1,856.545,0.0,0.0,0.0,0.0,75.73,0.0
928.337,16004768.0,230231015424.0,0.0,609.897,318.44,928.337,0.0,0.0,0.0,0.0,79.88,0.0
972.452,16654283.0,279282647040.0,0.0,638.337,334.115,972.452,0.0,0.0,0.0,0.0,84.996,0.0
981.756,17281352.0,306153193472.0,0.0,618.381,363.375,981.756,0.0,0.0,0.0,0.0,93.473,0.0
1002.85,17846472.0,318108073984.0,0.0,622.47,380.38,1002.85,0.0,0.0,0.0,0.0,102.669,0.0
1159.58,18367526.0,336600596480.0,0.0,753.265,406.315,1159.58,0.0,0.0,0.0,0.0,106.046,0.0
1130.006,18888862.0,354480717824.0,0.0,722.171,407.835,1130.006,0.0,0.0,0.0,0.0,109.928,0.0
1168.553,19410278.0,381901504512.0,0.0,746.658,421.895,1168.553,0.0,0.0,0.0,0.0,112.167,0.0
1190.249,19938380.0,404884848640.0,0.0,759.519,430.73,1190.249,0.0,0.0,0.0,0.0,119.104,0.0
1252.577,20472576.0,436679278592.0,0.0,807.787,444.79,1252.577,0.0,0.0,0.0,0.0,126.168,0.0
1275.43,21009664.0,440714592256.0,0.0,836.53,438.9,1275.43,0.0,0.0,0.0,0.0,130.999,0.0
1334.88,21547398.0,488694415360.0,0.0,861.685,473.195,1334.88,0.0,0.0,,,138.68,
1422.332,22085932.0,507467235328.0,0.092,912.186,510.055,1422.332,0.0,0.0,,,146.09,
1481.383,22623412.0,518914113536.0,0.144,942.589,538.65,1481.383,0.0,0.0,,,154.91,
1569.191,23150850.0,608022953984.0,0.184,998.437,570.57,1569.191,0.0,0.0,,,166.58,
1702.448,23661804.0,691927973888.0,0.164,1078.324,623.96,1702.448,0.0,0.0,,,173.41,
1811.106,24397652.0,770496462848.0,0.325,1134.001,676.78,1811.106,0.0,0.0,,,191.05,
1900.17,25382870.0,835772416000.0,0.231,1202.06,697.88,1900.17,0.0,0.0,,,196.31,
1944.057,26400066.0,898734227456.0,0.645,1236.422,706.99,1944.057,0.0,0.0,,,204.43,
2128.464,27437352.0,1008968663040.0,0.746,1363.536,764.18,2128.462,0.002,0.0,,,204.2,
2205.138,28483800.0,1045205417984.0,0.273,1459.588,745.275,2205.136,0.002,0.0,,,217.31,
2451.107,29411930.0,1159438139392.0,0.786,1617.539,832.77,2451.095,0.011,0.0,,,240.06,
2557.291,30150952.0,1355526832128.0,0.766,1680.04,876.47,2557.276,0.015,0.0,,,250.08,
2714.21,30821554.0,1438371676160.0,0.898,1769.607,943.635,2714.14,0.07,0.0,,,271.71,
2731.22,31482502.0,1486736457728.0,1.149,1779.671,950.285,2731.104,0.116,0.0,,,284.06,
2931.717,32125570.0,1550550827008.0,1.593,1957.39,972.61,2931.593,0.124,0.0,,,311.86,
3056.625,32749838.0,1621729738752.0,1.036,2063.19,992.275,3056.502,0.124,0.0,,,338.39,
3179.844,33416272.0,1649723179008.0,0.855,2125.696,1053.17,3179.721,0.123,0.0,,,337.43,
3181.819,34193120.0,1637482233856.0,1.34,2087.792,1092.502,3181.633,0.173,0.013,,,354.37,
3101.677,35018132.0,1677338607616.0,1.114,1979.128,1121.0,3101.243,0.422,0.013,,,334.86,
2973.287,35827364.0,,1.173,1860.054,1111.5,2972.727,0.545,0.015,,,335.45,
2890.927,35997108.0,,1.028,1758.84,1130.5,2890.368,0.544,0.015,,,338.03,
2987.546,35950396.0,,1.279,1839.473,1144.607,2985.358,2.173,0.015,,,356.62,
3193.319,36408824.0,,1.279,1986.281,1203.577,3191.137,2.167,0.015,,,401.588,
10.246,5703873.0,11696174080.0,,,,,,,,,,
10.218,5852029.0,11610721280.0,,,,,,,,,,
10.218,6008391.0,13375981568.0,,,,,,,,,,
9.617,6171882.0,13711421440.0,,,,,,,,,,
12.054,6341803.0,13074190336.0,,,,,,,,,,
11.42,6520707.0,13570220032.0,,,,,,,,,,
11.72,6710889.0,14225651712.0,,,,,,,,,,
11.862,6909836.0,14808651776.0,,,,,,,,,,
10.168,7113639.0,15564026880.0,,,,,,,,,,
10.511,7321837.0,15304410112.0,,,,,,,,,,
10.639,7536003.0,15993263104.0,,,,,,,,,,
9.824,7754296.0,16307771392.0,,,,,,,,,,
11.899,7974512.0,16415511552.0,,,,,,,,,,
12.407,8196551.0,16529391616.0,,,,,,,,,,
14.965,8417001.0,16428695552.0,,,,,,,,,,
16.198,8632684.0,17210296320.0,,,,,,,,,,
16.336,8843426.0,17466716160.0,,,,,,,,,,
14.921,9051545.0,17903980544.0,,,,,,,,,,
15.876,9261531.0,18848458752.0,,,,,,,,,,
17.482,9478565.0,19929669632.0,,,,,,,,,,
19.907,9704291.0,20451864576.0,,,,,,,,,1.44,
21.695,9938028.0,21264652288.0,,,,,,,,,1.68,
22.512,10180944.0,21278959616.0,,,,,,,,,1.79,
22.696,10434505.0,22579513344.0,,,,,,,,,1.9,
24.011,10698699.0,23766556672.0,,,,,,,,,1.99,
24.914,10974066.0,24954050560.0,,,,,,,,,2.26,
24.466,11263389.0,25426415616.0,,,,,,,,,2.28,
26.382,11563878.0,26522044416.0,,,,,,,,,2.46,
27.041,11872933.0,27345926144.0,,,,,,,,,2.59,
25.887,12195028.0,27841705984.0,,,,,,,,,2.65,
26.842,12530128.0,28867536896.0,,,,,,,,,2.82,
28.12,12875878.0,29228466176.0,,,,,,,,,2.86,
27.67,13231840.0,30546520064.0,,,,,,,,,3.16,
28.786,13595571.0,31644256256.0,,,,,,,,,3.3,
31.948,13970314.0,33021583360.0,,,,,,,,,3.64,
37.052,14356191.0,35168681984.0,,,,,,,,,3.89,
35.844,14751356.0,37469413376.0,,,,,,,,,4.17,
38.04,15157793.0,40244772864.0,,,,,,,,,4.48,
39.586,15574910.0,42805547008.0,,,,,,,,,4.67,
44.056,16000783.0,,,,,,,,,,5.17,
41.623,16436120.0,,,,,,,,,,5.23,
42.28,16876726.0,,,,,,,,,,5.62,
,7987530.0,75948515328.0,,,,,,,,,38.97,
,7964455.0,68665327616.0,,,,,,,,,37.67,
,7943504.0,50650013696.0,,,,,,,,,34.31,
,7957074.0,36015632384.0,,,,,,,,,29.96,
,7969952.0,37817208832.0,,,,,,,,,30.82,
,7982463.0,40959922176.0,,,,,,,,,32.18,
,7993447.0,44013043712.0,,,,,,,,,32.31,
,7997524.0,48378785792.0,,,,,,,,,35.19,
,7985509.0,50685452288.0,,,,,,,,,35.23,
,7959748.0,42474164224.0,,,,,,,,,30.83,
,7935023.0,46079098880.0,,,,,,,,,31.95,
,7917792.0,49386606592.0,,,,,,,,,32.57,
,7904272.0,53983948800.0,,,,,,,,,33.24,
,7887466.0,57552822272.0,,,,,,,,,34.26,
,7863399.0,64033292288.0,,,,,,,,,37.19,
,7830944.0,69008318464.0,,,,,,,,,35.86,
205.23,7794792.0,74031546368.0,,,,,,,,,35.87,
204.417,7758181.0,80197312512.0,,,,,,,,,35.97,
203.662,7722801.0,86373416960.0,,,,,,,,,36.82,
194.435,7688037.0,85427576832.0,,,,,,,,,37.71,
200.621,7653749.0,87870480384.0,,,,,,,,,37.42,
202.774,7620925.0,91111448576.0,,,,,,,,,38.02,
190.979,7591357.0,90113466368.0,,,,,,,,,36.19,
190.347,7566674.0,92449742848.0,,,,,,,,,39.23,
169.549,7543965.0,90886283264.0,,,,,,,,,33.44,
187.723,7519501.0,91611774976.0,,,,,,,,,37.59,
192.316,7493288.0,94185455616.0,,,,,,,,,38.61,
196.767,7464882.0,95918284800.0,,,,,,,,,36.44,
196.858,7433825.0,99972055040.0,,,,,,,,,36.67,
196.889,7401056.0,,,,,,,,,,36.86,
192.868,7358010.0,,,,,,,,,,37.23,
201.689,7296771.0,,,,,,,,,,37.53,
,7221365.0,,,,,,,,,,36.18,
250.072,10450000.0,,,,,,,,,,,
211.179,10560000.0,,,,,,,,,,,
208.399,10680000.0,,,,,,,,,,,
231.2,10860000.0,,,,,,,,,,,
270.554,11000000.0,,,,,,,,,,,
286.799,11030000.0,,,,,,,,,,,
291.386,11000000.0,,,,,,,,,,,
234.229,10890000.0,,,,,,,,,,,
236.466,10850000.0,,,,,,,,,,,
245.656,10860000.0,,,,,,,,,,,
270.684,10830000.0,,,,,,,,,,,
273.289,10820000.0,,,,,,,,,,,
280.956,10830000.0,,,,,,,,,,,
264.978,10830000.0,,,,,,,,,,,
0.939,65310.0,411136000.0,,,,,,,,,,
0.749,65951.0,385320000.0,,,,,,,,,,
0.687,66453.0,376089984.0,,,,,,,,,,
1.186,66879.0,372108000.0,,,,,,,,,,
1.252,67363.0,397980000.0,,,,,,,,,,
1.311,67854.0,441195008.0,,,,,,,,,,
1.246,68343.0,448868000.0,,,,,,,,,,
1.316,68925.0,464236000.0,,,,,,,,,,
1.942,69605.0,490865984.0,,,,,,,,,,
2.021,70360.0,542849984.0,,,,,,,,,,
1.805,71073.0,584969024.0,,,,,,,,,,
2.047,71773.0,617088512.0,,,,,,,,,,
2.029,72435.0,679251008.0,,,,,,,,,,
2.086,73057.0,730723712.0,,,,,,,,,,
2.086,73863.0,744501056.0,,,,,,,,,,
2.16,74753.0,760132160.0,,,,,,,,,,
2.165,75570.0,795643264.0,,,,,,,,,,
2.294,76554.0,929711808.0,,,,,,,,,,
2.294,77683.0,1062691392.0,,,,,,,,,,
2.294,78848.0,1110391424.0,,,,,,,,,,
3.761,80073.0,1136006784.0,,,,,,,,,0.18,
4.046,81278.0,1137693056.0,,,,,,,,,0.18,
3.523,82448.0,1181094272.0,,,,,,,,,0.2,
3.514,83613.0,1134551424.0,,,,,,,,,0.21,
4.905,84733.0,1140079488.0,,,,,,,,,0.21,
4.468,85907.0,1274495360.0,,,,,,,,,0.22,
4.747,87110.0,1430092032.0,,,,,,,,,0.24,
3.902,88339.0,1619623040.0,,,,,,,,,0.25,
4.254,89660.0,1625803008.0,,,,,,,,,0.25,
4.637,91046.0,1630727680.0,,,,,,,,,0.26,
4.193,92424.0,1772951680.0,,,,,,,,,0.28,
3.601,93842.0,1917505024.0,,,,,,,,,0.38,
4.143,95319.0,1991699968.0,,,,,,,,,0.39,
3.742,96730.0,2096275968.0,,,,,,,,,0.41,
4.376,98016.0,2231000064.0,,,,,,,,,0.42,
4.536,99260.0,2363480064.0,,,,,,,,,0.44,
5.05,100521.0,2476032000.0,,,,,,,,,0.47,
5.267,101828.0,2589720576.0,,,,,,,,,0.48,
4.672,103120.0,2794612992.0,,,,,,,,,0.49,
4.778,104386.0,,,,,,,,,,0.53,
4.613,105545.0,,,,,,,,,,0.6,
4.891,106486.0,,,,,,,,,,0.65,
3.139,3367486.0,5282639872.0,,,,,,,,,,
3.13,3437109.0,5494230016.0,,,,,,,,,,
3.381,3509202.0,5589919744.0,,,,,,,,,,
3.13,3585781.0,5584949760.0,,,,,,,,,,
3.139,3666263.0,5825783808.0,,,,,,,,,,
3.443,3749425.0,5961829888.0,,,,,,,,,,
3.635,3842925.0,6047839232.0,,,,,,,,,,
3.983,3947870.0,6294624256.0,,,,,,,,,,
4.334,4056222.0,6451968000.0,,,,,,,,,,
4.215,4159166.0,6673088000.0,,,,,,,,,,
4.277,4325390.0,6912779776.0,,,,,,,,,,
4.531,4378175.0,6361130496.0,,,,,,,,,,
3.275,4301575.0,5753195008.0,,,,,,,,,,
3.27,4295693.0,5761167360.0,,,,,,,,,,
3.104,4314956.0,5967832064.0,,,,,,,,,,
3.569,4324151.0,5367842304.0,,,,,,,,,,
3.517,4347381.0,4041803264.0,,,,,,,,,,
3.697,4405034.0,3333148416.0,,,,,,,,,,
3.697,4449981.0,3306703872.0,,,,,,,,,,
3.697,4475156.0,3041564672.0,,,,,,,,,,
1.876,4584074.0,3156876032.0,,,,,,,,,0.08,
2.354,4857106.0,3731874048.0,,,,,,,,,0.13,
2.369,5140120.0,4723204096.0,,,,,,,,,0.15,
2.433,5350917.0,5165014528.0,,,,,,,,,0.14,
2.428,5533329.0,5509297664.0,,,,,,,,,0.12,
2.199,5683338.0,5761186816.0,,,,,,,,,0.08,
2.661,5809778.0,6009264128.0,,,,,,,,,0.04,
2.513,5939169.0,6495486464.0,,,,,,,,,0.06,
2.473,6090861.0,6848798208.0,,,,,,,,,0.06,
2.482,6259845.0,7073732608.0,,,,,,,,,0.06,
2.95,6436699.0,7455364096.0,,,,,,,,,0.16,
3.734,6612390.0,7933356032.0,,,,,,,,,0.17,
4.146,6788594.0,9134189568.0,,,,,,,,,0.18,
4.825,6964867.0,11029544960.0,,,,,,,,,0.15,
5.306,7140700.0,11528208384.0,,,,,,,,,0.19,
4.335,7314779.0,9188877312.0,,,,,,,,,0.19,
4.433,7493918.0,9744760832.0,,,,,,,,,0.22,
4.405,7677570.0,10133819392.0,,,,,,,,,0.23,
4.467,7861287.0,10628815872.0,,,,,,,,,0.26,
4.128,8046830.0,,,,,,,,,,0.21,
3.957,8233973.0,,,,,,,,,,0.21,
4.148,8420642.0,,,,,,,,,,0.21,
47.888,1860652.0,7530617856.0,0.047,47.841,,,,,0.0,0.0,,
54.744,1906851.0,8350804992.0,0.058,54.686,,,,,0.0,0.0,,
65.756,1950286.0,9375801344.0,0.035,65.721,,,,,0.0,0.0,,
81.735,1990680.0,10651528192.0,0.07,81.665,,,,,0.0,0.0,,
80.319,2027412.0,12114067456.0,0.035,80.284,,,,,0.0,0.0,,
87.205,2061833.0,13795471360.0,0.035,87.17,,,,,0.0,0.0,,
75.698,2095907.0,15462202368.0,0.046,75.652,,,0.0,0.0,0.0,0.0,,
94.788,2131574.0,17552822272.0,0.035,94.753,,,0.0,0.0,0.0,0.0,,
89.327,2168370.0,19504541696.0,0.05,89.276,,,0.0,0.0,0.0,0.0,,
88.059,2202332.0,20768356352.0,0.062,87.997,,,0.0,0.0,0.0,0.0,,
85.986,2232434.0,21725485056.0,0.015,85.971,,,0.0,0.0,0.0,0.0,,
101.992,2261945.0,23341207552.0,0.039,101.953,,,0.0,0.0,0.0,0.0,,
102.375,2292169.0,25089986560.0,0.05,102.324,,,0.0,0.0,0.0,0.0,,
105.374,2323256.0,27273517056.0,0.054,105.32,,,0.0,0.0,0.0,0.0,,
112.333,2358236.0,29843804160.0,0.008,112.325,,,0.0,0.0,0.0,0.0,,
111.571,2400734.0,32831453184.0,0.035,111.537,,,0.0,0.0,0.0,0.0,,
128.36,2451730.0,36344500224.0,0.054,128.306,,,0.0,0.0,0.0,0.0,,
124.894,2507222.0,38947999744.0,0.019,124.875,,,0.0,0.0,0.0,0.0,,
132.312,2564775.0,42275213312.0,0.038,132.274,,,0.0,0.0,0.0,0.0,,
139.103,2624375.0,45996859392.0,0.058,139.044,,,0.0,0.0,0.0,0.0,,
141.894,2685987.0,45678538752.0,0.132,141.762,,,0.0,0.0,0.0,0.0,9.876,
164.756,2749737.0,46286409728.0,0.082,164.403,,,0.0,0.0,0.0,0.271,10.576,
173.237,2814749.0,51266056192.0,0.136,172.829,,,0.0,0.0,0.0,0.271,11.814,
200.43,2880509.0,56963538944.0,0.16,199.998,,,0.0,0.0,0.0,0.271,13.017,
228.538,2945697.0,62766456832.0,0.144,228.122,,,0.0,0.0,0.0,0.271,14.039,
273.104,3022218.0,69065572352.0,0.249,272.583,,,0.0,0.0,0.0,0.271,15.618,
278.315,3120627.0,74503577600.0,0.148,277.385,,,0.0,0.0,0.0,0.782,16.597,
298.587,3228234.0,80669507584.0,0.215,287.141,10.45,297.805,0.0,0.0,0.0,0.782,17.543,0.0
326.212,3334134.0,90974445568.0,0.238,310.942,14.25,325.43,0.0,0.0,0.0,0.782,18.962,0.0
373.083,3438616.0,102035136512.0,0.285,357.766,14.25,372.301,0.0,0.0,0.0,0.782,20.675,0.0
388.941,3543878.0,110414864384.0,0.133,373.776,14.25,388.159,0.0,0.0,0.0,0.782,22.057,0.0
392.477,3651905.0,120048672768.0,0.003,377.442,14.25,391.695,0.0,0.0,0.0,0.782,23.909,0.0
412.801,3760649.0,131444244480.0,0.0,397.769,14.25,412.019,0.0,0.0,0.0,0.782,26.709,0.0
418.509,3866296.0,129944207360.0,0.0,403.477,14.25,417.727,0.0,0.0,0.0,0.782,28.375,0.0
414.326,3966485.0,139396956160.0,0.0,399.294,14.25,413.544,0.0,0.0,0.0,0.782,29.52,0.0
443.014,4053602.0,153483296768.0,0.0,425.658,16.574,442.232,0.0,0.0,,,29.0,
500.72,4121341.0,153706151936.0,0.0,455.654,43.556,499.211,0.0,0.0,,,32.05,
482.24,4176799.0,161957806080.0,0.078,433.575,47.077,480.73,0.0,0.0,,,33.53,
454.274,4226417.0,171018076160.0,0.102,401.48,51.112,452.694,0.0,0.0,,,34.21,
509.299,4270407.0,189425549312.0,0.08,445.818,61.872,507.77,0.0,0.0,,,35.56,
536.788,4344645.0,205871267840.0,0.098,473.307,61.859,535.263,0.0,0.0,,,36.84,
590.98,4486581.0,226597797888.0,0.058,507.913,81.497,589.468,0.0,0.0,,,38.03,
635.406,4663262.0,249987809280.0,0.094,552.24,81.497,633.831,0.0,0.0,,,39.64,
677.643,4838404.0,257280245760.0,0.057,588.78,87.143,675.98,0.001,0.0,,,40.27,
728.327,5010707.0,258565505024.0,0.047,634.787,91.806,726.64,0.004,0.0,,,40.47,
773.315,5163585.0,301275578368.0,0.091,687.981,83.361,771.432,0.009,0.0,,,43.05,
802.554,5281351.0,323579838464.0,0.074,717.663,82.871,800.608,0.014,0.0,,,43.67,
804.334,5381003.0,336108421120.0,0.29,712.693,89.3,802.282,0.022,0.0,,,44.52,
812.491,5478063.0,352915685376.0,3.065,706.987,100.152,810.204,0.034,0.0,,,45.66,
828.292,5570505.0,365521141760.0,4.518,717.439,103.895,825.852,0.074,0.0,,,46.96,
878.403,5650020.0,372585824256.0,4.726,755.166,115.787,875.679,0.131,0.0,,,47.86,
926.751,5711936.0,380027207680.0,4.954,799.98,119.021,923.956,0.237,0.0,,,49.11,
949.996,5764489.0,396507480064.0,10.446,813.873,122.877,947.196,0.327,0.0,,,49.71,
950.833,5814543.0,410139852800.0,5.552,819.627,122.863,948.042,0.358,0.0,,,50.54,
930.752,5866408.0,,5.325,796.999,125.488,927.812,0.513,0.0,,,51.74,
911.635,5909874.0,,5.037,777.654,125.984,908.674,0.775,0.0,,,50.87,
910.736,5941063.0,,5.397,768.634,133.519,907.55,1.038,0.0,,,53.47,
878.933,5975689.0,,4.814,738.583,130.594,873.991,1.74,0.0,,,54.79,
106.836,4363517.0,,70.231,27.047,2.985,100.263,,,6.573,6.573,,6.153
110.584,4400355.0,,71.114,29.851,3.32,104.285,,,6.299,6.299,,5.696
111.164,4433964.0,,68.573,33.213,3.98,105.767,,,5.397,5.397,,4.855
122.685,4463936.0,,72.118,36.703,8.911,117.732,,,4.953,4.953,,4.037
128.116,4492217.0,,75.856,39.374,9.031,124.261,,,3.855,3.855,,3.009
141.734,4522872.0,,76.473,47.317,12.128,135.918,,,5.815,5.815,,4.103
151.92,4557506.0,,80.224,52.108,15.224,147.556,0.0,0.0,4.365,4.365,,2.873
159.766,4597162.0,,81.654,57.0,16.532,155.186,0.0,0.0,4.572,4.572,,2.861
166.216,4641292.0,,79.398,64.094,18.156,161.649,0.0,0.0,3.909,3.909,,2.352
174.938,4688474.0,,79.131,65.719,22.136,166.986,0.0,0.0,6.573,6.573,,3.758
183.086,4737067.0,,78.793,72.499,25.342,176.635,0.0,0.0,5.92,5.92,,3.233
189.938,4786345.0,,78.095,76.639,27.979,182.713,0.0,0.0,5.97,5.97,,3.143
199.64,4835452.0,,80.212,80.185,31.798,192.196,0.0,0.0,7.12,7.12,,3.567
209.45,4883372.0,,84.108,82.979,35.63,202.717,0.0,0.0,6.68,6.68,,3.189
215.491,4930974.0,,82.724,84.335,36.769,203.828,0.0,0.0,5.571,5.571,,2.585
219.051,4973886.0,,94.156,78.433,26.953,199.543,0.0,0.0,6.674,6.674,,3.047
217.343,5011719.0,,91.633,77.346,27.986,196.964,0.0,0.0,5.813,5.813,,2.675
215.018,5048149.0,,93.273,70.848,29.222,193.343,0.0,0.0,5.104,5.104,,2.374
215.639,5082435.0,,93.401,69.362,30.009,192.772,0.0,0.0,5.417,5.417,,2.512
232.297,5115048.0,,99.355,73.744,34.059,207.158,0.0,0.0,4.598,4.598,,1.979
239.667,5146573.0,60783828992.0,98.564,73.223,34.998,206.786,0.0,0.0,6.26,6.26,22.506,2.612
237.593,5175412.0,63316652032.0,91.04,70.873,37.484,199.396,0.0,0.0,4.953,4.953,24.168,2.085
242.957,5201175.0,64851091456.0,95.633,69.351,39.591,204.576,0.0,0.0,5.713,5.713,23.629,2.351
244.171,5224911.0,66120765440.0,99.669,67.788,38.966,206.424,0.0,0.0,5.19,5.19,23.039,2.125
247.676,5245120.0,66785525760.0,96.134,67.19,44.055,207.379,0.0,0.0,5.802,5.802,24.07,2.342
248.354,5261310.0,65119608832.0,91.076,58.393,59.173,208.642,0.0,0.0,5.559,5.559,25.49,2.238
222.188,5280230.0,55497322496.0,80.936,51.293,52.629,184.857,0.0,0.0,4.163,4.163,24.26,1.874
213.742,5301897.0,51833806848.0,72.109,46.663,57.888,176.66,0.0,0.0,5.728,5.728,23.24,2.68
209.976,5321863.0,55429943296.0,71.189,38.617,57.326,167.133,0.0,0.0,10.252,10.252,24.05,4.882
206.843,5338814.0,58743312384.0,63.495,39.999,54.734,158.227,0.0,0.0,12.878,12.878,25.47,6.226
209.749,5349999.0,63231098880.0,63.311,38.879,60.676,162.867,0.0,0.0,14.43,14.43,26.43,6.88
211.202,5358288.0,67359354880.0,62.284,40.554,63.946,166.784,0.0,0.0,12.499,12.499,25.46,5.918
207.321,5365829.0,71293222912.0,58.491,40.503,64.89,163.884,0.0,0.0,12.017,12.017,25.04,5.796
209.521,5371086.0,73994518528.0,53.265,45.371,65.937,164.573,0.0,0.0,12.617,12.617,25.73,6.022
211.293,5374617.0,73685016576.0,52.975,41.135,66.735,160.844,0.0,0.0,13.23,13.23,28.11,6.261
218.247,5376700.0,74412965888.0,49.754,40.865,67.18,157.799,0.0,0.0,13.647,13.647,30.78,6.253
224.558,5376457.0,76717629440.0,51.438,37.862,71.738,161.038,0.0,0.0,14.474,15.305,31.83,6.446
226.427,5375206.0,80015532032.0,49.824,42.189,68.237,160.25,0.0,0.0,15.376,15.892,32.18,6.791
219.883,5374381.0,84169826304.0,53.991,39.816,65.927,159.734,0.0,0.006,10.092,10.435,30.96,4.59
215.043,5374932.0,88408940544.0,52.957,39.153,63.946,156.056,0.0,0.017,11.815,11.906,30.45,5.494
226.267,5376251.0,94173028352.0,49.094,46.303,68.649,164.046,0.0,0.017,13.281,13.513,31.34,5.869
220.178,5377239.0,101914034176.0,51.199,42.982,62.545,156.725,0.0,0.017,12.517,14.273,31.21,5.685
206.629,5378381.0,112674938880.0,45.88,45.141,59.189,150.21,0.0,0.023,12.586,14.812,27.83,6.091
212.209,5381641.0,118765707264.0,45.755,47.469,60.084,153.309,0.0,0.02,11.351,13.86,28.73,5.349
192.318,5388934.0,112082665472.0,44.544,43.663,51.467,139.674,0.0,0.017,12.197,14.908,25.89,6.342
205.5,5396428.0,117478088704.0,44.787,45.788,58.225,148.8,0.047,0.017,14.586,17.883,27.42,7.098
197.691,5402686.0,120534253568.0,42.458,45.027,53.929,141.414,1.095,0.014,10.423,15.481,28.21,5.272
189.893,5409283.0,122527850496.0,40.042,41.787,50.769,132.598,1.163,0.016,11.25,16.526,28.24,5.924
194.587,5414744.0,124358402048.0,39.801,41.738,53.01,134.549,1.603,0.016,13.213,18.925,28.44,6.79
181.12,5419572.0,127551856640.0,39.09,38.726,43.872,121.688,1.617,0.016,11.403,19.14,27.04,6.296
182.99,5424449.0,132440055808.0,37.683,42.22,45.118,125.02,1.363,0.016,10.411,18.83,26.54,5.689
184.744,5431205.0,136796127232.0,37.193,44.019,45.303,126.514,1.427,0.016,11.669,20.277,26.68,6.316
194.595,5439418.0,140963397632.0,38.865,49.124,48.109,136.099,1.347,0.016,11.507,19.982,27.29,5.914
191.296,5446746.0,146456461312.0,38.574,49.683,47.416,135.674,1.548,0.016,9.498,17.938,26.57,4.965
184.849,5453932.0,,31.428,47.018,47.523,125.968,1.553,0.016,11.482,20.225,28.19,6.212
181.125,5456681.0,,26.94,46.985,47.546,121.471,1.741,0.011,11.863,20.733,28.51,6.55
195.223,5447621.0,,32.705,49.438,52.929,135.072,1.756,0.013,11.142,20.654,29.66,5.707
191.244,5643455.0,,29.302,51.024,51.444,131.771,1.702,0.013,9.309,19.705,26.73,4.867
69.298,1986030.0,36026961920.0,18.301,20.166,8.922,47.389,0.0,0.0,8.794,8.794,12.44,12.69
69.409,1989799.0,32680462336.0,16.709,19.498,8.482,44.689,0.0,0.0,10.669,10.669,12.74,15.371
64.881,1991344.0,30763878400.0,17.405,18.924,7.162,43.492,0.0,0.0,10.122,10.122,12.34,15.6
66.658,1991685.0,31503259648.0,16.59,22.755,7.113,46.458,0.0,0.0,8.974,8.974,11.95,13.463
70.95,1991454.0,33038143488.0,15.453,24.622,7.746,47.821,0.0,0.0,10.051,10.051,12.89,14.166
74.498,1991115.0,35329814528.0,16.03,26.694,8.597,51.321,0.0,0.0,9.616,9.616,12.9,12.908
78.158,1990671.0,36416385024.0,14.793,30.839,8.734,54.367,0.0,0.0,10.846,10.846,13.05,13.877
79.932,1989831.0,38114369536.0,16.402,30.864,9.285,56.551,0.0,0.0,9.14,9.14,13.18,11.435
80.156,1988287.0,39200575488.0,16.61,29.591,9.512,55.713,0.0,0.0,10.202,10.202,13.72,12.727
79.328,1986263.0,41091821568.0,15.195,29.724,9.929,54.847,0.0,0.0,11.056,11.155,13.26,13.937
78.626,1984339.0,42615771136.0,15.788,28.171,9.598,53.556,0.0,0.0,11.337,11.561,13.61,14.419
82.193,1982489.0,43686670336.0,16.738,29.371,9.882,55.992,0.0,0.0,11.152,11.382,14.48,13.568
81.775,1983769.0,45168627712.0,18.233,28.531,9.532,56.296,0.0,0.0,9.67,9.996,14.6,11.825
80.213,1989413.0,46254137344.0,17.301,28.911,10.545,56.757,0.0,0.0,8.576,8.965,13.83,10.691
85.18,1996731.0,48061218816.0,17.59,29.858,10.45,57.898,0.0,0.0,11.8,12.187,15.27,13.853
85.187,2004780.0,49771966464.0,17.651,30.323,10.784,58.758,0.0,0.0,9.91,10.261,15.11,11.634
85.954,2013577.0,52362579968.0,17.998,31.764,10.458,60.221,0.0,0.0,10.218,10.585,15.11,11.888
85.467,2023230.0,55758200832.0,18.296,31.355,10.635,60.286,0.0,0.0,9.235,9.729,15.04,10.805
93.642,2034037.0,57353908224.0,17.627,36.377,10.214,64.218,0.003,0.0,11.291,12.509,16.41,12.057
86.507,2045578.0,52654862336.0,16.366,30.95,9.665,56.981,0.011,0.0,13.168,14.146,16.39,15.221
86.66,2057294.0,53079736320.0,16.697,31.066,10.028,57.791,0.036,0.0,12.54,13.802,16.26,14.47
84.135,2065457.0,53196414976.0,16.927,30.948,8.581,56.455,0.182,0.0,9.826,11.227,15.92,11.679
81.758,2069365.0,51766657024.0,16.072,30.304,8.253,54.629,0.447,0.0,10.691,12.584,15.55,13.076
80.883,2072374.0,51204718592.0,15.525,28.658,8.107,52.289,0.586,0.011,12.616,14.732,15.8,15.598
82.972,2074923.0,52794142720.0,12.253,28.342,7.281,47.876,0.696,0.011,16.504,18.536,17.15,19.891
74.827,2080865.0,54016270336.0,12.383,27.919,7.724,48.026,0.738,0.016,10.255,12.206,14.8,13.705
79.978,2090020.0,55372836864.0,13.236,29.965,8.191,51.391,0.715,0.016,12.055,13.906,16.23,15.072
80.839,2098396.0,58049191936.0,13.195,30.686,8.622,52.502,0.755,0.015,10.295,12.285,16.05,12.735
82.48,2105931.0,60439879680.0,12.899,31.537,8.531,52.966,0.675,0.016,12.446,14.849,16.12,15.09
80.092,2112905.0,,12.195,30.066,8.567,50.828,0.799,0.016,11.808,14.539,15.89,14.743
77.385,2117648.0,,11.744,25.172,8.552,45.467,0.967,0.016,12.958,15.908,16.89,16.745
76.671,2119408.0,,10.787,26.931,9.007,46.726,1.186,0.015,12.331,15.618,15.59,16.083
72.904,2119843.0,,8.296,31.303,7.945,47.545,1.399,0.015,8.208,11.335,13.27,11.258
0.432,233681.0,,,,,,,,,,,
0.615,241840.0,,,,,,,,,,,
0.554,250262.0,,,,,,,,,,,
0.615,258962.0,,,,,,,,,,,
0.617,267920.0,,,,,,,,,,,
0.554,277169.0,,,,,,,,,,,
0.505,286534.0,,,,,,,,,,,
0.589,295851.0,,,,,,,,,,,
0.706,305141.0,,,,,,,,,,,
0.704,314572.0,,,,,,,,,,,
0.704,324184.0,,,,,,,,,,,
0.704,333960.0,,,,,,,,,,,
0.706,343929.0,,,,,,,,,,,
0.704,354097.0,,,,,,,,,,,
0.704,364510.0,,,,,,,,,,,
0.704,375198.0,,,,,,,,,,,
0.706,386084.0,,,,,,,,,,,
0.704,397059.0,,,,,,,,,,,
0.704,408151.0,,,,,,,,,,,
0.704,419242.0,,,,,,,,,,,
1.056,429986.0,,,,,,,,,,0.06,
1.105,440403.0,,,,,,,,,,0.06,
1.142,450773.0,,,,,,,,,,0.06,
1.193,461226.0,,,,,,,,,,0.06,
1.269,471796.0,,,,,,,,,,0.06,
1.301,482496.0,,,,,,,,,,0.07,
1.349,493438.0,,,,,,,,,,0.07,
1.438,504624.0,,,,,,,,,,0.08,
1.46,516010.0,,,,,,,,,,0.08,
1.511,527844.0,,,,,,,,,,0.08,
1.556,540402.0,,,,,,,,,,0.08,
1.616,553727.0,,,,,,,,,,0.08,
1.621,567771.0,,,,,,,,,,0.08,
1.614,582369.0,,,,,,,,,,0.09,
1.52,597386.0,,,,,,,,,,0.09,
1.388,612670.0,,,,,,,,,,0.09,
1.335,628110.0,,,,,,,,,,0.1,
1.327,643641.0,,,,,,,,,,0.1,
1.389,659259.0,,,,,,,,,,0.1,
1.368,675000.0,,,,,,,,,,0.1,
1.298,691198.0,,,,,,,,,,0.1,
1.339,707855.0,,,,,,,,,,0.11,
4.825,5892226.0,,,,,,,,,,,
5.604,5934940.0,,,,,,,,,,,
5.543,5951818.0,,,,,,,,,,,
5.421,6142513.0,,,,,,,,,,,
5.619,6369022.0,,,,,,,,,,,
5.543,6630642.0,,,,,,,,,,,
5.915,6908582.0,,,,,,,,,,,
4.37,7158006.0,,,,,,,,,,,
4.384,7160467.0,,,,,,,,,,,
4.49,7035382.0,,,,,,,,,,,
4.068,6999098.0,,,,,,,,,,,
2.424,6732711.0,,,,,,,,,,,
2.253,6428147.0,,,,,,,,,,,
2.371,6620734.0,,,,,,,,,,,
2.371,6959837.0,,,,,,,,,,,
2.371,7210931.0,,,,,,,,,,,
2.378,7472453.0,,,,,,,,,,,
2.371,7734311.0,,,,,,,,,,,
2.371,8056861.0,,,,,,,,,,,
2.371,8384475.0,,,,,,,,,,,
2.966,8721465.0,,,,,,,,,,0.23,
3.015,9070751.0,,,,,,,,,,0.25,
3.26,9411108.0,,,,,,,,,,0.26,
3.26,9758285.0,,,,,,,,,,0.26,
3.262,10117359.0,,,,,,,,,,0.26,
3.294,10467294.0,,,,,,,,,,0.27,
3.319,10784978.0,,,,,,,,,,0.28,
3.366,11118092.0,,,,,,,,,,0.29,
3.331,11444870.0,,,,,,,,,,0.3,
3.322,11730035.0,,,,,,,,,,0.31,
3.405,12026650.0,,,,,,,,,,0.31,
3.405,12216842.0,,,,,,,,,,0.31,
3.416,12440332.0,,,,,,,,,,0.32,
3.416,12852491.0,,,,,,,,,,0.33,
3.416,13309236.0,,,,,,,,,,0.33,
3.545,13763909.0,,,,,,,,,,0.33,
3.627,14292848.0,,,,,,,,,,0.34,
3.628,14864224.0,,,,,,,,,,0.35,
3.641,15411101.0,,,,,,,,,,0.35,
3.637,15981312.0,,,,,,,,,,0.35,
3.507,16537018.0,,,,,,,,,,0.38,
3.71,17065588.0,,,,,,,,,,0.41,
,5163858.0,,,,,,,,,,,
,5239436.0,,,,,,,,,,,
,5322703.0,,,,,,,,,,,
,5413866.0,,,,,,,,,,,
,5506587.0,,,,,,,,,,,
,5600893.0,,,,,,,,,,,
,5696812.0,,,,,,,,,,,
,5794372.0,,,,,,,,,,,
,5893599.0,,,,,,,,,,,
,5993374.0,,,,,,,,,,,
,6093688.0,,,,,,,,,,,
,6194530.0,,,,,,,,,,,
,6295888.0,,,,,,,,,,,
,6397751.0,,,,,,,,,,,
,6501260.0,,,,,,,,,,,
,6606440.0,,,,,,,,,,,
,6713319.0,,,,,,,,,,,
,6821924.0,,,,,,,,,,,
,6927689.0,,,,,,,,,,,
,7042968.0,,,,,,,,,,,
,7168076.0,,,,,,,,,,,
,7303334.0,,,,,,,,,,,
,7449070.0,,,,,,,,,,,
,7605625.0,,,,,,,,,,,
,7765470.0,,,,,,,,,,,
,7928675.0,,,,,,,,,,,
,8095309.0,,,,,,,,,,,
,8265446.0,,,,,,,,,,,
,8439158.0,,,,,,,,,,,
,8615057.0,,,,,,,,,,,
,8793161.0,,,,,,,,,,,
,8973484.0,,,,,,,,,,,
,9156043.0,,,,,,,,,,,
,9340853.0,,,,,,,,,,,
,9529394.0,,,,,,,,,,,
,9721741.0,,,,,,,,,,,
,9917969.0,,,,,,,,,,,
,10118159.0,,,,,,,,,,,
,10322389.0,,,,,,,,,,,
,10528607.0,,,,,,,,,,,
,10736810.0,,,,,,,,,,,
,10946998.0,,,,,,,,,,,
,11159168.0,,,,,,,,,,,
,11373317.0,,,,,,,,,,,
,11591575.0,,,,,,,,,,,
,11814022.0,,,,,,,,,,,
,12040737.0,,,,,,,,,,,
,12271803.0,,,,,,,,,,,
,12507304.0,,,,,,,,,,,
,12764367.0,,,,,,,,,,,
,13043843.0,54940790784.0,,,,,,,,,,
,13325058.0,57515675648.0,,,,,,,,,,
,13622914.0,59556102144.0,,,,,,,,,,
,13933250.0,62355161088.0,,,,,,,,,,
,14255876.0,66022801408.0,,,,,,,,,,
,14594134.0,69327536128.0,,,,,,,,,,
,14948935.0,73183059968.0,,,,,,,,,,
,15320140.0,75976884224.0,,,,,,,,,,
,15700877.0,77574438912.0,,,,,,,,,,
,16096459.0,81038573568.0,,,,,,,,,,
,16520438.0,84418519040.0,,,,,,,,,,
,16989468.0,88081186816.0,,,,,,,,,,
,17503138.0,93013180416.0,,,,,,,,,,
,18042222.0,99827408896.0,,,,,,,,,,
,18603100.0,106518454272.0,,,,,,,,,,
354.229,19187198.0,112882728960.0,286.761,67.358,0.0,354.119,,,0.109,0.109,,0.031
356.429,19789772.0,117778087936.0,283.132,73.19,0.0,356.323,,,0.106,0.106,,0.03
371.155,20410682.0,125836943360.0,291.308,79.77,0.0,371.078,,,0.077,0.077,,0.021
391.708,21050540.0,131293347840.0,304.927,86.71,0.0,391.637,,,0.071,0.071,,0.018
403.315,21704214.0,139369758720.0,307.927,95.325,0.0,403.253,,,0.062,0.062,,0.015
421.478,22368306.0,146627018752.0,318.104,103.3,0.0,421.404,,,0.074,0.074,,0.018
454.026,23031448.0,153821282304.0,340.175,112.905,0.615,453.695,0.0,0.0,0.331,0.331,,0.073
469.029,23698512.0,156779560960.0,342.585,123.062,0.916,466.563,0.0,0.0,2.466,2.466,,0.526
504.605,24382514.0,163375546368.0,364.93,135.769,0.993,501.692,0.0,0.0,2.913,2.913,,0.577
519.095,25077016.0,172551372800.0,382.285,132.298,1.165,515.747,0.0,0.0,3.347,3.347,,0.645
553.408,25777966.0,175749496832.0,408.01,140.555,1.531,550.096,0.0,0.0,3.312,3.312,,0.598
577.602,26480298.0,180034633728.0,428.388,142.12,1.546,572.055,0.0,0.0,5.547,5.547,,0.96
591.76,27199844.0,179681542144.0,443.792,140.738,1.481,586.012,0.0,0.0,5.748,5.748,,0.971
586.007,27943454.0,185013862400.0,431.031,147.817,1.52,580.368,0.0,0.0,5.639,5.639,,0.962
605.098,28697016.0,192300236800.0,459.747,140.09,1.879,601.715,0.0,0.0,3.383,3.383,,0.559
645.864,29463546.0,204702613504.0,496.732,144.072,2.127,642.931,0.0,0.0,2.933,2.933,,0.454
751.926,30232564.0,215434543104.0,588.86,156.115,2.064,747.038,0.0,0.0,4.888,4.888,,0.65
808.715,31022418.0,214585933824.0,645.587,158.245,1.879,805.711,0.0,0.0,3.004,3.004,,0.371
819.453,31865176.0,210671517696.0,655.701,159.864,2.129,817.694,0.0,0.0,1.759,1.759,,0.215
895.522,32768206.0,221387587584.0,706.537,174.057,2.135,882.728,0.0,0.0,1.656,1.656,,0.185
914.556,33752964.0,218712375296.0,725.574,170.04,2.016,897.63,0.0,0.0,1.845,1.845,143.491,0.202
931.701,34877840.0,218892222464.0,735.666,164.142,2.115,901.923,0.0,0.0,4.799,4.799,148.241,0.515
946.451,36119328.0,223307087872.0,748.573,173.641,1.957,924.17,0.0,0.0,4.781,4.781,152.373,0.505
1042.3,37393848.0,232506867712.0,809.927,191.274,1.974,1003.176,0.0,0.0,9.35,9.35,158.141,0.897
995.722,38668684.0,237353615360.0,755.879,198.179,2.012,956.07,0.0,0.0,8.158,8.158,163.359,0.819
1029.669,39877568.0,235128504320.0,782.898,200.102,19.709,1002.708,0.0,0.0,2.987,2.987,167.226,0.29
1022.248,40910964.0,237173669888.0,768.753,201.755,19.94,990.447,0.0,0.0,5.855,5.855,168.316,0.573
1027.038,41760756.0,236546768896.0,771.684,208.364,18.412,998.46,0.0,0.0,2.224,2.224,168.09,0.217
1025.258,42525444.0,244041351168.0,774.729,216.773,12.738,1004.24,0.0,0.0,0.432,0.432,174.706,0.042
1069.309,43267980.0,256732102656.0,799.63,226.234,12.754,1038.618,0.0,0.0,3.176,3.176,181.69,0.297
1117.516,43986088.0,269822885888.0,829.713,241.261,12.911,1083.885,0.0,0.0,1.564,1.564,186.655,0.14
1139.763,44661608.0,286805360640.0,842.507,248.507,11.245,1102.259,0.0,0.0,3.9,4.092,200.092,0.342
1165.543,45285052.0,300044517376.0,861.087,252.603,9.315,1123.005,0.0,0.0,6.186,6.652,210.362,0.531
1145.026,45852172.0,307359744000.0,835.228,256.453,9.298,1100.979,0.0,0.0,4.716,5.454,205.374,0.412
1183.745,46364680.0,320626884608.0,872.699,259.981,11.864,1144.544,0.0,0.0,2.147,2.776,203.012,0.181
1185.383,46813272.0,340328906752.0,867.965,264.298,11.396,1143.66,0.027,0.0,3.256,4.807,196.47,0.275
1191.536,47229712.0,356322443264.0,871.069,269.982,13.829,1154.88,0.032,0.0,5.056,6.438,196.54,0.424
1161.125,47661516.0,376468996096.0,828.598,276.942,13.92,1119.46,0.036,0.0,6.083,8.079,203.59,0.524
1257.957,48104044.0,394999857152.0,920.966,286.923,10.525,1218.415,0.04,0.017,2.4,4.302,218.24,0.191
1372.772,48556064.0,420863967232.0,1009.107,297.692,24.343,1331.142,0.045,0.035,2.737,4.672,228.24,0.199
1299.378,49017156.0,451561291776.0,930.264,298.219,34.555,1263.038,0.049,0.034,3.814,5.311,229.22,0.294
1326.061,49491764.0,485980667904.0,947.528,304.012,37.447,1288.987,0.053,0.034,8.245,9.699,236.6,0.622
1362.193,49996096.0,521805725696.0,972.977,310.248,37.909,1321.134,0.057,0.034,8.103,10.352,246.81,0.595
1459.696,50565816.0,548744658944.0,1085.503,294.213,39.219,1418.935,0.061,0.059,3.54,5.696,240.73,0.242
1453.214,51170780.0,550669123584.0,1091.169,288.546,33.24,1412.956,0.065,0.084,4.054,5.939,231.6,0.279
1462.799,51784928.0,578235138048.0,1079.536,301.247,41.221,1422.004,0.077,0.094,3.172,4.767,242.98,0.217
1444.958,52443320.0,608683556864.0,1052.656,304.78,42.809,1400.246,0.222,0.102,8.452,10.558,244.49,0.585
1422.703,53145036.0,622114308096.0,1027.384,312.593,43.573,1383.55,0.236,0.101,2.793,5.034,240.9,0.196
1429.005,53873608.0,637619470336.0,1027.612,318.117,40.544,1386.273,0.662,0.101,3.009,5.841,238.51,0.211
1445.511,54729556.0,648455192576.0,1040.72,313.677,42.982,1397.379,2.912,2.888,4.863,12.273,236.56,0.336
1416.613,55876504.0,656850354176.0,976.488,346.104,43.186,1365.778,7.403,8.27,1.966,19.212,231.94,0.139
1480.322,56422272.0,658694340608.0,1050.054,331.859,36.547,1418.46,8.765,11.268,1.67,23.262,235.99,0.113
1474.569,56641208.0,668014870528.0,1032.945,331.498,40.109,1404.552,11.281,18.688,2.065,33.772,237.9,0.14
1418.704,57339632.0,673272168448.0,980.26,330.768,44.108,1355.136,12.099,16.959,2.918,34.168,237.03,0.206
1481.871,58087060.0,,1044.748,326.562,42.612,1413.921,12.924,17.482,1.953,34.429,234.56,0.132
1385.9,58801928.0,,1015.704,267.767,39.705,1323.176,14.97,16.837,3.848,37.766,221.95,0.278
1389.329,59392256.0,,974.981,289.17,46.143,1310.293,17.754,22.639,5.28,48.013,223.2,0.38
1338.682,59893884.0,,920.319,295.63,45.582,1261.531,16.164,25.289,8.082,51.883,213.6,0.604
,41330704.0,,,,,,,,,,,
,42150431.0,,,,,,,,,,,
,43003743.0,,,,,,,,,,,
,43873585.0,,,,,,,,,,,
,44763729.0,,,,,,,,,,,
,45674718.0,,,,,,,,,,,
,46607103.0,,,,,,,,,,,
,47561454.0,,,,,,,,,,,
,48538368.0,,,,,,,,,,,
,49526946.0,,,,,,,,,,,
,50545955.0,,,,,,,,,,,
,51538305.0,,,,,,,,,,,
,52560621.0,,,,,,,,,,,
,53593682.0,,,,,,,,,,,
,54648666.0,,,,,,,,,,,
,55726062.0,,,,,,,,,,,
,56826365.0,,,,,,,,,,,
,57950087.0,,,,,,,,,,,
,59082099.0,,,,,,,,,,,
,60244320.0,,,,,,,,,,,
,61458365.0,,,,,,,,,,,
,62662587.0,,,,,,,,,,,
,63920292.0,,,,,,,,,,,
,65211521.0,,,,,,,,,,,
,66531037.0,,,,,,,,,,,
,67879486.0,,,,,,,,,,,
,69257549.0,,,,,,,,,,,
,70665913.0,,,,,,,,,,,
,72105285.0,,,,,,,,,,,
,73542833.0,,,,,,,,,,,
,75000506.0,,,,,,,,,,,
,76408644.0,,,,,,,,,,,
,77834892.0,,,,,,,,,,,
,79255273.0,,,,,,,,,,,
,80702221.0,,,,,,,,,,,
,82176242.0,,,,,,,,,,,
,83677855.0,,,,,,,,,,,
,85207585.0,,,,,,,,,,,
,86765969.0,,,,,,,,,,,
,88439089.0,,,,,,,,,,,
,90256669.0,,,,,,,,,,,
,92147826.0,,,,,,,,,,,
,94192959.0,,,,,,,,,,,
,96371873.0,,,,,,,,,,,
,98604192.0,,,,,,,,,,,
,100891266.0,,,,,,,,,,,
,103234470.0,,,,,,,,,,,
,105635226.0,,,,,,,,,,,
,108094989.0,,,,,,,,,,,
,110712748.0,,,,,,,,,,,
,113520774.0,,,,,,,,,,,
,116611722.0,,,,,,,,,,,
,119808344.0,,,,,,,,,,,
,123095752.0,,,,,,,,,,,
,126483936.0,,,,,,,,,,,
,129986019.0,,,,,,,,,,,
,133605548.0,,,,,,,,,,,
,137348367.0,,,,,,,,,,,
,141190603.0,,,,,,,,,,,
,145148672.0,,,,,,,,,,,
,149224306.0,,,,,,,,,,,
,153377880.0,,,,,,,,,,,
,157609028.0,,,,,,,,,,,
,161919488.0,,,,,,,,,,,
,166291510.0,,,,,,,,,,,
1068.788,170706949.0,,66.625,748.868,136.253,951.746,,,117.042,117.042,,10.951
1139.522,175135459.0,,67.298,797.458,144.377,1009.133,,,130.389,130.389,,11.442
1181.496,179569020.0,,71.3,816.936,155.309,1043.545,,,137.951,137.951,,11.676
1261.538,184011029.0,,68.369,883.47,163.178,1115.017,,,146.521,146.521,,11.614
1320.568,188469386.0,,74.434,919.499,168.627,1162.56,,,158.008,158.008,,11.965
1394.07,192947239.0,,82.698,951.161,168.846,1202.706,,,185.937,191.364,,13.338
1484.877,197461711.0,,76.895,1021.945,172.763,1271.603,0.0,0.0,206.459,213.273,,13.904
1590.93,202046231.0,,75.259,1090.24,183.046,1348.545,0.0,0.0,234.456,242.385,,14.737
1749.893,206713196.0,,78.596,1188.281,211.049,1477.927,0.0,0.0,264.704,271.966,,15.127
1884.118,211454623.0,,85.878,1257.345,225.839,1569.063,0.0,0.0,304.861,312.116,,16.181
1919.734,216251828.0,,90.089,1255.984,226.175,1572.248,0.0,0.0,332.341,340.344,,17.312
2059.105,221111805.0,,90.754,1317.605,265.034,1673.394,0.0,0.0,370.62,378.413,,17.999
2190.752,226098323.0,,103.453,1374.105,284.323,1761.88,0.0,0.0,412.15,424.227,,18.813
2318.572,231226845.0,,110.908,1438.274,290.747,1839.929,0.0,0.0,452.599,470.426,,19.521
2503.576,236454207.0,,117.433,1527.879,313.81,1959.122,0.0,0.0,513.185,536.816,,20.498
2605.953,241789097.0,,124.29,1539.497,332.27,1996.057,0.0,0.0,576.117,603.257,,22.108
2596.231,247206236.0,,122.718,1517.184,340.619,1980.521,0.0,0.0,582.04,607.72,,22.419
2671.791,252673448.0,,123.054,1503.507,374.743,2001.303,0.0,0.0,631.005,665.182,,23.617
2700.283,258200327.0,,135.773,1440.163,388.072,1964.008,0.0,0.0,678.739,726.613,,25.136
2806.303,263760622.0,,156.729,1407.527,420.168,1984.424,0.0,0.0,748.134,804.048,,26.659
2930.802,269320599.0,,179.825,1419.487,428.904,2028.217,0.0,0.0,809.94,876.63,358.183,27.635
3121.96,274880221.0,,182.38,1503.121,465.95,2151.451,0.0,0.0,871.214,953.895,386.53,27.906
3243.154,280447634.0,,199.665,1542.233,465.109,2207.006,0.0,0.0,930.308,1015.043,405.261,28.685
3347.954,286026582.0,,198.197,1576.739,501.544,2276.481,0.0,0.0,965.293,1053.296,426.419,28.832
3411.36,291601460.0,,214.542,1571.047,521.825,2307.414,0.0,0.0,990.354,1084.456,437.918,29.031
3438.243,297146501.0,,179.876,1570.781,540.368,2291.025,0.0,0.0,1028.75,1120.21,447.058,29.921
3546.201,302601570.0,,190.329,1585.657,549.306,2325.292,0.0,0.0,1101.411,1194.809,472.828,31.059
3685.364,307967492.0,,200.238,1670.089,568.645,2438.973,0.0,0.0,1123.879,1221.308,484.326,30.496
3835.084,313302144.0,,202.431,1687.281,609.325,2499.038,0.0,0.0,1211.027,1312.801,514.571,31.578
4075.984,318637078.0,,215.74,1806.019,634.749,2656.508,0.0,0.0,1286.894,1395.953,539.742,31.573
4285.389,323946224.0,,219.18,1891.136,700.09,2810.406,0.0,0.0,1334.112,1447.785,571.077,31.132
4463.815,329199341.0,,225.474,1934.368,773.373,2933.214,0.0,0.036,1382.374,1502.549,600.101,30.968
4709.889,334414072.0,,242.63,2069.888,783.848,3096.366,0.0,0.057,1463.274,1581.941,634.27,31.068
4874.708,339583049.0,,237.445,2147.821,845.759,3231.026,0.0,0.112,1496.357,1613.27,659.026,30.696
4890.701,344665738.0,,234.507,2184.256,827.176,3245.938,0.0,0.111,1492.441,1613.315,677.414,30.516
5021.526,349634344.0,,236.41,2189.384,875.387,3301.181,0.006,0.111,1577.249,1685.663,689.0,31.41
4964.958,354475220.0,,222.496,2191.693,909.83,3324.019,0.008,0.275,1472.255,1580.786,672.45,29.653
5017.562,359177090.0,,212.984,2183.476,911.94,3308.399,0.014,0.419,1534.442,1654.106,691.94,30.581
5070.364,363705424.0,,222.673,2133.354,943.716,3299.744,0.019,0.43,1590.061,1712.39,727.63,31.36
5349.945,368126871.0,,234.224,2237.858,1059.851,3531.934,0.023,0.555,1630.88,1764.145,771.97,30.484
5512.445,372502549.0,,220.902,2296.077,1091.09,3608.069,0.028,0.639,1716.492,1858.412,801.2,31.138
5748.151,376788418.0,,255.377,2345.587,1160.605,3761.57,0.0,1.078,1783.389,1927.945,844.54,31.025
6056.179,380966010.0,,272.518,2517.429,1190.263,3980.21,0.0,2.241,1835.567,2022.777,886.93,30.309
6220.29,385031415.0,,292.824,2598.457,1197.767,4089.048,0.001,3.747,1833.229,2073.637,919.74,29.472
6156.422,389045327.0,,245.316,2570.845,1143.199,3959.361,0.001,4.087,1872.783,2140.41,926.25,30.42
6498.731,393078326.0,,301.767,2717.76,1240.755,4260.282,0.032,7.343,1861.39,2180.564,983.77,28.642
6747.632,397135158.0,,318.621,2799.814,1289.026,4407.46,0.111,8.917,1964.872,2281.776,1021.72,29.119
6991.987,401166879.0,,336.937,2961.99,1383.286,4682.213,0.355,16.468,1912.869,2250.73,1061.6,27.358
7168.134,405147963.0,,365.959,3079.338,1433.626,4878.923,0.761,21.609,1840.794,2232.572,1102.23,25.68
7245.801,409128901.0,,383.017,3096.833,1484.237,4964.087,2.09,42.092,1776.922,2227.401,1098.76,24.523
7196.174,413134461.0,,374.872,2967.234,1545.61,4887.717,4.918,73.392,1721.715,2252.192,1128.45,23.925
7108.929,417101806.0,,359.158,2842.513,1535.02,4736.69,8.453,109.282,1752.457,2310.202,1129.58,24.651
7175.961,420982650.0,,355.84,2827.963,1542.086,4725.889,14.541,137.582,1786.479,2394.331,1138.61,24.895
7106.718,424740741.0,,345.51,2725.614,1473.532,4544.656,26.847,158.48,1819.944,2504.822,1156.58,25.609
7007.999,428318218.0,,337.753,2652.627,1399.713,4390.093,40.707,191.292,1798.569,2555.755,1157.56,25.665
6497.19,431530105.0,,300.648,2330.906,1273.058,3904.612,56.686,208.871,1754.772,2531.933,1159.21,27.008
7031.632,434254167.0,,331.694,2662.565,1461.945,4456.204,83.376,261.49,1666.544,2512.969,1226.6,23.701
7340.591,436816679.0,,276.277,2828.616,1407.066,4511.959,130.086,293.241,1858.034,2773.522,1256.978,25.312
,9687522.0,,,,,,,,,,,
,9696702.0,,,,,,,,,,,
,9708827.0,,,,,,,,,,,
,9723900.0,,,,,,,,,,,
,9738995.0,,,,,,,,,,,
,9754112.0,,,,,,,,,,,
,9769249.0,,,,,,,,,,,
,9784409.0,,,,,,,,,,,
,9799590.0,,,,,,,,,,,
,9841836.0,,,,,,,,,,,
,9911592.0,,,,,,,,,,,
,10009308.0,11361337344.0,,,,,,,,,,
,10135440.0,11364545536.0,,,,,,,,,,
,10290453.0,12400184320.0,,,,,,,,,,
,10447834.0,13502382080.0,,,,,,,,,,
,10607621.0,13761623040.0,,,,,,,,,,
,10769848.0,14578027520.0,,,,,,,,,,
,10934555.0,15386908672.0,,,,,,,,,,
,11106804.0,16329507840.0,,,,,,,,,,
,11283431.0,15849369600.0,,,,,,,,,,
,11464533.0,16865748992.0,,,,,,,,,,
,11650208.0,17745504256.0,,,,,,,,,,
,11840557.0,18335301632.0,,,,,,,,,,
,12035681.0,18857922560.0,,,,,,,,,,
,12234022.0,18170802176.0,,,,,,,,,,
,12435630.0,19115896832.0,,,,,,,,,,
,12640561.0,20157857792.0,,,,,,,,,,
,12848870.0,21526128640.0,,,,,,,,,,
,13060611.0,20206903296.0,,,,,,,,,,
,13263161.0,20517275648.0,,,,,,,,,,
,13456220.0,22757216256.0,,,,,,,,,,
,13639481.0,22880514048.0,,,,,,,,,,
,13812628.0,23241103360.0,,,,,,,,,,
,13975340.0,24100478976.0,,,,,,,,,,
,14139969.0,24746481664.0,,,,,,,,,,
,14306538.0,26429147136.0,,,,,,,,,,
,14475069.0,25628610560.0,,,,,,,,,,
,14645585.0,30607730688.0,,,,,,,,,,
,14818109.0,29763717120.0,,,,,,,,,,
,15045613.0,24972777472.0,,,,,,,,,,
,15330291.0,30867013632.0,,,,,,,,,,
,15674410.0,33418838016.0,,,,,,,,,,
,16080309.0,26486249472.0,,,,,,,,,,
,16550405.0,27534751744.0,,,,,,,,,,
,17034244.0,,,,,,,,,,,
,17532227.0,,,,,,,,,,,
,18044769.0,17737453568.0,,,,,,,,,,
,18572294.0,18638405632.0,,,,,,,,,,
,19115242.0,22007099392.0,,,,,,,,,,
,19626401.0,24026923008.0,,,,,,,,,,
,20104016.0,20805931008.0,,,,,,,,,,
,20116896.0,20683501568.0,,,,,,,,,,
,20393376.0,21744437248.0,,,,,,,,,,
,20862402.0,27730124800.0,,,,,,,,,,
,21432886.0,29181575168.0,,,,,,,,,,
,22075012.0,30416828416.0,,,,,,,,,,
,22763458.0,30446778368.0,,,,,,,,,,
,23494054.0,33165893632.0,,,,,,,,,,
,24256850.0,35296296960.0,,,,,,,,,,
,25036094.0,37308379136.0,,,,,,,,,,
,25817530.0,38358208512.0,,,,,,,,,,
,26552230.0,41131905024.0,,,,,,,,,,
,27234476.0,42813849600.0,,,,,,,,,,
,27905876.0,46825889792.0,,,,,,,,,,
,28555858.0,51350020096.0,,,,,,,,,,
74.817,29179406.0,55039778816.0,57.592,15.125,,,,,2.101,2.101,,
90.768,29838228.0,61635686400.0,65.209,22.645,,,,,2.914,2.914,,
104.285,30540604.0,67254005760.0,62.209,39.257,,,,,2.819,2.819,,
119.52,31229640.0,76123095040.0,58.731,58.04,,,,,2.748,2.748,,
144.332,31912022.0,87192453120.0,61.337,78.771,,,,,4.224,4.224,,
167.466,32601146.0,95910764544.0,65.465,98.391,,,,,3.61,3.61,,
181.19,33288372.0,105938321408.0,66.163,111.124,,,0.0,0.0,3.903,3.903,,
187.853,33976860.0,113511268352.0,67.815,115.993,,,0.0,0.0,4.045,4.045,,
232.337,34659716.0,130228568064.0,85.76,142.78,,,0.0,0.0,3.798,3.798,,
241.57,35319340.0,142674362368.0,88.446,147.488,,,0.0,0.0,5.636,5.636,,
265.597,35930700.0,153895960576.0,93.447,167.174,,,0.0,0.0,4.976,4.976,,
297.131,36456328.0,174134034432.0,104.17,187.672,,,0.0,0.0,5.289,5.289,,
341.649,36911304.0,195580968960.0,113.718,223.61,,,0.0,0.0,4.118,4.118,,
382.705,37329988.0,216801640448.0,115.067,255.698,,,0.0,0.0,5.345,5.345,,
441.152,37737924.0,235183767552.0,137.734,287.684,,,0.0,0.0,6.79,6.79,,
454.032,38170500.0,231185465344.0,153.504,284.983,,,0.0,0.0,5.679,5.679,,
475.339,38731908.0,247782703104.0,177.29,282.147,,,0.0,0.0,7.681,7.681,,
475.549,39403428.0,268261326848.0,179.69,280.068,,,0.0,0.0,5.072,5.072,,
517.045,40053744.0,303784296448.0,191.791,293.031,,,0.0,0.0,6.784,6.784,,
564.712,40664360.0,335511977984.0,231.053,294.29,,,0.0,0.0,5.908,5.908,,
624.169,41232700.0,361514860544.0,256.117,311.119,,,0.0,0.0,9.418,9.418,62.667,
700.47,41808708.0,402092261376.0,271.328,338.901,0.712,610.94,0.0,0.0,9.196,9.196,69.681,1.313
776.487,42405260.0,452221960192.0,274.92,356.264,22.023,653.207,0.0,0.0,11.726,11.726,80.251,1.51
866.703,42988456.0,506050969600.0,292.638,425.954,28.449,747.041,0.0,0.0,5.876,5.876,93.109,0.678
942.222,43567516.0,541627580416.0,284.848,486.682,27.528,799.058,0.0,0.0,8.764,8.764,103.624,0.93
1066.037,44120040.0,594764496896.0,280.564,589.911,31.642,902.117,0.003,0.0,13.85,13.853,118.461,1.299
1205.615,44487412.0,651871518720.0,281.518,717.348,36.655,1035.521,0.003,0.0,10.308,10.311,131.616,0.855
1359.716,44703708.0,687368699904.0,274.121,868.075,47.949,1190.146,0.006,0.0,9.159,9.165,146.439,0.674
1491.08,44932856.0,729369280512.0,300.518,953.182,59.903,1313.603,0.006,0.003,12.501,12.51,161.901,0.838
1607.975,45165784.0,791073914880.0,308.573,1046.295,79.738,1434.606,0.006,0.003,6.937,6.946,183.366,0.431
1756.939,45393416.0,860793733120.0,319.771,1141.576,96.432,1557.78,0.006,0.0,8.161,8.965,203.546,0.465
1940.434,45660164.0,919812636672.0,373.323,1221.481,127.404,1722.209,0.009,0.0,7.169,8.464,225.846,0.369
2131.123,45962392.0,967604961280.0,406.206,1342.776,154.828,1903.809,0.009,0.003,8.321,8.582,246.587,0.39
1948.724,46250260.0,908368084992.0,419.268,1117.262,144.842,1681.373,0.012,0.006,12.654,12.857,237.197,0.649
2123.568,46520448.0,1004162449408.0,443.767,1198.39,176.358,1818.515,0.014,0.017,12.299,12.607,262.152,0.579
2245.913,46788588.0,1086261690368.0,499.213,1227.263,198.077,1924.553,0.016,0.049,11.856,12.173,272.52,0.528
2300.119,47064784.0,1127616217088.0,531.772,1227.475,217.578,1976.825,0.018,0.037,6.845,7.181,291.92,0.298
2406.09,47320664.0,1203066634240.0,571.39,1249.256,241.777,2062.423,0.021,0.043,9.436,10.071,311.38,0.392
2483.298,47539740.0,1229830488064.0,594.577,1259.749,253.239,2107.564,0.022,0.072,14.169,14.864,324.17,0.571
2541.355,47727288.0,1281243873280.0,618.697,1250.865,296.75,2166.313,0.028,0.137,12.423,13.587,346.17,0.489
2627.459,47889576.0,1322354606080.0,637.272,1257.238,317.726,2212.235,0.041,0.372,10.518,11.917,364.38,0.4
2670.581,48049348.0,1381281431552.0,658.867,1258.553,334.986,2252.407,0.088,0.68,9.867,12.025,379.64,0.369
2750.528,48220600.0,1446721486848.0,693.764,1292.233,362.818,2348.815,0.202,1.062,10.269,13.871,402.78,0.373
2796.214,48398632.0,1477425233920.0,768.741,1232.242,373.368,2374.351,0.799,1.225,8.627,14.802,419.75,0.309
2811.591,48588024.0,1477640585216.0,797.76,1246.88,354.915,2399.555,1.581,1.914,7.856,16.029,426.91,0.279
3037.211,48813036.0,1562822836224.0,897.159,1273.999,450.165,2621.323,2.147,2.268,10.22,20.114,477.69,0.336
3177.892,49169880.0,1609219833856.0,973.284,1286.906,484.455,2744.645,2.546,2.38,12.683,23.665,500.35,0.399
3216.42,49634188.0,1646108213248.0,937.801,1332.985,525.286,2796.073,3.09,2.503,10.883,24.814,511.28,0.338
3228.407,50098228.0,1693809246208.0,948.357,1335.017,549.758,2833.132,4.545,3.129,11.69,32.313,517.21,0.362
3256.654,50558044.0,1750416228352.0,981.557,1329.79,500.04,2811.387,7.299,3.104,7.454,38.667,524.59,0.229
3314.042,50994396.0,1799248019456.0,993.216,1393.777,456.497,2843.49,11.391,3.615,5.778,44.779,524.7,0.174
3412.538,51309984.0,1849123405824.0,947.837,1519.515,476.437,2943.789,14.767,4.506,7.62,52.604,536.03,0.223
3446.665,51511640.0,1907555696640.0,1002.235,1504.568,497.564,3004.366,20.596,5.773,7.475,63.251,541.06,0.217
3505.189,51676900.0,1958392102912.0,1007.749,1499.699,578.04,3085.488,26.9,6.522,8.888,80.754,562.28,0.254
3465.476,51803832.0,,955.366,1486.995,560.338,3002.699,37.412,7.062,7.351,93.703,554.4,0.212
3334.191,51844688.0,,840.159,1405.675,575.373,2821.208,50.787,8.273,10.183,109.292,551.44,0.305
3489.739,51830136.0,,843.54,1499.434,624.074,2967.049,64.678,8.321,7.993,125.922,588.52,0.229
3530.013,51815808.0,,798.562,1519.418,619.28,2937.26,70.318,8.755,9.233,152.302,606.51,0.262
567.504,,,,,,,,,,,,
599.757,,,,,,,,,,,,
606.707,,,,,,,,,,,,
647.91,,,,,,,,,,,,
666.762,,,,,,,,,,,,
707.812,,,,,,,,,,,,
789.807,,,,,,,,,,,,
894.711,,,,,,,,,,,,
993.541,,,,,,,,,,,,
1068.438,,,,,,,,,,,,
1201.107,,,,,,,,,,,,
1338.692,,,,,,,,,,,,
1491.006,,,,,,,,,,,,
1620.882,,,,,,,,,,,,
1743.058,,,,,,,,,,,,
1893.662,,,,,,,,,,,,
2043.575,,,,,,,,,,,,
2202.181,,,,,,,,,,,,
2028.096,,,,,,,,,,,,
2225.731,,,,,,,,,,,,
2388.896,,,,,,,,,,,,
2458.494,,,,,,,,,,,,
2484.097,,,,,,,,,,,,
2579.019,,,,,,,,,,,,
2631.953,,,,,,,,,,,,
2721.981,,,,,,,,,,,,
2771.065,,,,,,,,,,,,
2870.973,,,,,,,,,,,,
2911.167,,,,,,,,,,,,
2945.376,,,,,,,,,,,,
3198.524,,,,,,,,,,,,
3324.031,,,,,,,,,,,,
3385.542,,,,,,,,,,,,
3374.752,,,,,,,,,,,,
3404.147,,,,,,,,,,,,
3499.721,,,,,,,,,,,,
3606.993,,,,,,,,,,,,
3623.747,,,,,,,,,,,,
3647.823,,,,,,,,,,,,
3639.767,,,,,,,,,,,,
3566.515,,,,,,,,,,,,
3735.163,,,,,,,,,,,,
5.969,10701605.0,,,,,,,,,,0.42,
6.313,11106037.0,,,,,,,,,,0.44,
6.531,11213286.0,,,,,,,,,,0.46,
8.004,11194300.0,,,,,,,,,,0.54,
7.728,11066116.0,,,,,,,,,,0.49,
6.773,10658230.0,,,,,,,,,,0.51,
6.983,10395332.0,,,,,,,,,,0.56,
7.809,10447677.0,,,,,,,,,,0.56,
7.458,10606224.0,,,,,,,,,,0.54,
7.868,10748278.0,,,,,,,,,,0.57,
,10913172.0,,,,,,,,,,,
1365.62,,,67.21,1019.539,147.71,1234.458,,,122.131,131.161,,8.943
1447.972,,,67.898,1076.975,157.83,1302.703,,,136.025,145.235,,9.394
1503.728,,,71.907,1108.286,170.155,1350.348,,,143.889,153.273,,9.569
1591.915,,,68.969,1181.574,178.752,1429.296,,,153.014,162.568,,9.612
1660.75,,,75.049,1226.397,184.28,1485.726,,,165.155,174.879,,9.945
1776.93,,,83.175,1296.196,188.01,1567.38,,,194.097,209.421,,10.923
1880.5,,,77.297,1375.102,191.486,1643.885,0.0,0.0,216.06,236.496,,11.49
2026.909,,,75.724,1482.394,202.4,1760.517,0.0,0.0,244.521,266.184,,12.064
2224.614,,,79.037,1619.171,229.727,1927.936,0.0,0.0,275.029,296.547,,12.363
2358.924,,,86.275,1688.725,242.955,2017.956,0.0,0.0,315.993,337.954,,13.396
2380.81,,,90.535,1675.767,241.73,2008.032,0.0,0.0,342.763,365.564,,14.397
2537.681,,,91.111,1749.631,282.584,2123.326,0.0,0.0,382.707,407.005,,15.081
2693.108,,,104.119,1826.369,304.864,2235.353,0.0,0.0,423.217,453.11,,15.715
2835.662,,,111.576,1896.902,315.205,2323.683,0.0,0.0,467.759,503.761,,16.496
3029.103,,,118.004,1990.804,339.187,2447.994,0.0,0.0,531.625,573.47,,17.551
3131.78,,,125.109,1996.785,360.907,2482.8,0.0,0.0,595.664,642.34,,19.02
3133.298,,,123.522,1980.144,372.047,2475.713,0.0,0.0,604.54,649.595,,19.294
3171.658,,,124.233,1923.266,412.864,2460.363,0.0,0.0,651.111,705.989,,20.529
3191.775,,,138.15,1846.222,427.558,2411.929,0.0,0.0,701.129,770.184,,21.967
3319.142,,,158.641,1830.318,461.569,2450.528,0.0,0.0,773.574,850.783,,23.306
3425.434,,,183.82,1818.404,471.374,2473.598,0.0,0.0,838.331,925.881,408.714,24.474
3631.6,,,185.604,1911.136,509.4,2606.139,0.0,0.0,904.861,1008.847,439.902,24.916
3769.483,,,204.587,1960.506,511.251,2676.344,0.0,0.0,965.546,1072.034,462.064,25.615
3883.306,,,202.709,1994.204,554.604,2751.517,0.0,0.0,1003.082,1113.612,484.415,25.831
3966.267,,,218.937,2008.063,575.122,2802.122,0.0,0.0,1027.136,1144.654,497.248,25.897
3999.195,,,183.941,2009.603,595.61,2789.154,0.0,0.0,1066.891,1183.032,508.581,26.678
4105.387,,,194.68,2022.953,605.157,2822.79,0.0,0.0,1138.726,1256.497,534.102,27.737
4240.935,,,204.236,2109.144,622.543,2935.923,0.0,0.0,1159.663,1279.928,550.708,27.345
4406.749,,,206.663,2134.903,669.835,3011.4,0.0,0.005,1251.622,1372.104,582.039,28.402
4676.079,,,219.042,2277.683,703.931,3200.656,0.0,0.023,1324.012,1451.9,611.217,28.315
4905.255,,,222.486,2377.18,774.345,3374.011,0.0,0.023,1371.273,1504.046,646.398,27.955
5111.449,,,229.013,2431.76,857.198,3517.972,0.0,0.124,1425.824,1565.426,678.785,27.895
5389.093,,,245.927,2593.212,874.904,3714.043,0.0,0.304,1504.541,1643.469,717.67,27.918
5589.349,,,241.291,2704.167,937.866,3883.325,0.0,0.329,1539.592,1675.611,748.91,27.545
5612.073,,,239.11,2729.645,925.225,3893.979,0.0,0.439,1543.997,1686.645,772.478,27.512
5815.826,,,243.519,2794.997,983.337,4021.852,0.008,0.746,1627.27,1759.291,808.764,27.98
5797.776,,,230.526,2826.42,1031.905,4088.851,0.012,0.943,1516.571,1648.772,796.485,26.158
5869.718,,,229.729,2817.406,1042.243,4089.378,0.019,1.339,1581.696,1725.283,821.405,26.947
5955.731,,,243.34,2771.873,1095.907,4111.12,0.025,1.285,1640.205,1786.381,861.268,27.54
6264.792,,,258.017,2887.156,1224.231,4369.405,0.032,1.566,1683.688,1841.52,901.978,26.875
6442.281,,,241.302,2944.737,1271.391,4457.43,0.052,1.524,1773.101,1938.886,943.313,27.523
6736.593,,,279.906,3014.379,1375.143,4669.428,0.024,2.202,1841.726,2008.529,988.512,27.339
7038.162,,,299.829,3172.818,1411.423,4884.07,0.032,3.284,1892.907,2100.9,1034.261,26.895
7190.146,,,319.305,3241.715,1414.436,4975.455,0.043,4.694,1895.467,2157.086,1072.018,26.362
7089.375,,,269.839,3182.151,1358.441,4810.43,0.069,5.803,1931.559,2222.292,1083.078,27.246
7452.979,,,325.32,3326.359,1472.789,5124.468,0.174,9.572,1926.236,2270.626,1140.503,25.845
7705.951,,,346.952,3407.174,1521.298,5275.423,0.366,11.93,2028.652,2372.132,1181.21,26.326
7953.662,,,365.1,3562.127,1617.889,5545.116,0.928,21.024,1980.914,2349.502,1231.392,24.906
8126.662,,,398.949,3664.505,1673.107,5736.561,1.45,27.806,1907.116,2333.462,1270.264,23.467
8212.818,,,418.46,3685.409,1726.126,5829.996,3.003,50.464,1840.081,2328.51,1289.869,22.405
8203.821,,,411.955,3597.165,1778.417,5787.537,7.683,84.772,1785.952,2360.019,1299.23,21.77
8122.029,,,397.762,3494.741,1742.734,5635.237,13.028,121.021,1818.848,2424.755,1306.713,22.394
8199.033,,,387.804,3471.208,1761.62,5620.632,20.257,149.449,1866.135,2522.659,1305.709,22.76
8136.121,,,381.453,3369.374,1690.128,5440.954,33.777,173.941,1897.684,2637.927,1315.053,23.324
8058.733,,,387.278,3301.313,1628.808,5317.398,49.637,207.692,1859.759,2679.184,1332.531,23.078
7448.45,,,357.401,2887.797,1474.521,4719.719,67.025,224.051,1830.156,2668.085,1321.423,24.571
8037.367,,,391.473,3242.152,1679.113,5312.738,95.706,277.964,1749.894,2662.17,1378.931,21.772
8363.304,,,329.306,3436.634,1617.286,5383.227,142.819,308.579,1945.554,2924.967,1410.411,23.263
,18592411.0,49682616320.0,,,,,,,,,,
,18701066.0,53831213056.0,,,,,,,,,,
,18818864.0,51479121920.0,,,,,,,,,,
,18945905.0,51327246336.0,,,,,,,,,,
,19073803.0,50673000448.0,,,,,,,,,,
,19202565.0,50166726656.0,,,,,,,,,,
,19332196.0,53601898496.0,,,,,,,,,,
,19462702.0,55004598272.0,,,,,,,,,,
,19594089.0,57129443328.0,,,,,,,,,,
,19726214.0,58729136128.0,,,,,,,,,,
,19859082.0,56059133952.0,,,,,,,,,,
,19992695.0,60521836544.0,,,,,,,,,,
,20127058.0,58673119232.0,,,,,,,,,,
,20262175.0,62146621440.0,,,,,,,,,,
,20398200.0,60418875392.0,,,,,,,,,,
,20535137.0,61050556416.0,,,,,,,,,,
,20672994.0,63590146048.0,,,,,,,,,,
,20811776.0,62724354048.0,,,,,,,,,,
,20951479.0,62410051584.0,,,,,,,,,,
,21105927.0,63779184640.0,,,,,,,,,,
,21275357.0,68876607488.0,,,,,,,,,,
,21460007.0,71127343104.0,,,,,,,,,,
,21660122.0,74119159808.0,,,,,,,,,,
,21875945.0,75000750080.0,,,,,,,,,,
,22093919.0,77638737920.0,,,,,,,,,,
,22314065.0,83037700096.0,,,,,,,,,,
,22536404.0,82190696448.0,,,,,,,,,,
,22760959.0,90055376896.0,,,,,,,,,,
,22987751.0,89771139072.0,,,,,,,,,,
,23214389.0,96855326720.0,,,,,,,,,,
,23440849.0,91974737920.0,,,,,,,,,,
,23667105.0,89657221120.0,,,,,,,,,,
,23893132.0,92146835456.0,,,,,,,,,,
,24118905.0,89010176000.0,,,,,,,,,,
,24346811.0,92112265216.0,,,,,,,,,,
,24576871.0,93547675648.0,,,,,,,,,,
,24809105.0,71353556992.0,,,,,,,,,,
,25043533.0,66464120832.0,,,,,,,,,,
,25280177.0,66635444224.0,,,,,,,,,,
,25514739.0,73616547840.0,,,,,,,,,,
,25747164.0,81649688576.0,,,,,,,,,,
,25977393.0,82898984960.0,,,,,,,,,,
,26205369.0,88861704192.0,,,,,,,,,,
,26431030.0,93700235264.0,,,,,,,,,,
,26658635.0,97759543296.0,,,,,,,,,,
,26888200.0,89974317056.0,,,,,,,,,,
,27119742.0,93812678656.0,,,,,,,,,,
,27353278.0,95634399232.0,,,,,,,,,,
,27588824.0,95425888256.0,,,,,,,,,,
,27827617.0,94981185536.0,,,,,,,,,,
,28069696.0,97210105856.0,,,,,,,,,,
,28207082.0,107249459200.0,,,,,,,,,,
,28404774.0,117197217792.0,,,,,,,,,,
,28633540.0,117117583360.0,,,,,,,,,,
,28862382.0,125773463552.0,,,,,,,,,,
,29095376.0,130233868288.0,,,,,,,,,,
,29329782.0,141062930432.0,,,,,,,,,,
,29577444.0,146223906816.0,,,,,,,,,,
,29857444.0,155829633024.0,,,,,,,,,,
,30150510.0,154446086144.0,,,,,,,,,,
,30415594.0,154339655680.0,,,,,,,,,,
,30711868.0,172660047872.0,,,,,,,,,,
,31052630.0,189534486528.0,,,,,,,,,,
,31388554.0,208662675456.0,,,,,,,,,,
,31747644.0,220440281088.0,,,,,,,,,,
337.407,32112016.0,238067073024.0,112.811,166.381,,,0.0,0.0,58.214,58.214,,
381.803,32462272.0,255754010624.0,104.368,196.833,,,0.0,0.0,80.602,80.602,,
411.542,32814224.0,269865009152.0,106.066,238.48,,,0.0,0.0,66.997,66.997,,
433.019,33157582.0,286057431040.0,107.368,253.301,,,0.0,0.0,72.115,72.115,,
490.208,33480508.0,312399527936.0,108.043,288.381,0.939,397.363,0.0,0.0,90.493,90.493,,18.46
528.761,33792624.0,322199191552.0,114.137,328.986,0.747,443.87,0.0,0.0,82.122,82.272,,15.531
582.201,34133624.0,338325897216.0,114.707,362.11,3.979,480.796,0.0,0.0,94.08,94.246,,16.159
629.562,34515176.0,372604076032.0,117.475,381.815,11.716,511.005,0.0,0.0,104.881,105.076,,16.659
689.238,34898152.0,405429714944.0,115.056,458.627,11.312,584.995,0.0,0.0,85.492,85.671,,12.404
717.367,35329900.0,435862962176.0,111.439,480.741,14.14,606.32,0.0,0.0,90.389,90.552,,12.6
736.829,35760432.0,448847380480.0,123.499,499.905,14.584,637.988,0.0,0.0,77.074,77.435,,10.46
787.319,36139072.0,469865955328.0,119.615,567.028,16.746,703.389,0.0,0.0,61.896,62.493,,7.862
816.26,36513080.0,486169149440.0,128.128,535.355,16.099,679.582,0.0,0.0,117.18,118.166,,14.356
819.629,36865440.0,500314800128.0,110.113,551.288,16.493,677.895,0.0,0.0,119.022,120.031,,14.521
882.752,37188964.0,508933406720.0,125.499,584.307,15.938,725.744,0.0,0.0,137.195,137.997,,15.542
887.016,37491664.0,525136953344.0,144.666,618.668,20.432,783.766,0.0,0.0,87.379,88.535,,9.851
894.217,37758648.0,524547358720.0,178.462,599.039,23.331,800.832,0.0,0.0,64.882,66.236,,7.256
893.8,37982144.0,533475590144.0,197.768,566.287,25.442,789.497,0.0,0.0,77.86,79.415,,8.711
914.974,38169764.0,543627968512.0,208.014,567.431,27.512,802.957,0.0,0.0,79.978,81.765,,8.741
929.585,38329928.0,548895817728.0,211.48,535.181,22.563,769.224,0.0,0.0,93.098,94.854,,10.015
922.283,38471924.0,566076964864.0,209.084,515.221,23.937,748.242,0.0,0.0,92.515,94.466,126.562,10.031
941.692,38590808.0,589787037696.0,216.667,510.479,28.199,755.345,0.0,0.0,78.342,80.06,128.537,8.319
976.362,38694532.0,632511266816.0,210.201,536.097,30.189,776.486,0.0,0.0,80.971,82.768,132.665,8.293
1019.785,38781724.0,674538651648.0,182.382,548.88,38.956,770.217,0.0,0.0,104.222,106.37,138.759,10.22
1068.388,38847320.0,719939436544.0,224.831,575.179,50.005,850.015,0.018,0.038,57.215,59.114,147.055,5.355
1068.754,38889888.0,756125007872.0,223.436,556.6,57.794,837.83,0.018,0.041,75.149,76.938,151.21,7.031
1106.518,38997064.0,787366543360.0,232.588,568.649,65.11,866.347,0.021,0.044,80.673,82.468,154.75,7.291
1159.128,39202248.0,805944623104.0,237.299,637.358,68.079,942.736,0.024,0.305,55.946,58.11,156.69,4.827
1121.501,39420540.0,799270240256.0,213.457,607.893,66.78,888.13,0.027,0.343,72.083,74.3,155.46,6.427
1174.692,39623732.0,827806515200.0,220.063,638.545,73.218,931.825,0.03,0.517,83.328,85.915,160.9,7.094
1219.41,39814568.0,865578975232.0,220.586,679.264,89.793,989.643,0.044,0.798,68.342,72.412,165.6,5.605
1266.568,39996476.0,895966511104.0,186.394,697.584,100.49,984.468,0.035,1.076,117.694,122.263,173.37,9.292
1336.445,40180048.0,937387425792.0,213.469,724.838,131.489,1069.795,0.038,2.194,102.838,109.741,189.14,7.695
1400.882,40362356.0,988972449792.0,203.42,785.599,134.987,1124.007,0.044,3.998,100.552,109.482,193.39,7.178
1443.704,40542232.0,1044700856320.0,227.983,812.929,154.525,1195.437,0.05,8.114,67.606,81.273,205.63,4.683
1527.637,40741652.0,1108745388032.0,243.486,823.617,176.964,1244.066,0.053,13.978,87.438,107.06,220.92,5.724
1597.853,40966448.0,1164389515264.0,222.924,858.152,190.694,1271.771,0.071,19.857,120.529,146.484,233.07,7.543
1615.075,41477652.0,1206112747520.0,251.185,865.242,218.034,1334.461,0.088,27.268,66.9,104.112,239.91,4.142
1706.87,42230268.0,1254542540800.0,234.1,885.715,248.287,1368.103,0.119,35.019,119.062,166.572,257.3,6.975
1769.33,42959672.0,1307501395968.0,244.8,906.607,292.691,1444.098,0.161,45.242,91.279,149.347,273.65,5.159
1781.447,43685372.0,1365024047104.0,238.566,914.422,347.02,1500.008,0.117,60.636,51.175,123.338,284.46,2.873
1807.2,44422824.0,1434224295936.0,208.27,920.487,363.174,1491.931,0.339,66.289,73.668,151.099,295.26,4.076
1846.826,45245784.0,1498934280192.0,233.03,927.297,369.573,1529.9,1.436,77.952,77.005,167.411,301.53,4.17
1795.815,45966544.0,1528105271296.0,157.052,895.166,405.922,1458.139,7.244,92.58,66.126,178.654,310.67,3.682
1664.806,46367772.0,1486563442688.0,109.671,839.865,363.077,1312.613,16.943,105.807,73.595,210.799,291.53,4.421
1709.882,46572776.0,1498927202304.0,80.212,817.32,361.965,1259.497,19.608,121.241,116.673,286.282,298.15,6.823
1677.629,46729232.0,1495441604608.0,148.759,779.997,336.461,1265.217,23.944,117.058,84.404,259.587,291.37,5.031
1668.326,46756084.0,1453746159616.0,180.172,729.068,332.256,1241.496,32.81,135.649,56.333,265.093,293.77,3.377
1584.891,46603460.0,1429213675520.0,132.547,685.279,303.281,1121.107,35.733,151.989,100.241,315.414,281.47,6.325
1555.551,46464548.0,1450312204288.0,135.362,683.491,275.239,1094.091,37.042,140.908,106.113,312.488,274.94,6.822
1574.962,46431344.0,1497526566912.0,159.173,706.523,285.438,1151.134,37.32,132.831,75.78,275.743,277.48,4.812
1589.974,46473320.0,1417044295680.0,122.07,730.212,291.216,1143.498,36.519,130.945,97.406,295.892,271.19,6.126
1608.111,46584168.0,1458021990400.0,156.41,733.986,317.121,1207.517,38.111,130.741,48.76,252.19,272.9,3.032
1637.08,46792044.0,1492300201984.0,134.022,748.057,314.973,1197.051,33.717,134.657,90.838,298.448,271.88,5.549
1591.384,47131372.0,,58.984,748.729,359.745,1167.457,39.825,139.941,59.273,276.517,270.89,3.725
1439.447,47363808.0,,34.386,615.078,324.902,974.366,54.278,148.237,80.119,318.156,259.73,5.566
1542.929,47486932.0,,35.731,673.233,343.243,1052.208,70.907,162.394,77.522,348.692,270.81,5.024
1598.699,47558632.0,,46.911,737.947,330.969,1115.827,88.013,163.476,47.546,336.273,284.81,2.974
10.454,11035228.0,23850108928.0,0.0,9.375,,,0.0,0.0,1.079,1.079,,
10.781,11299725.0,23609036800.0,0.0,9.601,,,0.0,0.0,1.18,1.18,,
11.047,11571012.0,25750589440.0,0.0,9.834,,,0.0,0.0,1.212,1.212,,
11.483,11846820.0,27687378944.0,0.0,10.081,,,0.0,0.0,1.402,1.402,,
11.927,12119211.0,28778194944.0,0.0,10.304,,,0.0,0.0,1.623,1.623,,
19.764,12388767.0,30146121728.0,0.0,17.575,,,0.0,0.0,2.189,2.189,,
20.131,12654656.0,29882785792.0,0.0,17.69,,,0.0,0.0,2.441,2.441,,
21.116,12914457.0,30521860096.0,0.0,18.612,,,0.0,0.0,2.505,2.505,,
21.854,13169738.0,31750252544.0,0.0,19.797,,,0.0,0.0,2.057,2.057,,
18.762,13418276.0,32792926208.0,0.0,15.812,,,0.0,0.0,2.95,2.95,,
19.575,13662872.0,33538555904.0,0.0,16.392,,,0.0,0.0,3.183,3.183,,
19.248,13910170.0,34528292864.0,0.005,15.962,,,0.0,0.0,3.281,3.281,,
20.68,14159059.0,36792483840.0,0.029,17.061,,,0.0,0.0,3.589,3.589,,
21.688,14414817.0,39092871168.0,0.03,17.617,,,0.0,0.0,4.04,4.04,,
22.81,14680394.0,41652559872.0,0.02,18.468,,,0.0,0.0,4.323,4.323,,
23.013,14943644.0,43918266368.0,0.027,18.61,,,0.0,0.0,4.377,4.377,,
24.163,15198920.0,46696931328.0,0.015,19.501,,,0.0,0.0,4.647,4.647,,
26.031,15438754.0,49078292480.0,0.207,21.07,,,0.0,0.0,4.754,4.754,,
25.673,15658448.0,51583627264.0,0.208,21.866,,,0.0,0.0,3.599,3.599,,
27.215,15872577.0,54113816576.0,0.404,20.624,,,0.0,0.0,6.187,6.187,,
25.696,16092339.0,56399376384.0,0.245,18.367,,,0.0,0.0,7.084,7.084,2.465,
27.047,16317998.0,59240607744.0,0.092,19.134,,,0.0,0.0,7.822,7.822,2.652,
27.813,16547143.0,59820584960.0,0.086,21.29,,,0.0,0.0,6.437,6.437,2.707,
27.516,16773736.0,61408886784.0,0.044,19.794,,,0.0,0.0,7.678,7.678,2.798,
26.795,16990582.0,63032209408.0,0.005,18.507,,,0.0,0.0,8.283,8.283,2.858,
29.887,17204098.0,67098669056.0,0.0,20.588,,,0.0,0.0,9.299,9.299,3.15,
29.827,17416596.0,74080436224.0,0.007,20.604,,,0.0,0.0,9.216,9.216,3.377,
31.998,17624462.0,71480508416.0,0.007,23.417,,,0.0,0.0,8.575,8.575,3.54,
34.901,17825610.0,76299010048.0,0.004,23.672,,,0.0,0.0,11.225,11.225,3.979,
37.809,18011746.0,81620721664.0,0.004,25.714,,,0.0,0.0,12.091,12.091,4.387,
40.738,18177570.0,85976457216.0,0.012,27.378,,,0.0,0.0,13.348,13.348,4.8,
42.855,18322504.0,95501516800.0,0.002,33.237,,,0.0,0.0,9.616,9.616,4.528,
44.234,18449120.0,104208875520.0,0.0,34.04,,,0.0,0.0,10.194,10.194,5.144,
47.156,18560806.0,101234851840.0,0.002,35.577,,,0.0,0.0,11.576,11.576,5.675,
50.719,18670408.0,102672506880.0,0.0,38.356,,,0.0,0.01,12.353,12.363,6.281,
53.547,18776374.0,109929504768.0,0.004,44.057,,,0.001,0.01,9.475,9.486,6.45,
52.033,18920278.0,106524524544.0,0.001,42.859,,,0.003,0.01,9.16,9.172,6.53,
53.509,19110706.0,109263151104.0,0.127,45.486,,,0.004,0.011,7.882,7.897,6.8,
55.062,19303182.0,114821947392.0,0.695,44.725,,,0.007,0.01,9.625,9.642,7.41,
53.507,19490434.0,120199782400.0,0.183,44.749,,,0.01,0.008,8.556,8.575,7.88,
61.786,19673866.0,126997200896.0,0.679,51.173,,,0.013,0.007,9.906,9.933,8.93,
66.334,19870706.0,136077287424.0,0.51,52.585,,,0.015,0.007,13.212,13.24,8.41,
67.44,20078652.0,144588128256.0,0.497,55.729,0.0,56.226,0.017,0.007,11.187,11.214,9.51,16.589
63.576,20285640.0,152344330240.0,0.67,51.229,,,0.018,0.009,11.631,11.677,9.62,
64.46,20482484.0,156834529280.0,0.682,52.809,,,0.019,0.01,10.867,10.969,9.61,
69.616,20668556.0,168381513728.0,0.697,52.981,,,0.02,0.148,15.667,15.938,10.45,
75.579,20859746.0,181535899648.0,3.479,59.077,,,0.024,0.253,12.645,13.023,11.19,
77.952,21017150.0,198073286656.0,5.303,63.094,,,0.027,0.403,9.054,9.555,11.37,
79.214,21131762.0,204781568000.0,5.579,53.987,,,0.039,0.639,18.885,19.648,11.66,
85.122,21239448.0,215248519168.0,10.707,61.107,,,0.076,0.738,12.361,13.307,11.97,
95.523,21336692.0,226113847296.0,14.409,63.772,,,0.131,0.924,16.104,17.342,12.72,
104.517,21425494.0,236870762496.0,15.254,76.56,,,0.222,0.923,11.328,12.703,13.69,
101.647,21506816.0,245345992704.0,15.801,73.33,,,0.598,0.976,10.729,12.516,14.69,
105.246,21580712.0,253457137664.0,15.27,71.022,,,0.85,0.863,16.963,18.954,14.96,
107.677,21649664.0,,16.297,76.084,,,1.319,0.918,12.684,15.296,15.89,
105.386,21715076.0,,19.583,69.89,,,1.611,0.92,13.069,15.912,15.58,
106.353,21773438.0,,18.784,64.876,,,2.318,1.287,18.778,22.693,16.35,
94.918,21832150.0,,16.956,55.15,,,2.642,1.282,18.577,22.812,16.923,
15.199,16673591.0,,,,,,,,,,,
16.539,17404334.0,,,,,,,,,,,
17.856,18128632.0,,,,,,,,,,,
17.242,18734000.0,,,,,,,,,,,
15.978,19165838.0,,,,,,,,,,,
18.306,19517200.0,,,,,,,,,,,
20.166,19887458.0,,,,,,,,,,,
19.422,20230532.0,,,,,,,,,,,
21.012,20453818.0,,,,,,,,,,,
20.408,20718704.0,,,,,,,,,,,
18.628,21090892.0,,,,,,,,,,,
25.898,21453710.0,,,,,,,,,,,
23.91,21780058.0,,,,,,,,,,,
22.676,22163254.0,,,,,,,,,,,
20.844,22703632.0,,,,,,,,,,,
19.229,23290602.0,,,,,,,,,,,
19.548,23862260.0,,,,,,,,,,,
19.942,24454376.0,,,,,,,,,,,
19.969,25029146.0,,,,,,,,,,,
21.594,25634162.0,,,,,,,,,,,
31.099,26298778.0,,,,,,,,,,2.58,
33.413,26947252.0,,,,,,,,,,2.83,
39.557,27570326.0,,,,,,,,,,3.09,
41.019,28188984.0,,,,,,,,,,3.33,
44.981,28831556.0,,,,,,,,,,3.46,
52.217,29540584.0,,,,,,,,,,3.8,
62.257,30332970.0,,,,,,,,,,4.46,
66.082,31191168.0,,,,,,,,,,4.94,
72.024,32065240.0,,,,,,,,,,5.4,
77.592,32948156.0,,,,,,,,,,6.42,
87.871,33739932.0,,,,,,,,,,7.5,
84.763,34419628.0,,,,,,,,,,8.38,
81.786,35159792.0,,,,,,,,,,9.33,
85.838,35990708.0,,,,,,,,,,10.23,
88.025,37003248.0,,,,,,,,,,11.27,
91.009,38171172.0,,,,,,,,,,12.82,
105.69,39377168.0,,,,,,,,,,14.1,
107.986,40679820.0,,,,,,,,,,15.22,
107.297,41999064.0,,,,,,,,,,15.9,
106.323,43232092.0,,,,,,,,,,16.31,
105.69,44440484.0,,,,,,,,,,16.47,
105.806,45657204.0,,,,,,,,,,16.59,
,46874200.0,,,,,,,,,,,
,88412.0,,,,,,,,,,,
,88474.0,,,,,,,,,,,
,88536.0,,,,,,,,,,,
,88599.0,,,,,,,,,,,
,88661.0,,,,,,,,,,,
,88723.0,,,,,,,,,,,
,88785.0,,,,,,,,,,,
,88846.0,,,,,,,,,,,
,88908.0,,,,,,,,,,,
,89589.0,,,,,,,,,,,
,90910.0,,,,,,,,,,,
,92894.0,,,,,,,,,,,
,95564.0,,,,,,,,,,,
,98944.0,,,,,,,,,,,
,102443.0,,,,,,,,,,,
,106066.0,,,,,,,,,,,
,109817.0,,,,,,,,,,,
,113701.0,,,,,,,,,,,
,117854.0,,,,,,,,,,,
,121535.0,,,,,,,,,,,
,124719.0,,,,,,,,,,,
,127380.0,,,,,,,,,,,
,129491.0,,,,,,,,,,,
,131025.0,,,,,,,,,,,
,132578.0,,,,,,,,,,,
,134148.0,,,,,,,,,,,
,135738.0,,,,,,,,,,,
,137346.0,,,,,,,,,,,
,138973.0,,,,,,,,,,,
,140812.0,,,,,,,,,,,
,142870.0,,,,,,,,,,,
,145151.0,,,,,,,,,,,
,147664.0,,,,,,,,,,,
,150414.0,,,,,,,,,,,
,153214.0,,,,,,,,,,,
,156067.0,,,,,,,,,,,
,158974.0,,,,,,,,,,,
,161934.0,,,,,,,,,,,
,164949.0,,,,,,,,,,,
,167807.0,,,,,,,,,,,
,170501.0,,,,,,,,,,,
,173026.0,,,,,,,,,,,
,175376.0,,,,,,,,,,,
,177545.0,,,,,,,,,,,
,179741.0,,,,,,,,,,,
,181965.0,,,,,,,,,,,
,184215.0,,,,,,,,,,,
,186494.0,,,,,,,,,,,
,188801.0,,,,,,,,,,,
,191880.0,,,,,,,,,,,
,195769.0,,,,,,,,,,,
,201005.0,,,,,,,,,,,
,207121.0,,,,,,,,,,,
,213490.0,,,,,,,,,,,
,220156.0,,,,,,,,,,,
,227154.0,,,,,,,,,,,
,234527.0,,,,,,,,,,,
,242331.0,,,,,,,,,,,
,250574.0,,,,,,,,,,,
,259270.0,,,,,,,,,,,
,268404.0,,,,,,,,,,,
,277977.0,,,,,,,,,,,
,288298.0,,,,,,,,,,,
,299339.0,,,,,,,,,,,
,310295.0,,,,,,,,,,,
,321082.0,,,,,,,,,,,
,332147.0,,,,,,,,,,,
,343635.0,,,,,,,,,,,
,355480.0,,,,,,,,,,,
,367625.0,,,,,,,,,,,
,379928.0,,,,,,,,,,,
,392039.0,,,,,,,,,,,
,397544.0,,,,,,,,,,,
,396348.0,,,,,,,,,,,
,394532.0,,,,,,,,,,,
,392140.0,,,,,,,,,,,
,389244.0,,,,,,,,,,,
,385818.0,,,,,,,,,,,
,381891.0,,,,,,,,,,,
,377373.0,,,,,,,,,,,
11.436,375123.0,,,,,,,,,,,
10.005,375865.0,,,,,,,,,,,
10.074,377302.0,,,,,,,,,,,
7.186,379421.0,,,,,,,,,,,
6.775,382625.0,,,,,,,,,,,
8.304,387181.0,,,,,,,,,,,
7.64,392380.0,,,,,,,,,,,
5.539,396873.0,,,,,,,,,,,
6.501,402145.0,,,,,,,,,,,
8.759,408374.0,,,,,,,,,,,
10.056,412767.0,,,,,,,,,,,
10.322,415988.0,,,,,,,,,,,
10.073,419531.0,,,,,,,,,,,
10.327,422384.0,,,,,,,,,,,
10.343,426553.0,,,,,,,,,,,
9.93,434497.0,,,,,,,,,,,
9.811,443840.0,,,,,,,,,,,
10.031,452895.0,,,,,,,,,,,
10.025,461754.0,,,,,,,,,,,
10.087,470469.0,,,,,,,,,,,
8.363,479011.0,,,,,,,,,,1.4,
8.256,487402.0,,,,,,,,,,1.42,
9.158,495678.0,,,,,,,,,,1.43,
8.114,503786.0,,,,,,,,,,1.44,
9.196,510588.0,,,,,,,,,,1.45,
9.358,516228.0,,,,,,,,,,1.52,
10.199,522035.0,,,,,,,,,,1.56,
9.535,527958.0,,,,,,,,,,1.56,
11.281,533939.0,,,,,,,,,,1.56,
11.473,539996.0,,,,,,,,,,1.56,
13.78,546085.0,,,,,,,,,,1.68,
11.212,552154.0,,,,,,,,,,1.89,
12.209,558111.0,,,,,,,,,,1.89,
11.753,563952.0,,,,,,,,,,1.92,
11.44,569687.0,,,,,,,,,,1.92,
10.528,575478.0,,,,,,,,,,1.95,
10.94,581462.0,,,,,,,,,,1.92,
12.749,587566.0,,,,,,,,,,1.88,
12.877,593729.0,,,,,,,,,,1.89,
12.984,600305.0,,,,,,,,,,1.95,
12.358,607068.0,,,,,,,,,,1.92,
12.434,612989.0,,,,,,,,,,2.02,
,5123503.0,16988439552.0,,,,,,,,,,
,5157047.0,17561335808.0,,,,,,,,,,
,5190268.0,17438693376.0,,,,,,,,,,
,5223160.0,18438189056.0,,,,,,,,,,
,5256260.0,18862358528.0,,,,,,,,,,
,5289570.0,18721067008.0,,,,,,,,,,
,5323091.0,20356450304.0,,,,,,,,,,
,5356825.0,21883344896.0,,,,,,,,,,
,5390772.0,21394436096.0,,,,,,,,,,
,5426317.0,21702940672.0,,,,,,,,,,
,5463482.0,22287446016.0,,,,,,,,,,
,5502286.0,23021467648.0,,,,,,,,,,
,5542751.0,24073895936.0,,,,,,,,,,
,5584898.0,25749800960.0,,,,,,,,,,
,5627365.0,26472802304.0,,,,,,,,,,
,5670156.0,27574335488.0,,,,,,,,,,
,5713272.0,29300115456.0,,,,,,,,,,
,5756715.0,27733420032.0,,,,,,,,,,
,5800311.0,25748238336.0,,,,,,,,,,
,5840331.0,26252490752.0,,,,,,,,,,
,5876734.0,28134287360.0,,,,,,,,,,
,5909474.0,26935447552.0,,,,,,,,,,
,5938507.0,29066827776.0,,,,,,,,,,
,5963789.0,30122930176.0,,,,,,,,,,
,5989178.0,32302665728.0,,,,,,,,,,
,6014675.0,33174960128.0,,,,,,,,,,
,6040280.0,34904383488.0,,,,,,,,,,
,6065995.0,36133302272.0,,,,,,,,,,
,6091819.0,37270962176.0,,,,,,,,,,
,6116959.0,39587786752.0,,,,,,,,,,
,6141408.0,41414905856.0,,,,,,,,,,
,6165161.0,40492462080.0,,,,,,,,,,
,6188213.0,39063199744.0,,,,,,,,,,
,6210556.0,39866228736.0,,,,,,,,,,
,6232980.0,42589589504.0,,,,,,,,,,
,6255485.0,44692721664.0,,,,,,,,,,
,6278071.0,46291562496.0,,,,,,,,,,
,6300739.0,47565803520.0,,,,,,,,,,
,6323489.0,49192165376.0,,,,,,,,,,
,6354332.0,52948619264.0,,,,,,,,,,
,6393377.0,49189085184.0,,,,,,,,,,
,6440733.0,47987777536.0,,,,,,,,,,
,6496512.0,48606625792.0,,,,,,,,,,
,6560825.0,50485710848.0,,,,,,,,,,
,6625775.0,52394721280.0,,,,,,,,,,
,6691367.0,54413635584.0,,,,,,,,,,
,6757610.0,60471001088.0,,,,,,,,,,
,6824507.0,66050326528.0,,,,,,,,,,
,6892068.0,67604824064.0,,,,,,,,,,
,6955459.0,70433284096.0,,,,,,,,,,
,7014611.0,75344388096.0,,,,,,,,,,
,7068422.0,78314389504.0,,,,,,,,,,
,7119455.0,79458000896.0,,,,,,,,,,
,7169979.0,81670520832.0,,,,,,,,,,
,7217603.0,85106188288.0,,,,,,,,,,
,7264358.0,87579721728.0,,,,,,,,,,
,7312100.0,90910818304.0,,,,,,,,,,
,7358125.0,94988238848.0,,,,,,,,,,
,7403293.0,95457558528.0,,,,,,,,,,
,7449319.0,98369110016.0,,,,,,,,,,
,7492907.0,103590518784.0,,,,,,,,,,
,7536314.0,109521281024.0,,,,,,,,,,
,7582638.0,114133262336.0,,,,,,,,,,
,7632938.0,120204034048.0,,,,,,,,,,
,7691821.0,128406020096.0,,,,,,,,,,
392.954,7755758.0,133326422016.0,25.927,229.703,,,0.0,0.0,137.272,137.272,,
419.035,7819976.0,136109056000.0,24.74,259.657,,,0.0,0.0,134.51,134.51,,
429.217,7882645.0,140703449088.0,24.557,258.78,,,0.0,0.0,145.738,145.738,,
458.35,7937776.0,145802330112.0,21.454,292.71,,,0.0,0.0,144.121,144.121,,
458.328,7983538.0,153105121280.0,20.949,313.515,,,0.0,0.0,123.691,123.691,,
486.529,8027701.0,163023568896.0,22.13,341.142,,,0.0,0.0,122.683,123.098,,
495.322,8073823.0,164551360512.0,19.949,320.807,,,0.0,0.0,153.799,154.31,,
510.221,8117718.0,168328445952.0,17.14,329.285,,,0.0,0.0,158.917,159.639,,
539.842,8156938.0,175018737664.0,18.945,336.592,,,0.0,0.0,177.041,178.315,,
499.548,8193157.0,180619247616.0,20.93,302.318,,,0.0,0.0,169.332,170.472,,
529.476,8224408.0,185219153920.0,22.575,301.485,,,0.0,0.0,170.465,171.454,,
562.746,8246992.0,187173830656.0,21.671,332.426,,,0.0,0.0,162.138,163.268,,
555.369,8265245.0,184201150464.0,17.202,322.33,,,0.0,0.0,158.184,159.333,,
645.843,8281304.0,187418296320.0,17.646,389.062,,,0.0,0.0,170.775,171.656,,
681.112,8296037.0,194618703872.0,20.847,418.846,,,0.0,0.0,180.613,181.721,,
641.029,8311761.0,197852790784.0,19.869,369.626,,,0.0,0.0,174.072,176.374,,
636.087,8326689.0,197824643072.0,17.085,332.458,,,0.0,0.0,176.689,179.629,,
604.897,8340726.0,199816642560.0,19.01,309.068,,,0.0,0.0,162.83,166.028,,
601.358,8355111.0,203327553536.0,23.823,268.659,,,0.0,0.009,187.899,192.527,,
636.668,8371284.0,211401310208.0,28.747,256.706,,,0.0,0.015,200.797,206.711,,
691.626,8389918.0,215471751168.0,33.841,275.222,0.714,309.777,0.0,0.018,209.911,215.681,137.14,30.35
716.907,8411798.0,220206333952.0,36.079,293.945,1.88,331.904,0.0,0.018,180.178,186.517,138.651,25.133
701.871,8438000.0,226880372736.0,35.624,253.788,2.511,291.923,0.0,0.018,212.471,218.743,146.571,30.272
685.929,8468135.0,231720042496.0,34.972,237.564,3.229,275.764,0.0,0.015,206.643,213.173,146.23,30.126
670.826,8504982.0,237234962432.0,32.973,228.219,4.318,265.51,0.0,0.015,212.164,219.166,143.091,31.627
682.312,8548407.0,240234004480.0,34.457,227.74,6.01,268.207,0.0,0.018,214.408,220.629,145.98,31.424
647.093,8594170.0,237965099008.0,33.637,196.223,6.421,236.28,0.0,0.038,187.027,193.003,146.97,28.903
651.966,8640277.0,235763220480.0,31.321,206.689,7.247,245.258,0.0,0.092,219.894,226.402,145.93,33.728
644.957,8683403.0,231559217152.0,31.889,203.132,7.909,242.931,0.003,0.154,220.73,227.817,145.26,34.224
645.039,8723467.0,241527455744.0,32.364,215.152,7.852,255.369,0.003,0.222,174.749,182.089,142.7,27.091
652.437,8758496.0,251744239616.0,32.364,204.584,7.86,244.808,0.003,0.31,201.359,209.187,148.28,30.863
633.993,8785493.0,256500908032.0,35.842,218.79,8.422,263.055,0.003,0.426,152.995,160.184,140.61,24.132
656.358,8807868.0,264172109824.0,30.626,205.338,8.32,244.283,0.003,0.6,204.198,213.653,149.21,31.111
710.334,8828629.0,276042121216.0,30.833,231.66,8.246,270.739,0.003,0.911,221.014,230.802,158.79,31.114
689.672,8848881.0,289704280064.0,29.473,222.603,8.264,260.339,0.003,1.059,211.99,221.66,154.84,30.738
639.47,8871042.0,303455109120.0,29.838,192.107,8.082,230.027,0.003,1.351,232.372,246.808,145.23,36.338
685.889,8896748.0,308399210496.0,32.334,195.412,9.118,236.864,0.006,1.416,232.264,245.743,161.6,33.863
642.011,8926011.0,317464870912.0,34.722,198.442,9.279,242.443,0.006,1.775,193.688,208.796,146.7,30.169
615.181,8961506.0,326406144000.0,34.043,212.628,9.253,255.924,0.006,1.969,155.273,171.644,135.39,25.24
662.642,9004263.0,341905244160.0,35.025,203.592,9.212,247.829,0.006,2.449,174.594,200.036,151.69,26.348
679.983,9051739.0,354498740224.0,32.015,203.844,8.777,244.637,0.006,2.69,207.321,235.613,158.37,30.489
639.75,9104724.0,372237959168.0,35.35,205.535,9.189,250.074,0.006,2.812,175.321,206.799,143.28,27.405
649.478,9164274.0,387885170688.0,32.938,200.617,9.483,243.037,0.008,4.048,187.103,224.728,148.82,28.808
640.233,9229282.0,388983685120.0,32.947,189.46,8.61,231.017,0.011,5.622,194.68,236.937,149.9,30.408
586.75,9301413.0,373029306368.0,23.227,182.322,11.495,217.044,0.02,6.955,183.033,229.889,136.6,31.194
623.752,9381722.0,399841820672.0,32.031,181.978,15.468,229.477,0.025,9.677,186.451,240.521,148.45,29.892
614.717,9467384.0,397621100544.0,28.601,168.723,12.217,209.541,0.036,16.856,185.005,245.086,150.28,30.096
652.446,9555984.0,396489588736.0,24.529,166.228,10.651,201.408,0.052,19.646,216.447,282.548,166.43,33.175
611.276,9648935.0,401409179648.0,25.037,164.076,10.236,199.35,0.095,26.824,167.235,238.123,153.03,27.358
608.458,9747507.0,411859910656.0,23.485,160.583,8.404,192.473,0.127,30.434,172.74,247.33,153.55,28.39
629.151,9849344.0,428683493376.0,23.468,157.473,9.336,190.277,0.261,43.957,202.814,293.261,162.0,32.236
617.913,9953322.0,443163607040.0,23.029,162.584,9.989,195.602,0.383,41.439,166.334,260.213,155.89,26.919
637.866,10058191.0,454543736832.0,22.97,160.912,9.616,193.498,0.612,46.862,173.151,276.596,164.23,27.145
624.849,10162300.0,463407448064.0,23.032,153.672,10.169,186.873,1.034,43.963,164.426,263.942,163.36,26.314
649.79,10267922.0,,22.853,164.631,10.202,197.686,1.748,52.315,172.122,284.831,168.42,26.489
615.87,10368968.0,,18.932,146.979,9.919,175.83,2.718,72.292,189.844,316.053,163.79,30.825
629.977,10467095.0,,19.137,139.176,10.648,168.961,3.943,70.934,193.095,328.024,171.77,30.651
632.189,10549349.0,,20.315,138.528,7.36,166.203,6.861,85.048,181.871,337.035,171.68,28.768
,3297641.0,21818867712.0,,,,,,,,,,
,3337042.0,21378697216.0,,,,,,,,,,
,3377719.0,22389067776.0,,,,,,,,,,
,3419696.0,22186838016.0,,,,,,,,,,
,3462195.0,23885883392.0,,,,,,,,,,
,3505221.0,24865830912.0,,,,,,,,,,
,3548783.0,26999242752.0,,,,,,,,,,
,3592885.0,26903785472.0,,,,,,,,,,
,3637536.0,27380617216.0,,,,,,,,,,
,3676239.0,29005203456.0,,,,,,,,,,
,3708897.0,30060593152.0,,,,,,,,,,
,3735410.0,30373922816.0,,,,,,,,,,
,3755677.0,31742689280.0,,,,,,,,,,
,3769598.0,31576840192.0,,,,,,,,,,
,3783571.0,29598828544.0,,,,,,,,,,
,3797595.0,28964302848.0,,,,,,,,,,
,3811672.0,31372384256.0,,,,,,,,,,
,3825800.0,30485434368.0,,,,,,,,,,
,3840103.0,27608557568.0,,,,,,,,,,
,3854970.0,26105180160.0,,,,,,,,,,
,3870407.0,28550072320.0,,,,,,,,,,
,3886419.0,23252672512.0,,,,,,,,,,
,3903008.0,27822886912.0,,,,,,,,,,
,3920181.0,29783533568.0,,,,,,,,,,
,3937429.0,31929747456.0,,,,,,,,,,
,3954753.0,32786470912.0,,,,,,,,,,
,3972154.0,34036692992.0,,,,,,,,,,
,3989631.0,36632305664.0,,,,,,,,,,
,4007185.0,38519349248.0,,,,,,,,,,
,4024685.0,39898390528.0,,,,,,,,,,
,4042131.0,40385732608.0,,,,,,,,,,
,4059522.0,41026379776.0,,,,,,,,,,
,4076857.0,40004521984.0,,,,,,,,,,
,4094135.0,41257545728.0,,,,,,,,,,
,4111487.0,41389137920.0,,,,,,,,,,
,4128912.0,39384444928.0,,,,,,,,,,
,4146411.0,38770094080.0,,,,,,,,,,
,4163985.0,41964240896.0,,,,,,,,,,
,4181632.0,40279126016.0,,,,,,,,,,
,4204685.0,41370853376.0,,,,,,,,,,
,4233223.0,41424830464.0,,,,,,,,,,
,4267324.0,39210602496.0,,,,,,,,,,
,4307072.0,37458640896.0,,,,,,,,,,
,4352547.0,37363572736.0,,,,,,,,,,
,4398503.0,38799183872.0,,,,,,,,,,
,4444943.0,38999060480.0,,,,,,,,,,
,4491874.0,48538861568.0,,,,,,,,,,
,4539301.0,49858781184.0,,,,,,,,,,
,4587228.0,51269570560.0,,,,,,,,,,
,4638318.0,50778042368.0,,,,,,,,,,
,4692636.0,54173630464.0,,,,,,,,,,
,4748099.0,56408117248.0,,,,,,,,,,
,4811625.0,57858523136.0,,,,,,,,,,
,4875720.0,60833468416.0,,,,,,,,,,
,4938947.0,64921862144.0,,,,,,,,,,
,5002416.0,69717450752.0,,,,,,,,,,
,5065957.0,73188122624.0,,,,,,,,,,
,5130587.0,75186372608.0,,,,,,,,,,
,5196919.0,76136538112.0,,,,,,,,,,
,5263263.0,81354579968.0,,,,,,,,,,
,5328275.0,87713521664.0,,,,,,,,,,
,5434674.0,95399288832.0,,,,,,,,,,
,5574228.0,100820672512.0,,,,,,,,,,
,5694677.0,106736648192.0,,,,,,,,,,
,5789750.0,113003593728.0,,,,,,,,,,
182.468,5857048.0,117686329344.0,14.833,96.38,,,0.0,0.0,71.255,71.255,,
196.104,5918589.0,121266331648.0,12.264,102.468,,,0.0,0.0,81.372,81.372,,
209.444,5992343.0,125760274432.0,10.344,110.832,,,0.0,0.0,88.267,88.267,,
219.987,6068208.0,131196510208.0,9.778,122.933,0.0,132.71,0.0,0.0,87.277,87.277,,39.674
227.568,6136805.0,138575265792.0,8.844,133.683,0.002,142.53,0.0,0.0,83.521,83.521,,36.701
249.066,6181231.0,147142836224.0,7.589,149.818,0.385,157.791,0.0,0.0,86.263,86.263,,34.635
254.864,6213706.0,155328069632.0,5.125,158.98,0.93,165.035,0.0,0.0,85.882,85.882,,33.697
251.061,6261160.0,162319728640.0,4.336,162.989,1.18,168.506,0.0,0.0,71.66,71.66,,28.543
277.651,6307365.0,167492534272.0,4.117,175.416,1.597,181.13,0.0,0.0,78.616,78.616,,28.315
265.428,6341220.0,166140018688.0,3.55,156.107,3.365,163.022,0.0,0.0,82.353,82.353,,31.027
275.54,6338272.0,156680781824.0,2.661,150.116,5.42,158.197,0.0,0.0,95.321,95.321,,34.594
263.137,6302079.0,156767911936.0,2.5,156.016,5.657,164.174,0.0,0.0,76.436,76.436,,29.048
292.394,6280842.0,160630243328.0,2.917,156.825,6.46,166.201,0.0,0.0,103.169,103.169,,35.284
287.99,6281527.0,165652381696.0,2.625,160.819,7.087,170.532,0.0,0.0,93.324,93.637,,32.405
286.99,6294185.0,169193324544.0,2.714,154.136,7.95,164.8,0.0,0.0,87.776,88.693,,30.585
307.227,6319116.0,174991867904.0,3.972,154.02,9.07,167.062,0.0,0.0,98.905,99.457,,32.193
306.94,6353701.0,178175066112.0,5.875,142.524,9.785,158.184,0.0,0.0,103.864,105.256,,33.839
300.742,6390953.0,178914492416.0,5.197,134.658,10.335,150.19,0.0,0.0,106.367,107.612,,35.368
312.755,6418416.0,182090694656.0,4.536,147.335,11.362,163.233,0.0,0.0,103.68,104.945,,33.151
303.026,6441452.0,184888541184.0,5.828,142.628,12.672,161.129,0.0,0.0,88.396,89.574,,29.171
323.777,6469830.0,193084801024.0,5.853,145.15,13.267,164.27,0.0,0.0,94.778,95.943,56.338,29.273
339.863,6503525.0,203695226880.0,5.036,158.848,13.587,177.472,0.0,0.0,97.301,98.763,57.41,28.629
337.861,6544455.0,211297730560.0,4.686,149.626,14.568,168.879,0.0,0.0,102.533,104.164,59.734,30.348
340.438,6592667.0,217769050112.0,4.0,150.061,14.67,168.731,0.0,0.0,105.846,107.483,60.536,31.091
318.163,6646209.0,225335066624.0,4.136,143.993,15.955,164.084,0.0,0.0,88.044,89.733,54.611,27.673
331.625,6711685.0,234154442752.0,4.136,154.298,17.077,175.511,0.003,0.0,88.112,89.513,56.015,26.57
340.572,6795392.0,236259213312.0,3.514,156.952,19.17,179.636,0.006,0.0,94.861,96.258,58.062,27.853
346.055,6873188.0,240475389952.0,2.433,159.138,20.15,181.721,0.009,0.0,96.704,98.261,59.518,27.945
345.474,6936123.0,244573601792.0,2.039,149.114,21.14,172.293,0.012,0.0,105.805,107.384,61.556,30.626
362.976,6991543.0,252214820864.0,2.064,154.102,20.853,177.018,0.015,0.0,115.537,117.308,66.134,31.831
343.995,7038302.0,258065989632.0,2.214,142.8,22.98,167.994,0.018,0.0,104.002,105.852,62.863,30.234
332.291,7069694.0,264364883968.0,1.656,147.924,24.875,174.455,0.021,0.003,85.007,86.991,57.328,25.582
355.316,7086993.0,275430572032.0,1.275,155.626,24.015,180.916,0.021,0.006,100.675,102.802,62.902,28.334
357.326,7108225.0,288736575488.0,1.058,157.545,24.72,183.323,0.024,0.009,98.986,101.218,63.288,27.702
373.426,7142199.0,298852253696.0,1.1,152.874,28.458,182.433,0.03,0.009,118.304,120.733,68.617,31.681
364.336,7182052.0,316330344448.0,1.603,148.286,28.3,178.189,0.033,0.009,108.928,111.628,61.75,29.898
389.127,7224413.0,326784483328.0,1.675,158.696,29.456,189.826,0.038,0.012,121.398,124.244,66.63,31.198
362.244,7276479.0,333238534144.0,1.544,150.42,28.911,180.875,0.044,0.015,102.661,105.621,61.13,28.34
358.359,7330729.0,339510165504.0,1.586,146.388,30.558,178.532,0.052,0.015,100.829,103.864,61.08,28.136
353.16,7381153.0,355558785024.0,1.506,145.677,31.525,178.707,0.052,0.017,97.261,100.426,59.65,27.54
338.784,7428437.0,373064302592.0,1.678,148.302,32.364,182.344,0.06,0.023,89.424,92.75,53.93,26.396
352.537,7475014.0,395138629632.0,1.811,151.995,31.469,185.275,0.068,0.043,88.099,91.833,57.93,24.99
348.594,7541909.0,419030794240.0,2.028,137.107,30.642,169.776,0.082,0.045,99.683,103.574,62.06,28.596
360.189,7638288.0,436420476928.0,1.822,146.141,32.647,180.61,0.104,0.053,101.273,105.405,62.72,28.117
359.157,7734402.0,434943557632.0,1.719,148.449,31.336,181.505,0.151,0.064,99.776,103.973,62.3,27.78
349.78,7822444.0,455990116352.0,1.725,137.772,35.003,174.499,0.261,0.103,100.099,104.616,62.05,28.618
332.034,7910988.0,472720965632.0,1.594,133.629,31.047,166.271,0.463,0.193,89.362,94.54,59.2,26.914
350.93,7995738.0,477669457920.0,1.436,136.135,34.033,171.605,0.82,0.241,105.85,111.899,64.17,30.163
360.046,8088370.0,486174916608.0,1.547,142.495,35.842,179.884,1.363,0.245,104.832,111.694,64.72,29.116
343.728,8187792.0,495886106624.0,1.583,127.744,31.047,160.375,2.281,0.274,103.054,111.193,65.94,29.981
336.097,8281735.0,500062388224.0,1.447,129.336,33.172,163.956,3.013,0.296,103.038,112.039,62.15,30.657
316.121,8372902.0,508579282944.0,1.331,122.225,34.85,158.405,3.568,0.292,92.7,102.998,57.5,29.324
316.847,8451688.0,517730729984.0,1.281,125.237,34.997,161.515,4.479,0.354,90.738,102.916,56.62,28.638
321.795,8514431.0,531971145728.0,1.192,120.709,33.197,155.097,5.146,0.323,91.566,104.715,62.27,28.455
335.79,8575593.0,,1.058,123.376,34.058,158.492,5.741,0.385,99.202,113.353,66.5,29.543
308.972,8638609.0,,1.017,102.918,33.147,137.082,6.826,0.381,98.39,113.951,67.4,31.844
298.709,8691409.0,,1.028,103.389,36.042,140.459,7.437,0.382,95.691,111.722,60.72,32.035
291.501,8740471.0,,1.028,106.589,29.644,137.261,9.723,0.397,77.08,96.416,62.25,26.443
,1768504.0,,,,,,,,,,,
,1785069.0,,,,,,,,,,,
,1805265.0,,,,,,,,,,,
,1829152.0,,,,,,,,,,,
,1853355.0,,,,,,,,,,,
,1877878.0,,,,,,,,,,,
,1902726.0,,,,,,,,,,,
,1927903.0,,,,,,,,,,,
,1953412.0,,,,,,,,,,,
,1979657.0,,,,,,,,,,,
,2006651.0,,,,,,,,,,,
,2034411.0,,,,,,,,,,,
,2062953.0,,,,,,,,,,,
,2092293.0,4131568128.0,,,,,,,,,,
,2122050.0,,,,,,,,,,,
,2152230.0,,,,,,,,,,,
,2182840.0,,,,,,,,,,,
,2213884.0,,,,,,,,,,,
,2245164.0,,,,,,,,,,,
,2276885.0,,,,,,,,,,,
,2309054.0,,,,,,,,,,,
,2341678.0,,,,,,,,,,,
,2374763.0,,,,,,,,,,,
,2408315.0,,,,,,,,,,,
,2442341.0,,,,,,,,,,,
,2476848.0,,,,,,,,,,,
,2511843.0,,,,,,,,,,,
,2547331.0,,,,,,,,,,,
,2583322.0,,,,,,,,,,,
,2619821.0,,,,,,,,,,,
,2656835.0,,,,,,,,,,,
,2694373.0,,,,,,,,,,,
,2732440.0,,,,,,,,,,,
,2771046.0,,,,,,,,,,,
,2810197.0,,,,,,,,,,,
,2849902.0,,,,,,,,,,,
,2890167.0,,,,,,,,,,,
,2931001.0,,,,,,,,,,,
,2972412.0,,,,,,,,,,,
,3014408.0,,,,,,,,,,,
,3056998.0,,,,,,,,,,,
,3100189.0,,,,,,,,,,,
,3143990.0,,,,,,,,,,,
,3188411.0,,,,,,,,,,,
,3233459.0,,,,,,,,,,,
,3279143.0,,,,,,,,,,,
,3325473.0,,,,,,,,,,,
,3372457.0,,,,,,,,,,,
,3420106.0,,,,,,,,,,,
,3477013.0,,,,,,,,,,,
,3543542.0,13413810176.0,,,,,,,,,,
,3620732.0,12907866112.0,,,,,,,,,,
,3703008.0,16260938752.0,,,,,,,,,,
,3791085.0,18435559424.0,,,,,,,,,,
,3886087.0,21146224640.0,,,,,,,,,,
,3989103.0,19077832704.0,,,,,,,,,,
,4099493.0,22597138432.0,,,,,,,,,,
,4216851.0,23990618112.0,,,,,,,,,,
,4341279.0,20672970752.0,,,,,,,,,,
,4472569.0,21452394496.0,,,,,,,,,,
,4610717.0,21842393088.0,,,,,,,,,,
,4751535.0,23639822336.0,,,,,,,,,,
,4895005.0,29254291456.0,,,,,,,,,,
,5045257.0,29234716672.0,,,,,,,,,,
,5202847.0,29894062080.0,,,,,,,,,,
,5368454.0,29814265856.0,,,,,,,,,,
,5542003.0,27524417536.0,,,,,,,,,,
,5723310.0,29801539584.0,,,,,,,,,,
,5912721.0,30919368704.0,,,,,,,,,,
,6111367.0,36713906176.0,,,,,,,,,,
,6319206.0,35314192384.0,,,,,,,,,,
,6538533.0,38820257792.0,,,,,,,,,,
,6768549.0,48536588288.0,,,,,,,,,,
,7003117.0,44381138944.0,,,,,,,,,,
,7244912.0,55096369152.0,,,,,,,,,,
,7497127.0,65835233280.0,,,,,,,,,,
,7758679.0,73066455040.0,,,,,,,,,,
,8029311.0,72138178560.0,,,,,,,,,,
,8310218.0,78433656832.0,,,,,,,,,,
,8600753.0,81274363904.0,,,,,,,,,,
80.689,8898957.0,91017142272.0,,,,,,,,,,
84.74,9203642.0,99661258752.0,,,,,,,,,,
86.265,9510755.0,101793316864.0,,,,,,,,,,
96.953,9835461.0,103242924032.0,,,,,,,,,,
108.148,10183141.0,99037093888.0,,,,,,,,,,
112.922,10540930.0,105078923264.0,,,,,,,,,,
113.021,10907622.0,99884048384.0,,,,,,,,,,
126.34,11281108.0,101803982848.0,,,,,,,,,,
132.494,11657770.0,115309895680.0,,,,,,,,,,
141.609,12034101.0,104981143552.0,,,,,,,,,,
164.021,12409003.0,113006346240.0,,,,,,,,,,
152.11,12782284.0,120675663872.0,,,,,,,,,,
156.736,13156408.0,131799334912.0,,,,,,,,,,
173.902,13537067.0,136522850304.0,,,,,,,,,,
184.842,13922629.0,138964369408.0,,,,,,,,,,
177.842,14313451.0,141281067008.0,,,,,,,,,,
191.763,14708883.0,140306432000.0,,,,,,,,,,
203.788,15104000.0,133840109568.0,,,,,,,,,,
219.365,15500556.0,136275861504.0,,,,,,,,,,
225.806,15901207.0,127372288000.0,,,,,,,,,,
217.777,16307659.0,125737189376.0,,,,,,,,,23.9,
215.206,16727949.0,125802782720.0,,,,,,,,,25.32,
232.927,17164026.0,128537526272.0,,,,,,,,,26.49,
226.197,17611356.0,121572827136.0,,,,,,,,,27.94,
251.643,18084010.0,125609369600.0,,,,,,,,,30.4,
284.303,18583556.0,129115660288.0,,,,,,,,,33.09,
296.287,19432012.0,131435757568.0,,,,,,,,,35.28,
305.68,20703000.0,134655729664.0,,,,,,,,,36.52,
310.272,21474060.0,136279523328.0,,,,,,,,,38.74,
290.352,21827222.0,139559239680.0,,,,,,,,,40.83,
300.483,22337558.0,139183456256.0,,,,,,,,,43.79,
272.005,22730734.0,125945634816.0,,,,,,,,,39.55,
210.197,22605582.0,98618941440.0,,,,,,,,,33.16,
154.282,21495830.0,80675889152.0,,,,,,,,,23.8,
137.033,20072232.0,66107252736.0,,,,,,,,,20.1,
122.003,19205178.0,54829457408.0,,,,,,,,,16.96,
118.859,18964252.0,53942173696.0,,,,,,,,,17.18,
119.593,18983370.0,55368777728.0,,,,,,,,,17.38,
139.978,19333464.0,56710615040.0,,,,,,,,,17.14,
123.704,20098252.0,,,,,,,,,,16.6,
115.594,20772602.0,,,,,,,,,,15.8,
117.438,21324366.0,,,,,,,,,,16.76,
,22125242.0,,,,,,,,,,,
,2809533.0,,,,,,,,,,,
,2849684.0,3104282880.0,,,,,,,,,,
,2889389.0,3181970944.0,,,,,,,,,,
,2928248.0,3800772096.0,,,,,,,,,,
,2966574.0,3682013952.0,,,,,,,,,,
,3005298.0,3054484992.0,,,,,,,,,,
,3045795.0,3254129920.0,,,,,,,,,,
,3088833.0,3635436032.0,,,,,,,,,,
,3134318.0,3784526080.0,,,,,,,,,,
,3181450.0,4269320960.0,,,,,,,,,,
,3228010.0,4406219776.0,,,,,,,,,,
,3253963.0,4208009984.0,,,,,,,,,,
,3315633.0,4035213056.0,,,,,,,,,,
,3377251.0,4471421952.0,,,,,,,,,,
,3427777.0,4375960064.0,,,,,,,,,,
,3463334.0,4576594944.0,,,,,,,,,,
,3492048.0,4968048128.0,,,,,,,,,,
,3521710.0,5644575744.0,,,,,,,,,,
,3557050.0,5427895808.0,,,,,,,,,,
,3594336.0,5642973184.0,,,,,,,,,,
,3639403.0,5629873152.0,,,,,,,,,,
,3697114.0,5909945856.0,,,,,,,,,,
,3763256.0,6642432000.0,,,,,,,,,,
,3831991.0,6871040000.0,,,,,,,,,,
,3904941.0,7478551040.0,,,,,,,,,,
,3987618.0,7930032128.0,,,,,,,,,,
,4078400.0,8089560064.0,,,,,,,,,,
,4173398.0,8121207808.0,,,,,,,,,,
,4270016.0,8374219776.0,,,,,,,,,,
,4375389.0,8834067456.0,,,,,,,,,,
,4490164.0,9221823488.0,,,,,,,,,,
,4611423.0,9353948160.0,,,,,,,,,,
,4734952.0,9929195520.0,,,,,,,,,,
,4860102.0,9651923968.0,,,,,,,,,,
,4985901.0,10186756096.0,,,,,,,,,,
,5112023.0,11233251328.0,,,,,,,,,,
,5242361.0,11897062400.0,,,,,,,,,,
,5379507.0,12015584256.0,,,,,,,,,,
,5521193.0,12741839872.0,,,,,,,,,,
,5669363.0,12496000000.0,,,,,,,,,,
,5826611.0,11627303936.0,,,,,,,,,,
,5994558.0,,,,,,,,,,,
,6163154.0,,,,,,,,,,,
,6278902.0,,,,,,,,,,,
,6341801.0,,,,,,,,,,,
,6354446.0,,,,,,,,,,,
,6298031.0,,,,,,,,,,,
,6351203.0,,,,,,,,,,,
,6589183.0,,,,,,,,,,,
,7119288.0,,,,,,,,,,,
,7623139.0,10885760000.0,,,,,,,,,,
,7934693.0,11757522944.0,,,,,,,,,,
,8251047.0,13162809344.0,,,,,,,,,,
,8572129.0,14387328000.0,,,,,,,,,,
,8897782.0,15758874624.0,,,,,,,,,,
,9229468.0,17039840256.0,,,,,,,,,,
,9567059.0,17990766592.0,,,,,,,,,,
,9909456.0,19295014912.0,,,,,,,,,,
,10256967.0,20601120768.0,,,,,,,,,,
,10612776.0,22171224064.0,,,,,,,,,,
,10983152.0,23427176448.0,,,,,,,,,,
,11371858.0,25031579648.0,,,,,,,,,,
,11779060.0,27016491008.0,,,,,,,,,,
,12200155.0,29553537024.0,,,,,,,,,,
,12630949.0,33142259712.0,,,,,,,,,,
70.358,13070711.0,36829908992.0,34.716,25.688,2.307,62.711,,,7.647,7.647,,10.868
75.376,13515908.0,40129560576.0,34.529,30.389,2.589,67.508,,,7.869,7.869,,10.439
82.268,13917831.0,44417998848.0,35.041,36.093,3.345,74.479,,,7.789,7.789,,9.468
94.508,14271108.0,48490311680.0,35.32,43.046,4.715,83.082,,,11.426,11.426,,12.09
98.923,14617243.0,52823998464.0,32.424,51.549,5.924,89.898,,,9.025,9.025,,9.123
107.678,14957875.0,58767409152.0,31.68,61.906,5.62,99.206,,,8.472,8.472,,7.868
135.221,15292070.0,66433138688.0,28.133,86.651,11.298,126.081,0.0,0.0,9.14,9.14,,6.759
144.47,15617412.0,75263614976.0,26.796,93.771,13.152,133.719,0.0,0.0,10.752,10.752,,7.442
168.834,15933851.0,84935180288.0,23.981,119.625,15.178,158.784,0.0,0.0,10.051,10.051,,5.953
161.683,16243908.0,85927157760.0,24.411,107.383,15.976,147.771,0.0,0.0,13.913,13.913,,8.605
178.12,16551776.0,90166452224.0,22.26,124.442,15.862,162.564,0.0,0.0,15.557,15.557,,8.734
216.885,16860826.0,102636576768.0,23.574,160.902,19.747,204.223,0.0,0.0,12.662,12.662,,5.838
238.004,17171488.0,113116258304.0,26.993,177.993,20.841,225.827,0.0,0.0,11.896,11.896,,4.998
281.166,17482888.0,128499712000.0,29.784,208.592,20.529,258.906,0.0,0.0,14.684,14.684,,5.223
298.47,17793468.0,139008212992.0,37.6,209.59,19.817,267.007,0.0,0.0,13.505,13.505,,4.525
314.67,18100280.0,149134589952.0,44.485,217.768,20.5,282.753,0.0,0.0,8.652,8.652,,2.75
294.67,18400564.0,158330650624.0,41.054,191.71,17.468,250.233,0.0,0.0,14.167,14.167,,4.808
329.014,18692876.0,163935092736.0,48.154,216.213,13.359,277.726,0.0,0.0,14.138,14.162,,4.297
363.937,18976102.0,177801216000.0,65.0,216.681,13.855,295.536,0.0,0.0,14.749,14.762,,4.053
379.65,19249256.0,196633690112.0,75.408,207.552,13.942,296.902,0.0,0.0,12.967,12.977,,3.416
397.343,19511876.0,206396293120.0,79.881,205.697,12.499,298.077,0.0,0.0,17.745,17.754,55.557,4.466
432.425,19761802.0,230398771200.0,97.248,229.205,11.388,337.841,0.0,0.0,18.126,18.139,62.334,4.192
468.093,19995934.0,267740872704.0,105.215,241.06,11.518,357.793,0.0,0.0,16.29,16.298,69.179,3.48
517.021,20211368.0,280142610432.0,121.934,281.146,13.138,416.218,0.0,0.0,13.821,13.829,76.261,2.673
548.734,20404386.0,303193423872.0,127.185,313.075,13.236,453.496,0.0,0.0,14.381,15.004,84.058,2.621
584.58,20586176.0,319544655872.0,125.66,324.876,21.243,471.779,0.0,0.0,18.869,19.544,90.194,3.228
618.122,20770622.0,345041731584.0,137.641,337.323,30.851,505.815,0.0,0.0,11.395,12.171,99.178,1.844
656.759,20952226.0,372335116288.0,159.023,350.888,30.593,540.504,0.0,0.0,19.386,20.22,105.53,2.952
694.728,21125720.0,396245794816.0,178.814,373.524,32.017,584.356,0.0,0.0,12.15,12.892,115.206,1.749
737.265,21293440.0,424444067840.0,186.096,397.552,38.885,622.532,0.0,0.0,14.967,15.787,124.635,2.03
783.61,21455818.0,450424700928.0,191.852,432.558,43.456,667.866,0.0,0.0,14.31,15.535,133.117,1.826
816.115,21612430.0,476536045568.0,216.378,432.647,44.343,693.367,0.0,0.0,14.025,15.525,141.962,1.719
864.061,21764850.0,503887069184.0,247.483,444.449,52.025,743.957,0.0,0.0,15.511,17.189,150.486,1.795
916.047,21913670.0,523233591296.0,268.503,461.014,61.644,791.162,0.0,0.0,18.339,20.277,163.228,2.002
958.345,22057216.0,556406079488.0,277.296,493.11,62.735,833.141,0.0,0.0,14.936,17.358,169.065,1.559
1019.305,22194740.0,590045511680.0,326.856,498.691,67.674,893.221,0.0,0.004,13.484,16.832,180.52,1.323
1050.969,22333124.0,580535844864.0,342.998,515.832,72.894,931.724,0.001,0.036,14.954,19.206,184.46,1.423
1096.776,22469622.0,610723430400.0,371.886,519.315,81.528,972.729,0.001,0.046,8.111,13.264,195.25,0.74
1146.048,22593682.0,633632587776.0,396.448,542.69,84.148,1023.286,0.001,0.069,8.8,14.529,205.2,0.768
1194.548,22703098.0,672471777280.0,412.379,555.379,102.364,1070.123,0.002,0.073,9.25,15.226,215.06,0.774
1210.244,22796312.0,706377285632.0,419.943,559.433,103.201,1082.577,0.003,0.261,11.658,17.835,223.67,0.963
1242.206,22874972.0,743466663936.0,440.811,563.489,110.698,1114.998,0.004,0.786,11.633,18.344,231.62,0.936
1294.336,22942314.0,789092106240.0,461.682,584.516,117.449,1163.648,0.006,1.243,12.491,20.69,239.19,0.965
1251.61,22998324.0,791831511040.0,442.005,552.105,127.66,1121.769,0.013,1.653,12.098,19.75,234.84,0.967
1218.387,23044086.0,776672313344.0,421.605,542.133,124.668,1088.406,0.025,2.197,10.468,18.576,226.74,0.859
1306.276,23083086.0,856202805248.0,452.321,567.477,154.798,1174.595,0.06,2.849,11.641,20.805,244.0,0.891
1300.001,23143076.0,885618245632.0,468.857,527.555,170.399,1166.811,0.17,4.118,11.034,21.699,249.27,0.849
1288.127,23234064.0,903889158144.0,458.43,518.027,178.852,1155.31,0.438,3.876,15.546,26.461,247.43,1.207
1315.755,23330332.0,923794866176.0,467.624,532.947,179.379,1179.95,0.875,4.47,14.78,26.906,249.14,1.123
1344.988,23422504.0,960945848320.0,472.625,549.87,188.682,1211.176,1.432,4.065,11.698,23.616,256.85,0.87
1343.74,23512136.0,967876935680.0,458.451,564.612,201.804,1224.867,2.29,4.107,12.038,24.625,255.11,0.896
1352.724,23594476.0,981422637056.0,464.034,567.186,209.654,1240.874,2.969,3.901,17.567,30.515,260.82,1.299
1350.777,23665028.0,1013917548544.0,471.061,560.454,232.451,1263.966,4.438,4.584,14.496,29.49,266.93,1.073
1369.142,23726186.0,1041749573632.0,473.563,558.852,236.621,1269.037,7.175,4.517,11.857,29.835,272.16,0.866
1344.559,23777742.0,,464.158,529.505,232.598,1226.262,10.586,4.988,14.616,36.536,270.98,1.087
1306.886,23821468.0,,433.835,508.669,248.845,1191.348,15.954,6.064,7.929,36.304,276.81,0.607
1383.62,23859904.0,,465.734,533.098,272.905,1271.736,20.852,5.779,9.077,42.11,287.75,0.656
1328.629,23893396.0,,439.276,490.653,280.664,1210.592,27.832,9.237,15.217,58.607,285.08,1.145
82.803,5656216.0,15578967040.0,,,,,,,,,,
76.482,5717815.0,13768157184.0,,,,,,,,,,
74.154,5803992.0,10806555648.0,,,,,,,,,,
61.23,5916183.0,9460370432.0,,,,,,,,,,
67.422,6035605.0,8989076480.0,,,,,,,,,,
64.101,6117066.0,9105128448.0,,,,,,,,,,
66.174,6156815.0,9509147648.0,,,,,,,,,,
74.73,6189567.0,9907040256.0,,,,,,,,,,
58.81,6273001.0,10735309824.0,,,,,,,,,13.98,
61.559,6408813.0,11697939456.0,,,,,,,,,14.23,
63.335,6541758.0,12792779776.0,,,,,,,,,15.14,
66.608,6672497.0,14027435008.0,,,,,,,,,16.33,
67.842,6801206.0,15391066112.0,,,,,,,,,16.32,
69.359,6929153.0,16469403648.0,,,,,,,,,16.92,
67.84,7057425.0,17531570176.0,,,,,,,,,16.76,
63.974,7188397.0,18732054528.0,,,,,,,,,17.32,
61.66,7324633.0,20204808192.0,,,,,,,,,16.99,
55.354,7468603.0,20972316672.0,,,,,,,,,15.96,
57.197,7621785.0,22280812544.0,,,,,,,,,16.27,
56.487,7784820.0,23726721024.0,,,,,,,,,16.08,
59.679,7956383.0,25517533184.0,,,,,,,,,16.8,
61.831,8136612.0,27454017536.0,,,,,,,,,16.94,
63.164,8326354.0,29249296384.0,,,,,,,,,15.99,
63.246,8524066.0,31037368320.0,,,,,,,,,16.98,
65.107,8725326.0,33246705664.0,,,,,,,,,17.03,
66.413,8925529.0,35607220224.0,,,,,,,,,17.88,
70.851,9128131.0,38206550016.0,,,,,,,,,19.48,
75.084,9337008.0,,,,,,,,,,20.59,
74.622,9543211.0,,,,,,,,,,19.73,
74.831,9750078.0,,,,,,,,,,19.73,
,4975342.0,,,,,,,,,,,
,4946765.0,,,,,,,,,,,
,4922341.0,,,,,,,,,,,
,4902019.0,,,,,,,,,,,
,4881781.0,,,,,,,,,,,
,4861626.0,,,,,,,,,,,
,4841554.0,,,,,,,,,,,
,4821566.0,,,,,,,,,,,
,4801659.0,,,,,,,,,,,
,4785645.0,,,,,,,,,,,
,4773506.0,,,,,,,,,,,
,4765226.0,,,,,,,,,,,
,4760786.0,,,,,,,,,,,
,4760171.0,,,,,,,,,,,
,4759556.0,,,,,,,,,,,
,4758941.0,,,,,,,,,,,
,4758326.0,,,,,,,,,,,
,4757711.0,,,,,,,,,,,
,4757711.0,,,,,,,,,,,
,4771984.0,,,,,,,,,,,
,4800744.0,,,,,,,,,,,
,4844209.0,,,,,,,,,,,
,4902599.0,,,,,,,,,,,
,4976138.0,,,,,,,,,,,
,5050780.0,,,,,,,,,,,
,5126542.0,,,,,,,,,,,
,5203440.0,,,,,,,,,,,
,5281492.0,,,,,,,,,,,
,5360714.0,,,,,,,,,,,
,5440020.0,,,,,,,,,,,
,5519397.0,,,,,,,,,,,
,5598828.0,,,,,,,,,,,
,5678300.0,,,,,,,,,,,
,5757796.0,,,,,,,,,,,
,5838405.0,,,,,,,,,,,
,5920142.0,,,,,,,,,,,
,6003024.0,,,,,,,,,,,
,6087067.0,,,,,,,,,,,
,6172286.0,,,,,,,,,,,
,6263774.0,,,,,,,,,,,
,6361710.0,,,,,,,,,,,
,6466278.0,,,,,,,,,,,
,6577665.0,,,,,,,,,,,
,6696063.0,,,,,,,,,,,
,6816592.0,,,,,,,,,,,
,6939291.0,,,,,,,,,,,
,7064198.0,,,,,,,,,,,
,7191354.0,,,,,,,,,,,
,7320798.0,,,,,,,,,,,
,7467570.0,,,,,,,,,,,
,7632405.0,5364008448.0,,,,,,,,,,
,7834804.0,6036802048.0,,,,,,,,,,
,8045282.0,6158964736.0,,,,,,,,,,
,8263716.0,5944960512.0,,,,,,,,,,
,8490326.0,6427650048.0,,,,,,,,,,
,8725581.0,6575457280.0,,,,,,,,,,
,8970011.0,6665398784.0,,,,,,,,,,
,9224222.0,6806034944.0,,,,,,,,,,
,9487677.0,6875075072.0,,,,,,,,,,
,9760173.0,7224730112.0,,,,,,,,,,
,10042467.0,7510066176.0,,,,,,,,,,
,10337892.0,7420444160.0,,,,,,,,,,
,10644625.0,8104512512.0,,,,,,,,,,
,10960163.0,8612633600.0,,,,,,,,,,
,11289560.0,9067574272.0,,,,,,,,,,
,11630608.0,9401366528.0,,,,,,,,,,
,11981936.0,10604614656.0,,,,,,,,,,
,12346291.0,11031398400.0,,,,,,,,,,
,12739969.0,11611394048.0,,,,,,,,,,
,13167787.0,11822966784.0,,,,,,,,,,
,13618190.0,12495216640.0,,,,,,,,,,
,14092217.0,13026733056.0,,,,,,,,,,
,14595704.0,13897730048.0,,,,,,,,,,
,15123510.0,14365307904.0,,,,,,,,,,
,15671323.0,14693314560.0,,,,,,,,,,
,16243823.0,15437357056.0,,,,,,,,,,
,16838920.0,16559208448.0,,,,,,,,,,
,17454628.0,17009657856.0,,,,,,,,,,
,18080016.0,17523863552.0,,,,,,,,,,
,18698646.0,17727496192.0,,,,,,,,,,
11.041,19297660.0,17881128960.0,,,,,,,,,,
12.986,19890932.0,17675042816.0,,,,,,,,,,
12.397,20499924.0,17897992192.0,,,,,,,,,,
11.295,21170722.0,17822369792.0,,,,,,,,,,
12.62,21857182.0,18256160768.0,,,,,,,,,,
12.658,22569634.0,18224338944.0,,,,,,,,,,
14.383,23324272.0,18830125056.0,,,,,,,,,,
13.292,24099424.0,19771363328.0,,,,,,,,,,
14.163,24844152.0,20603179008.0,,,,,,,,,,
14.514,25522898.0,21301856256.0,,,,,,,,,,
15.965,26206024.0,22062497792.0,,,,,,,,,,
14.634,26890906.0,23122010112.0,,,,,,,,,,
15.371,27580728.0,23885627392.0,,,,,,,,,,
16.023,28469018.0,24817405952.0,,,,,,,,,,
14.391,29598330.0,25898516480.0,,,,,,,,,,
14.268,30560072.0,27505913856.0,,,,,,,,,,
15.108,31140730.0,29552889856.0,,,,,,,,,,
14.056,31785852.0,31408193536.0,,,,,,,,,,
16.242,32626500.0,33434640384.0,,,,,,,,,,
17.074,33499776.0,36002058240.0,,,,,,,,,,
17.487,34463704.0,38757965824.0,,,,,,,,,2.43,
20.143,35414464.0,42179645440.0,,,,,,,,,2.72,
22.163,36353528.0,46307549184.0,,,,,,,,,2.81,
22.4,37333916.0,50559131648.0,,,,,,,,,2.62,
27.307,38360884.0,55646048256.0,,,,,,,,,2.84,
28.836,39439508.0,60800811008.0,,,,,,,,,3.43,
29.666,40562056.0,65321259008.0,,,,,,,,,3.31,
32.123,41716500.0,72742379520.0,,,,,,,,,4.06,
33.499,42870888.0,78843625472.0,,,,,,,,,4.26,
33.221,43957940.0,85283995648.0,,,,,,,,,4.66,
38.206,45110532.0,93138952192.0,,,,,,,,,5.15,
38.92,46416032.0,103207059456.0,,,,,,,,,5.01,
46.753,47786136.0,108488548352.0,,,,,,,,,5.47,
48.82,49253648.0,116367294464.0,,,,,,,,,5.77,
51.073,50814552.0,124481503232.0,,,,,,,,,6.08,
52.659,52542824.0,133146214400.0,,,,,,,,,6.56,
57.783,54401804.0,141908852736.0,,,,,,,,,6.97,
52.417,56267040.0,151520329728.0,,,,,,,,,7.01,
56.284,58090444.0,162052505600.0,,,,,,,,,7.22,
57.252,59872584.0,,,,,,,,,,7.59,
56.372,61704520.0,,,,,,,,,,8.01,
57.7,63588332.0,,,,,,,,,,8.18,
,7411725.0,,,,,,,,,,,
,7497622.0,,,,,,,,,,,
,7589509.0,,,,,,,,,,,
,7687512.0,,,,,,,,,,,
,7786780.0,,,,,,,,,,,
,7887330.0,,,,,,,,,,,
,7989178.0,,,,,,,,,,,
,8092340.0,,,,,,,,,,,
,8196835.0,,,,,,,,,,,
,8309414.0,,,,,,,,,,,
,8430298.0,,,,,,,,,,,
,8559711.0,,,,,,,,,,,
,8697882.0,,,,,,,,,,,
,8845046.0,11651948544.0,,,,,,,,,,
,8994700.0,,,,,,,,,,,
,9146885.0,,,,,,,,,,,
,9301645.0,,,,,,,,,,,
,9459023.0,,,,,,,,,,,
,9617093.0,,,,,,,,,,,
,9791742.0,,,,,,,,,,,
,9983580.0,,,,,,,,,,,
,10193232.0,,,,,,,,,,,
,10421341.0,,,,,,,,,,,
,10668572.0,,,,,,,,,,,
,10921667.0,,,,,,,,,,,
,11180768.0,,,,,,,,,,,
,11446014.0,,,,,,,,,,,
,11717554.0,,,,,,,,,,,
,11995535.0,,,,,,,,,,,
,12277582.0,15241312256.0,,,,,,,,,,
,12563733.0,,,,,,,,,,,
,12854026.0,,,,,,,,,,,
,13148501.0,,,,,,,,,,,
,13447194.0,,,,,,,,,,,
,13752673.0,,,,,,,,,,,
,14065091.0,,,,,,,,,,,
,14384607.0,,,,,,,,,,,
,14711381.0,,,,,,,,,,,
,15045578.0,19728660480.0,,,,,,,,,,
,15397519.0,,,,,,,,,,,
,15767871.0,,,,,,,,,,,
,16157322.0,,,,,,,,,,,
,16566584.0,,,,,,,,,,,
,16996390.0,,,,,,,,,,,
,17437347.0,,,,,,,,,,,
,17889744.0,,,,,,,,,,,
,18353879.0,,,,,,,,,,,
,18830055.0,,,,,,,,,,,
,19318585.0,,,,,,,,,,,
,19845178.0,,,,,,,,,,,
,20411638.0,26094198784.0,,,,,,,,,,
,20914572.0,27943960576.0,,,,,,,,,,
,21443944.0,29485821952.0,,,,,,,,,,
,21994684.0,32726595584.0,,,,,,,,,,
,22569798.0,32462198784.0,,,,,,,,,,
,23173968.0,35317682176.0,,,,,,,,,,
,23805334.0,35930312704.0,,,,,,,,,,
,24462196.0,36335820800.0,,,,,,,,,,
,25135268.0,37656809472.0,,,,,,,,,,
,25840324.0,42160910336.0,,,,,,,,,,
,26596590.0,47266906112.0,,,,,,,,,,
,27399966.0,49743294464.0,,,,,,,,,,
,28242170.0,53581279232.0,,,,,,,,,,
,29114124.0,57963802624.0,,,,,,,,,,
,30013572.0,61933268992.0,,,,,,,,,,
30.707,30940276.0,66849222656.0,0.523,27.696,,,,,2.487,2.487,,
36.594,31883754.0,74363576320.0,0.756,32.691,,,,,3.146,3.146,,
41.678,32839338.0,80603447296.0,1.349,36.284,,,,,4.045,4.045,,
53.472,33807356.0,87150755840.0,1.489,47.828,,,,,4.155,4.155,,
56.474,34787584.0,94018289664.0,1.582,51.8,,,,,3.093,3.093,,
67.274,35791728.0,100145348608.0,1.686,60.303,,,,,5.284,5.284,,
74.517,36807996.0,105055223808.0,1.329,67.132,,,0.0,0.0,6.056,6.056,,
90.427,37834384.0,109423362048.0,1.044,84.273,,,0.0,0.0,5.11,5.11,,
95.888,38873064.0,120382742528.0,1.118,89.21,,,0.0,0.0,5.559,5.559,,
99.765,39900960.0,125775708160.0,1.677,90.82,,,0.0,0.0,7.268,7.268,,
110.117,40908472.0,132015456256.0,1.603,98.464,,,0.0,0.0,10.051,10.051,,
116.284,41882128.0,144055664640.0,1.859,103.671,,,0.0,0.0,10.755,10.755,,
127.923,42843796.0,158271602688.0,1.788,116.48,,,0.0,0.0,9.655,9.655,,
136.443,43806716.0,173964918784.0,2.303,127.901,,,0.0,0.0,6.239,6.239,,
145.007,44760096.0,183049027584.0,4.842,130.517,,,0.0,0.0,9.649,9.649,,
145.361,45737756.0,191441879040.0,5.235,136.362,,,0.0,0.0,3.764,3.764,,
146.198,46727288.0,202771415040.0,5.824,128.824,2.756,137.404,0.0,0.0,8.794,8.794,,6.015
149.822,47700340.0,213618819072.0,7.592,116.839,14.049,138.479,0.0,0.0,11.343,11.343,,7.571
164.249,48670568.0,225512488960.0,7.289,129.599,16.538,153.426,0.0,0.0,10.823,10.823,,6.589
182.116,49636732.0,238519435264.0,9.178,136.18,24.69,170.049,0.0,0.0,12.067,12.067,,6.626
190.292,50594932.0,249623871488.0,18.435,128.483,32.459,179.378,0.0,0.0,10.914,10.914,23.03,5.736
202.566,51542096.0,263410237440.0,18.087,133.249,34.873,186.209,0.0,0.0,16.357,16.357,24.67,8.075
231.225,52479184.0,288520110080.0,26.114,144.75,48.351,219.215,0.0,0.0,11.994,12.01,28.574,5.187
260.218,53410956.0,326878396416.0,26.906,165.157,57.064,249.127,0.0,0.0,10.995,11.091,32.413,4.225
301.15,54324012.0,366691713024.0,32.771,196.064,55.946,284.782,0.0,0.0,16.3,16.368,37.353,5.412
354.068,55228408.0,407627792384.0,45.351,233.495,60.653,339.499,0.0,0.0,14.49,14.569,44.113,4.092
390.639,56099872.0,439083565056.0,53.114,249.014,75.094,377.222,0.0,0.0,13.322,13.417,50.12,3.41
427.419,56939020.0,476583460864.0,56.847,276.795,81.413,415.055,0.0,0.0,12.298,12.364,57.028,2.877
484.995,57776080.0,514625699840.0,63.319,318.691,92.209,474.22,0.0,0.0,10.682,10.776,63.337,2.203
545.12,58610012.0,552247492608.0,73.217,356.67,102.05,531.937,0.0,0.0,13.021,13.183,71.102,2.389
615.363,59424836.0,593301602304.0,83.523,406.201,105.687,595.412,0.0,0.0,19.495,19.951,79.737,3.168
696.202,60211100.0,622895955968.0,101.623,449.445,123.139,674.207,0.0,0.0,21.335,21.995,86.992,3.064
732.905,60989104.0,601920897024.0,104.804,451.821,154.466,711.091,0.0,0.0,20.941,21.814,92.661,2.857
675.223,61745216.0,552405762048.0,84.085,410.153,164.949,659.187,0.0,0.0,15.048,16.035,89.533,2.229
715.57,62442652.0,574009180160.0,89.396,431.422,183.241,704.06,0.0,0.0,10.082,11.51,90.215,1.409
741.95,63066604.0,595846889472.0,91.696,419.198,211.954,722.848,0.0,0.0,17.421,19.102,89.53,2.348
782.477,63649892.0,612467343360.0,102.078,414.673,245.605,762.356,0.0,0.0,18.139,20.121,95.73,2.318
848.256,64222576.0,645971836928.0,108.942,448.517,266.892,824.352,0.0,0.0,21.503,23.904,101.58,2.535
912.103,64776960.0,688026353664.0,111.272,491.775,284.222,887.269,0.0,0.0,20.903,24.834,108.97,2.292
990.232,65311164.0,726679355392.0,124.673,545.101,297.55,967.324,0.0,0.0,16.991,22.908,117.09,1.716
1021.629,65821360.0,752297639936.0,134.762,543.031,320.592,998.385,0.0,0.0,16.239,23.244,123.0,1.59
1043.465,66319528.0,784687300608.0,143.818,538.467,330.112,1012.398,0.104,0.0,22.621,31.067,129.23,2.168
1079.243,66826752.0,822075064320.0,161.628,533.906,351.72,1047.255,0.11,0.001,22.512,31.988,132.32,2.086
1079.098,67328240.0,830943461376.0,174.309,502.797,369.417,1046.523,0.109,0.001,19.532,32.574,136.38,1.81
1108.353,67813656.0,820031258624.0,174.895,517.231,381.244,1073.37,0.124,0.003,19.453,34.983,137.18,1.755
1181.046,68270488.0,876003852288.0,179.485,535.205,432.056,1146.745,0.162,0.011,14.84,34.3,150.3,1.257
1212.376,68712848.0,877821296640.0,182.519,543.338,443.181,1169.037,0.261,0.014,21.89,43.339,147.14,1.806
1301.363,69157024.0,941351305216.0,191.562,572.838,486.335,1250.734,1.367,0.047,23.118,50.629,157.15,1.776
1308.713,69578600.0,967124254720.0,188.535,579.439,488.643,1256.617,3.427,0.957,14.75,52.096,160.62,1.127
1350.987,69960944.0,975956344832.0,207.87,584.375,499.447,1291.693,5.238,1.073,13.989,59.294,162.94,1.035
1382.112,70294408.0,1004624871424.0,204.074,608.777,509.61,1322.461,6.404,0.883,10.128,59.652,166.73,0.733
1410.84,70607032.0,1037065846784.0,208.03,630.47,505.643,1344.143,9.512,1.025,9.485,66.697,177.76,0.672
1436.728,70898208.0,1079232954368.0,208.857,648.605,500.838,1358.3,12.09,2.951,12.474,78.428,181.8,0.868
1481.883,71127808.0,1124031922176.0,222.67,661.834,500.196,1384.7,12.004,4.342,20.1,97.183,182.1,1.356
1482.659,71307768.0,,198.453,668.805,509.396,1376.653,13.565,9.674,16.633,106.005,190.61,1.122
1379.344,71475664.0,,212.183,599.843,468.529,1280.556,13.213,8.457,11.923,98.788,179.25,0.864
1390.897,71601104.0,,217.274,603.226,470.137,1290.637,13.055,9.242,11.88,100.26,186.88,0.854
1406.465,71697024.0,,197.559,662.667,443.181,1303.406,12.721,8.917,17.204,103.058,190.88,1.223
2.803,2838115.0,4128071936.0,,,,,,,,,,
2.636,2925873.0,3870560000.0,,,,,,,,,,
2.639,3023347.0,3726891008.0,,,,,,,,,,
2.718,3126633.0,3533698048.0,,,,,,,,,,
3.192,3232246.0,3744258048.0,,,,,,,,,,
3.133,3336512.0,3879960064.0,,,,,,,,,,
2.66,3439376.0,4009116928.0,,,,,,,,,,
2.543,3544933.0,3909740032.0,,,,,,,,,,
2.627,3653426.0,4305525248.0,,,,,,,,,,
3.075,3763661.0,4481862144.0,,,,,,,,,,
2.977,3875958.0,4744274944.0,,,,,,,,,,
4.928,3990223.0,4804299776.0,,,,,,,,,,
3.658,4106228.0,4695574528.0,,,,,,,,,,
3.144,4078396.0,3965510912.0,,,,,,,,,,
3.259,4092613.0,4562486272.0,,,,,,,,,,
3.576,4279573.0,4920022016.0,,,,,,,,,,
3.428,4445892.0,5351687680.0,,,,,,,,,,
3.242,4592557.0,5606767104.0,,,,,,,,,,
3.554,4728298.0,5539430400.0,,,,,,,,,,
5.019,4867949.0,5739979264.0,,,,,,,,,,
4.6,5008043.0,5742626816.0,,,,,,,,,0.17,
4.067,5145430.0,5728350720.0,,,,,,,,,0.12,
4.461,5281548.0,5709447680.0,,,,,,,,,0.15,
5.563,5421000.0,6045966336.0,,,,,,,,,0.17,
5.474,5565213.0,6257432576.0,,,,,,,,,0.18,
5.339,5711605.0,6399681536.0,,,,,,,,,0.18,
4.654,5874244.0,6714729472.0,,,,,,,,,0.21,
5.683,6047539.0,6923652096.0,,,,,,,,,0.18,
6.778,6222491.0,7155226112.0,,,,,,,,,0.12,
12.019,6398626.0,7467517952.0,,,,,,,,,0.14,
11.477,6571862.0,7846071296.0,,,,,,,,,0.17,
10.618,6748675.0,8309243904.0,,,,,,,,,0.12,
9.425,6926634.0,8791743488.0,,,,,,,,,0.11,
9.598,7106238.0,9242968064.0,,,,,,,,,0.1,
8.328,7288381.0,9806233600.0,,,,,,,,,0.2,
6.489,7473232.0,10346240000.0,,,,,,,,,0.37,
8.692,7661361.0,10859799552.0,,,,,,,,,0.43,
8.422,7852799.0,11293046784.0,,,,,,,,,0.77,
10.085,8046680.0,11866978304.0,,,,,,,,,0.57,
10.749,8243093.0,,,,,,,,,,0.7,
9.73,8442583.0,,,,,,,,,,0.58,
9.645,8644829.0,,,,,,,,,,0.63,
0.123,96725.0,,,,,,,,,,,
0.185,96861.0,,,,,,,,,,,
0.185,96951.0,,,,,,,,,,,
0.185,96996.0,,,,,,,,,,,
0.185,97041.0,,,,,,,,,,,
0.185,97074.0,,,,,,,,,,,
0.115,97099.0,,,,,,,,,,,
0.254,97408.0,,,,,,,,,,,
0.318,97955.0,,,,,,,,,,,
0.393,98397.0,,,,,,,,,,,
0.393,98744.0,,,,,,,,,,,
0.399,99031.0,,,,,,,,,,,
0.379,99276.0,,,,,,,,,,,
0.379,99507.0,,,,,,,,,,,
0.514,99752.0,,,,,,,,,,,
0.465,99995.0,,,,,,,,,,,
0.528,100209.0,,,,,,,,,,,
0.553,100670.0,,,,,,,,,,,
0.562,101360.0,,,,,,,,,,,
0.562,101995.0,,,,,,,,,,,
0.438,102620.0,,,,,,,,,,0.03,
0.395,103224.0,,,,,,,,,,0.04,
0.428,103822.0,,,,,,,,,,0.04,
0.527,104426.0,,,,,,,,,,0.04,
0.488,105054.0,,,,,,,,,,0.04,
0.52,105644.0,,,,,,,,,,0.05,
0.585,106202.0,,,,,,,,,,0.05,
0.501,106651.0,,,,,,,,,,0.05,
0.541,106945.0,,,,,,,,,,0.05,
0.587,107159.0,,,,,,,,,,0.05,
0.534,107401.0,,,,,,,,,,0.05,
0.506,107625.0,,,,,,,,,,0.05,
0.515,107517.0,,,,,,,,,,0.05,
0.506,107105.0,,,,,,,,,,0.05,
0.549,106639.0,,,,,,,,,,0.05,
0.574,106140.0,,,,,,,,,,0.05,
0.607,105721.0,,,,,,,,,,0.05,
0.72,105430.0,,,,,,,,,,0.06,
0.629,105167.0,,,,,,,,,,0.07,
0.72,104965.0,,,,,,,,,,0.07,
0.689,105265.0,,,,,,,,,,0.07,
0.71,106034.0,,,,,,,,,,0.08,
,273257.0,,,,,,,,,,,
,279141.0,,,,,,,,,,,
,285178.0,,,,,,,,,,,
,291371.0,,,,,,,,,,,
,297698.0,,,,,,,,,,,
,304163.0,,,,,,,,,,,
,310768.0,,,,,,,,,,,
,317517.0,,,,,,,,,,,
,324412.0,,,,,,,,,,,
,331114.0,,,,,,,,,,,
,337613.0,,,,,,,,,,,
,343899.0,,,,,,,,,,,
,349962.0,,,,,,,,,,,
,355789.0,,,,,,,,,,,
,361714.0,,,,,,,,,,,
,367737.0,,,,,,,,,,,
,373861.0,,,,,,,,,,,
,380086.0,,,,,,,,,,,
,386273.0,,,,,,,,,,,
,391584.0,,,,,,,,,,,
,396002.0,,,,,,,,,,,
,399507.0,,,,,,,,,,,
,402081.0,,,,,,,,,,,
,403705.0,,,,,,,,,,,
,405336.0,,,,,,,,,,,
,406973.0,,,,,,,,,,,
,408616.0,,,,,,,,,,,
,410267.0,,,,,,,,,,,
,411924.0,,,,,,,,,,,
,414604.0,,,,,,,,,,,
,418330.0,,,,,,,,,,,
,423120.0,,,,,,,,,,,
,428997.0,,,,,,,,,,,
,435983.0,,,,,,,,,,,
,443083.0,,,,,,,,,,,
,450298.0,,,,,,,,,,,
,457631.0,,,,,,,,,,,
,465083.0,,,,,,,,,,,
,472657.0,,,,,,,,,,,
,481571.0,,,,,,,,,,,
,491882.0,,,,,,,,,,,
,503649.0,,,,,,,,,,,
,516932.0,,,,,,,,,,,
,531796.0,,,,,,,,,,,
,547086.0,,,,,,,,,,,
,562817.0,,,,,,,,,,,
,578999.0,,,,,,,,,,,
,595647.0,,,,,,,,,,,
,612773.0,,,,,,,,,,,
,630424.0,,,,,,,,,,,
,648619.0,3700992000.0,,,,,,,,,,
,665289.0,4026480896.0,,,,,,,,,,
,682811.0,4164023808.0,,,,,,,,,,
,701369.0,4275324928.0,,,,,,,,,,
,721450.0,4351702528.0,,,,,,,,,,
,742582.0,4959104000.0,,,,,,,,,,
,763638.0,5987520000.0,,,,,,,,,,
,784575.0,6515418112.0,,,,,,,,,,
,805959.0,7050872832.0,,,,,,,,,,
,827142.0,7479275520.0,,,,,,,,,,
,847067.0,8381218816.0,,,,,,,,,,
,865031.0,8747384832.0,,,,,,,,,,
,881519.0,9214892032.0,,,,,,,,,,
,897667.0,9684101120.0,,,,,,,,,,
,913402.0,10015858688.0,,,,,,,,,,
33.626,928470.0,10525291520.0,,22.198,11.428,,,,,,,
35.777,942602.0,10983681024.0,,22.354,13.424,,,,,,,
38.138,955688.0,11213649920.0,,23.322,14.816,,,,,,,
39.314,967711.0,11795876864.0,,23.769,15.545,,,,,,,
40.542,978647.0,12121325568.0,,24.918,15.624,,,,,,,
44.681,988902.0,12549654528.0,,25.561,19.12,,,,,,,
45.16,1000135.0,12678761472.0,0.0,26.413,18.635,45.048,0.0,0.0,,,,
62.244,1013043.0,13411911680.0,0.0,42.872,19.261,62.132,0.0,0.0,,,,
61.737,1026564.0,13633377280.0,0.0,43.146,18.498,61.644,0.0,0.0,,,,
59.465,1040297.0,14363102208.0,0.0,42.485,16.9,59.385,0.0,0.0,,,,
47.915,1054023.0,14634735616.0,0.0,32.482,15.36,47.841,0.0,0.0,,,,
53.873,1067703.0,16033149952.0,0.0,36.525,17.288,53.813,0.0,0.0,,,,
56.05,1081696.0,17052215296.0,0.0,35.655,20.321,55.977,0.0,0.0,,,,
56.436,1096570.0,19043817472.0,0.0,32.083,24.26,56.343,0.0,0.0,,,,
49.864,1112315.0,19923965952.0,0.0,24.695,25.076,49.771,0.0,0.0,,,,
47.95,1127853.0,21520183296.0,0.0,19.535,28.333,47.867,0.0,0.0,,,,
50.631,1142703.0,22469885952.0,0.0,19.361,31.209,50.57,0.0,0.0,,,,
59.464,1157141.0,21154916352.0,0.0,21.475,37.931,59.406,0.0,0.0,,,,
58.017,1171278.0,19495335936.0,0.0,18.669,39.297,57.966,0.0,0.0,,,,
57.187,1184752.0,20667920384.0,0.0,15.969,41.176,57.145,0.0,0.0,,,,
59.102,1199791.0,19821819904.0,0.0,16.896,42.152,59.048,0.0,0.0,,,3.023,
61.451,1216376.0,19172167680.0,0.0,18.234,43.134,61.368,0.0,0.0,,,3.291,
58.014,1231446.0,18288025600.0,0.0,12.221,45.694,57.915,0.0,0.0,,,3.481,
63.754,1244637.0,17577123840.0,0.0,11.074,52.594,63.668,0.0,0.0,,,3.485,
62.721,1256212.0,17434560512.0,0.0,9.944,52.695,62.638,0.0,0.0,,,3.428,
69.6,1266525.0,17710559232.0,0.0,14.867,54.634,69.501,0.0,0.0,,,3.577,
69.389,1276232.0,17719300096.0,0.0,13.957,55.352,69.309,0.0,0.0,,,3.72,
73.446,1285506.0,17933883392.0,0.0,19.863,53.488,73.351,0.0,0.0,,,3.976,
77.418,1293979.0,17387464704.0,0.0,17.295,60.033,77.328,0.0,0.0,,,3.817,
82.043,1301401.0,16889637888.0,0.0,13.184,68.757,81.941,0.0,0.0,,,4.069,
88.972,1307831.0,17934968832.0,0.0,15.053,73.813,88.867,0.0,0.0,,,4.307,
100.801,1313442.0,18939402240.0,0.0,17.403,83.344,100.747,0.0,0.0,,,4.541,
100.775,1318179.0,20073273344.0,0.0,10.274,90.443,100.718,0.0,0.0,,,4.988,
102.291,1322582.0,21393889280.0,0.0,11.79,90.443,102.234,0.0,0.0,,,5.169,
113.689,1327067.0,22780489728.0,0.0,20.854,92.777,113.632,0.0,0.0,,,5.247,
118.837,1332203.0,24005326848.0,0.0,20.641,98.13,118.771,0.002,0.0,,,5.14,
128.223,1338576.0,24648445952.0,0.0,19.183,108.944,128.127,0.003,0.0,,,5.3,
139.141,1345970.0,26224117760.0,0.0,21.747,117.307,139.054,0.004,0.0,,,5.3,
155.992,1353552.0,29582759936.0,0.0,20.748,135.201,155.949,0.006,0.0,,,6.05,
171.55,1361180.0,31478241280.0,0.0,22.764,148.705,171.47,0.007,0.0,,,6.04,
183.941,1369078.0,32955092992.0,0.0,20.11,163.753,183.863,0.008,0.0,,,6.64,
214.84,1376932.0,36774965248.0,0.0,21.986,192.762,214.748,0.009,0.0,,,6.75,
221.537,1384861.0,37972471808.0,0.0,25.017,196.45,221.467,0.009,0.0,,,7.22,
218.279,1392808.0,38699954176.0,0.0,26.625,191.581,218.206,0.01,0.0,,,7.26,
216.47,1401197.0,36471791616.0,0.0,25.514,190.885,216.399,0.011,0.0,,,7.37,
233.871,1410297.0,37145100288.0,0.0,26.458,207.401,233.859,0.012,0.0,0.0,0.012,7.97,0.0
229.675,1420021.0,36506640384.0,0.0,24.849,204.813,229.662,0.012,0.0,0.0,0.012,8.24,0.0
226.102,1430379.0,36978462720.0,0.0,23.73,202.36,226.089,0.012,0.0,0.0,0.012,8.58,0.0
230.297,1440731.0,37960331264.0,0.0,26.729,203.556,230.285,0.012,0.0,0.0,0.012,8.94,0.0
229.113,1450663.0,37742333952.0,0.0,23.999,205.101,229.1,0.013,0.0,0.0,0.013,8.85,0.0
222.304,1460180.0,37523337216.0,0.0,26.241,196.048,222.289,0.015,0.0,0.0,0.015,9.01,0.0
197.234,1469334.0,35605774336.0,0.0,27.775,169.445,197.219,0.015,0.0,0.0,0.015,8.86,0.0
209.287,1478616.0,34782568448.0,0.0,25.779,183.493,209.272,0.015,0.0,0.0,0.015,8.77,0.0
198.096,1504707.0,34697351168.0,0.0,24.333,173.747,198.081,0.015,0.0,0.0,0.015,8.68,0.0
188.039,1519960.0,,0.0,13.291,174.733,188.024,0.015,0.0,0.0,0.015,8.64,0.0
165.166,1518142.0,,0.0,13.295,151.856,165.152,0.015,0.0,0.0,0.015,8.21,0.0
169.428,1525671.0,,0.0,13.382,156.031,169.413,0.014,0.0,0.0,0.015,8.73,0.0
164.233,1531043.0,,0.0,13.572,150.647,164.219,0.014,0.0,0.0,0.015,10.165,0.0
,1878648.0,,,,,,,,,,,
,1905207.0,,,,,,,,,,,
,1934610.0,,,,,,,,,,,
,1966929.0,,,,,,,,,,,
,1999787.0,,,,,,,,,,,
,2033194.0,,,,,,,,,,,
,2067159.0,,,,,,,,,,,
,2101691.0,,,,,,,,,,,
,2136800.0,,,,,,,,,,,
,2167536.0,,,,,,,,,,,
,2193797.0,,,,,,,,,,,
,2215480.0,,,,,,,,,,,
,2232478.0,,,,,,,,,,,
,2244684.0,2631089920.0,,,,,,,,,,
,2256956.0,,,,,,,,,,,
,2269295.0,,,,,,,,,,,
,2281700.0,,,,,,,,,,,
,2294174.0,,,,,,,,,,,
,2305774.0,,,,,,,,,,,
,2320238.0,,,,,,,,,,,
,2337611.0,,,,,,,,,,,
,2357940.0,,,,,,,,,,,
,2381271.0,,,,,,,,,,,
,2407651.0,,,,,,,,,,,
,2434323.0,,,,,,,,,,,
,2461290.0,,,,,,,,,,,
,2488557.0,,,,,,,,,,,
,2516125.0,,,,,,,,,,,
,2543999.0,,,,,,,,,,,
,2575619.0,,,,,,,,,,,
,2611086.0,,,,,,,,,,,
,2650506.0,,,,,,,,,,,
,2693984.0,,,,,,,,,,,
,2741631.0,,,,,,,,,,,
,2790121.0,,,,,,,,,,,
,2839468.0,,,,,,,,,,,
,2889688.0,,,,,,,,,,,
,2940796.0,,,,,,,,,,,
,2992808.0,,,,,,,,,,,
,3044090.0,,,,,,,,,,,
,3094602.0,,,,,,,,,,,
,3144308.0,,,,,,,,,,,
,3193166.0,,,,,,,,,,,
,3241136.0,,,,,,,,,,,
,3289826.0,,,,,,,,,,,
,3339248.0,,,,,,,,,,,
,3389413.0,,,,,,,,,,,
,3440331.0,,,,,,,,,,,
,3492014.0,,,,,,,,,,,
,3547297.0,,,,,,,,,,,
,3606294.0,6250082304.0,,,,,,,,,,
,3673788.0,6316775936.0,,,,,,,,,,
,3744377.0,7094844416.0,,,,,,,,,,
,3818152.0,7363862528.0,,,,,,,,,,
,3894785.0,7524500480.0,,,,,,,,,,
,3975549.0,7134355968.0,,,,,,,,,,
,4046368.0,7607077376.0,,,,,,,,,,
,4091661.0,7297218048.0,,,,,,,,,,
,4123891.0,8247023616.0,,,,,,,,,,
,4157898.0,7905441792.0,,,,,,,,,,
,4195466.0,8883345408.0,,,,,,,,,,
,4236395.0,9650494464.0,,,,,,,,,,
,4281749.0,9421841408.0,,,,,,,,,,
,4332930.0,10848702464.0,,,,,,,,,,
,4389421.0,11318439936.0,,,,,,,,,,
,4457284.0,12030743552.0,,,,,,,,,,
,4548976.0,12325981184.0,,,,,,,,,,
,4661276.0,12245109760.0,,,,,,,,,,
,4785014.0,13537296384.0,,,,,,,,,,
,4915168.0,14014621696.0,,,,,,,,,,
,5047403.0,14847202304.0,,,,,,,,,,
,5182042.0,16419088384.0,,,,,,,,,,
,5320160.0,19331282944.0,,,,,,,,,,
,5463656.0,19208794112.0,,,,,,,,,,
,5613122.0,20753291264.0,,,,,,,,,,
,5769080.0,22239762432.0,,,,,,,,,,
,5930005.0,23993808896.0,,,,,,,,,,
,6092776.0,24812912640.0,,,,,,,,,,
,6254888.0,26410557440.0,,,,,,,,,,
,6416195.0,28142817280.0,,,,,,,,,,
37.691,6578159.0,30237857792.0,,,,,,,,,,
41.111,6744052.0,31905564672.0,,,,,,,,,,
39.337,6914964.0,31737804800.0,,,,,,,,,,
44.367,7091271.0,33229307904.0,,,,,,,,,,
48.907,7279157.0,35132350464.0,,,,,,,,,,
50.305,7476095.0,37105672192.0,,,,,,,,,,
52.952,7675506.0,36535414784.0,,,,,,,,,,
49.318,7874308.0,38972399616.0,,,,,,,,,,
52.856,8068792.0,39018885120.0,,,,,,,,,,
59.121,8256402.0,40468770816.0,,,,,,,,,,
58.761,8440035.0,43649703936.0,,,,,,,,,,
48.58,8622857.0,45587128320.0,,,,,,,,,,
56.075,8802535.0,49384853504.0,,,,,,,,,,
64.009,8977175.0,50757980160.0,,,,,,,,,,
69.33,9143139.0,52754300928.0,,,,,,,,,,
62.611,9294106.0,54252470272.0,,,,,,,,,,
67.271,9430552.0,58083459072.0,,,,,,,,,,
78.156,9557957.0,61515624448.0,,,,,,,,,,
84.014,9677147.0,64700510208.0,,,,,,,,,,
84.645,9788065.0,68718194688.0,,,,,,,,,,
89.078,9893326.0,71818829824.0,,,,,,,,,9.96,
98.879,9995115.0,75444600832.0,,,,,,,,,10.71,
97.872,10094564.0,76877553664.0,,,,,,,,,11.13,
96.474,10193798.0,81240031232.0,,,,,,,,,11.67,
98.363,10292230.0,86232260608.0,,,,,,,,,12.29,
106.757,10388349.0,89804308480.0,,,,,,,,,12.97,
100.684,10483560.0,95016263680.0,,,,,,,,,13.28,
89.716,10580399.0,101101846528.0,,,,,,,,,12.92,
103.762,10680381.0,105766354944.0,,,,,,,,,13.51,
86.545,10784499.0,109299712000.0,,,,,,,,,14.35,
88.802,10895063.0,112485031936.0,,,,,,,,,14.95,
84.717,11032529.0,110760304640.0,,,,,,,,,15.33,
93.106,11174384.0,115304644608.0,,,,,,,,,16.8,
98.607,11300284.0,118417268736.0,,,,,,,,,17.08,
108.659,11428953.0,121400631296.0,,,,,,,,,17.86,
112.222,11557779.0,123040268288.0,,,,,,,,,18.35,
112.016,11685666.0,124551503872.0,,,,,,,,,18.49,
118.583,11811441.0,126940405760.0,,,,,,,,,19.17,
121.82,11933040.0,130322096128.0,,,,,,,,,19.52,
122.037,12049319.0,,,,,,,,,,20.55,
112.991,12161720.0,,,,,,,,,,19.58,
116.794,12262949.0,,,,,,,,,,20.93,
,12356116.0,,,,,,,,,,20.28,
,13972684.0,,,,,,,,,,,
,14053897.0,,,,,,,,,,,
,14135582.0,,,,,,,,,,,
,14217741.0,,,,,,,,,,,
,14300377.0,,,,,,,,,,,
,14383492.0,,,,,,,,,,,
,14467090.0,,,,,,,,,,,
,14551173.0,,,,,,,,,,,
,14635744.0,,,,,,,,,,,
,14679982.0,,,,,,,,,,,
,14683987.0,,,,,,,,,,,
,14647858.0,,,,,,,,,,,
,14571689.0,,,,,,,,,,,
,14455574.0,22094999552.0,,,,,,,,,,
,14340384.0,,,,,,,,,,,
,14226111.0,,,,,,,,,,,
,14112748.0,,,,,,,,,,,
,14000287.0,,,,,,,,,,,
,13891763.0,,,,,,,,,,,
,13825326.0,,,,,,,,,,,
,13800950.0,,,,,,,,,,,
,13818615.0,,,,,,,,,,,
,13878301.0,,,,,,,,,,,
,13979991.0,13863122944.0,,,,,,,,,,
,14082427.0,15141312512.0,,,,,,,,,,
,14185613.0,16856740864.0,,,,,,,,,,
,14289555.0,19556681728.0,,,,,,,,,,
,14394259.0,17784000512.0,,,,,,,,,,
,14499730.0,19701835776.0,,,,,,,,,,
,14637000.0,22851569664.0,,,,,,,,,,
,14806857.0,23884800000.0,,,,,,,,,,
,15010104.0,25325406208.0,,,,,,,,,,
,15247560.0,23783802880.0,,,,,,,,,,
,15520060.0,26900443136.0,,,,,,,,,,
,15797430.0,27533285376.0,,,,,,,,,,
,16079757.0,28098762752.0,,,,,,,,,,
,16367129.0,33426755584.0,,,,,,,,,,
,16659638.0,34553851904.0,,,,,,,,,,
,16957374.0,37588344832.0,,,,,,,,,,
,17257852.0,40709509120.0,,,,,,,,,,
,17561075.0,38243864576.0,,,,,,,,,,
,17867048.0,34797252608.0,,,,,,,,,,
,18175775.0,36296781824.0,,,,,,,,,,
,18487257.0,32965632000.0,,,,,,,,,,
,18804078.0,31532032000.0,,,,,,,,,,
,19126328.0,27283079168.0,,,,,,,,,,
,19454100.0,35219283968.0,,,,,,,,,,
,19787490.0,37214101504.0,,,,,,,,,,
,20126593.0,42287288320.0,,,,,,,,,,
,20522505.0,40153763840.0,,,,,,,,,,
,20977698.0,43911888896.0,,,,,,,,,,
,21519608.0,49817800704.0,,,,,,,,,,
,22094504.0,56078376960.0,,,,,,,,,,
,22690584.0,62669766656.0,,,,,,,,,,
,23267966.0,61217099776.0,,,,,,,,,,
,23821346.0,66494148608.0,,,,,,,,,,
,24473658.0,69084528640.0,,,,,,,,,,
,25238754.0,74959142912.0,,,,,,,,,,
,26007696.0,78801428480.0,,,,,,,,,,
,26768164.0,82888105984.0,,,,,,,,,,
,27510982.0,85808267264.0,,,,,,,,,,
,28255008.0,87728586752.0,,,,,,,,,,
,29033646.0,93596082176.0,,,,,,,,,,
,29827882.0,102938107904.0,,,,,,,,,,
,30612824.0,107828076544.0,,,,,,,,,,
91.433,31374540.0,111220449280.0,42.682,41.989,,,0.0,0.0,6.443,6.763,,
104.916,32172782.0,124959744000.0,47.497,50.116,,,0.0,0.0,6.914,7.303,,
108.544,33026492.0,131273064448.0,42.101,58.848,,,0.0,0.0,7.043,7.595,,
126.427,33884076.0,140827131904.0,45.764,70.703,,,0.0,0.0,9.388,9.959,,
138.027,34721988.0,149141520384.0,48.613,78.659,,,0.0,0.0,10.187,10.755,,
146.683,35540988.0,157265362944.0,53.847,83.338,,,0.0,0.0,8.968,9.498,,
162.384,36359956.0,172474531840.0,55.359,98.789,,,0.0,0.0,7.718,8.235,,
181.426,37188036.0,184802770944.0,59.406,111.986,,,0.0,0.0,9.475,10.033,,
205.603,38028236.0,194442379264.0,60.72,136.555,,,0.0,0.0,7.698,8.327,,
209.676,38863424.0,211512786944.0,66.221,132.871,,,0.0,0.0,9.923,10.584,,
233.686,39673588.0,231789920256.0,68.768,146.759,,,0.0,0.0,17.457,18.159,,
263.195,40500996.0,253392355328.0,72.141,165.776,,,0.0,0.0,24.764,25.278,,
288.084,41385656.0,265743925248.0,74.327,187.712,,,0.0,0.0,25.348,26.044,,
304.524,42292208.0,274794561536.0,75.409,201.075,,,0.0,0.0,27.603,28.04,,
287.262,43187472.0,274002526208.0,77.281,179.094,,,0.0,0.0,30.424,30.887,,
298.498,44089068.0,273441193984.0,81.805,182.702,,,0.0,0.0,33.557,33.991,,
301.189,44981876.0,286816305152.0,83.503,180.029,,,0.0,0.0,37.306,37.657,,
328.681,45949992.0,302868955136.0,93.773,192.678,0.34,286.79,0.0,0.0,41.891,41.891,,12.745
339.712,47026424.0,315758772224.0,103.181,202.617,0.373,306.172,0.0,0.0,33.54,33.54,,9.873
357.704,48106772.0,335720513536.0,115.939,201.636,0.364,317.94,0.0,0.0,39.701,39.764,,11.099
386.093,49175680.0,354837200896.0,138.781,211.209,0.469,350.459,0.0,0.0,35.617,35.634,34.219,9.225
420.703,50223888.0,381728489472.0,152.725,228.744,4.002,385.472,0.0,0.0,35.107,35.231,39.695,8.345
479.594,51250156.0,417316012032.0,161.238,258.14,4.998,424.377,0.0,0.0,55.053,55.217,44.353,11.479
527.385,52275892.0,435876986880.0,155.889,274.342,11.356,441.587,0.0,0.0,85.604,85.798,48.049,16.232
517.613,53305236.0,443256143872.0,175.671,258.527,30.19,464.388,0.0,0.0,53.047,53.225,52.043,10.248
561.998,54324140.0,486761168896.0,186.522,274.505,32.296,493.324,0.0,0.0,68.447,68.674,57.54,12.179
573.721,55321172.0,499938033664.0,199.257,267.472,39.564,506.293,0.0,0.0,67.074,67.428,60.24,11.691
603.3,56302040.0,538702184448.0,198.536,282.566,43.289,524.391,0.0,0.0,78.561,78.909,67.35,13.022
655.675,57296008.0,591946448896.0,183.707,323.759,47.415,554.882,0.0,0.0,100.392,100.793,73.81,15.311
634.948,58310244.0,569082576896.0,184.254,309.586,50.278,544.118,0.0,0.0,90.442,90.829,78.33,14.244
710.576,59305492.0,620396806144.0,192.337,347.148,65.043,604.528,0.0,0.0,105.094,106.048,86.25,14.79
775.107,60293784.0,675112419328.0,216.353,362.572,75.7,654.624,0.0,0.0,119.685,120.482,94.86,15.441
810.784,61277420.0,738354659328.0,241.695,357.101,93.079,691.875,0.0,0.0,117.736,118.909,103.3,14.521
831.467,62242200.0,773998837760.0,250.766,356.459,98.345,705.569,0.0,0.016,124.871,125.897,111.03,15.018
809.611,63185620.0,745796272128.0,232.995,354.802,118.558,706.355,0.0,0.061,102.541,103.256,116.44,12.665
864.679,64113548.0,807550844928.0,261.221,371.837,139.469,772.528,0.0,0.099,91.307,92.15,124.33,10.56
785.631,65072016.0,753326817280.0,214.608,346.004,153.459,714.071,0.0,0.183,70.536,71.559,122.19,8.978
859.633,65988664.0,818938118144.0,224.145,369.928,166.394,760.467,0.0,0.14,98.317,99.166,128.42,11.437
910.288,66867324.0,872922415104.0,242.09,364.58,200.481,807.152,0.0,0.178,102.46,103.137,139.52,11.256
974.779,67785080.0,957900849152.0,256.86,372.771,211.684,841.315,0.0,0.166,132.797,133.464,149.74,13.623
996.752,68704712.0,1046618898432.0,257.686,368.018,257.232,882.937,0.0,0.169,113.278,113.815,161.55,11.365
1105.833,69601328.0,1128341831680.0,304.334,382.608,291.97,978.912,0.0,0.371,125.893,126.921,176.17,11.384
1174.356,70468864.0,1191689584640.0,342.666,389.536,338.907,1071.11,0.0,0.993,101.372,103.246,191.41,8.632
1178.344,71320728.0,1213760274432.0,344.201,384.222,352.982,1081.406,0.0,2.379,93.49,96.938,198.31,7.934
1194.268,72225648.0,1155016556544.0,359.344,391.056,337.222,1087.622,0.0,4.176,100.421,106.646,194.73,8.409
1259.821,73195352.0,1276138618880.0,365.624,381.208,358.21,1105.042,0.007,8.095,143.762,154.778,211.06,11.411
1345.969,74173856.0,1403985592320.0,394.01,373.021,418.399,1185.431,0.008,13.032,144.384,160.539,229.28,10.727
1429.392,75277440.0,1441915600896.0,424.437,391.923,433.192,1249.552,0.012,16.07,158.662,179.84,239.38,11.1
1419.132,76576120.0,1510231769088.0,367.092,419.095,439.665,1225.852,0.018,20.597,161.946,193.28,239.87,11.412
1462.148,78112064.0,1570585313280.0,420.145,431.095,466.465,1317.706,0.047,23.082,110.11,144.442,251.62,7.531
1606.742,79646176.0,1637835079680.0,404.026,516.403,459.59,1380.02,0.523,31.38,180.822,226.722,261.29,11.254
1687.18,81019400.0,1498503446528.0,447.26,549.439,445.046,1441.746,2.792,41.54,179.98,245.434,273.69,10.667
1787.401,82089824.0,1610456629248.0,458.912,576.151,515.681,1550.744,7.689,47.647,154.936,236.658,296.43,8.668
1767.596,82809304.0,1655984226304.0,475.22,555.955,472.325,1503.501,20.636,52.78,158.581,264.095,303.86,8.972
1834.348,83481688.0,,487.526,558.265,433.613,1479.405,24.382,57.282,234.134,354.944,302.79,12.764
1803.449,84135432.0,,472.367,525.179,462.099,1459.645,28.758,65.206,205.098,343.804,305.42,11.373
1934.336,84775408.0,,482.322,560.646,573.104,1616.072,36.484,82.26,146.342,318.264,333.41,7.566
1947.841,85341248.0,,484.844,583.707,512.218,1580.769,41.489,91.616,175.189,367.072,326.09,8.994
143.104,3246888.0,20045559808.0,3.745,57.599,81.751,143.095,,,0.009,0.009,10.987,0.006
178.107,3336772.0,20620066816.0,3.745,41.932,132.422,178.099,,,0.009,0.009,12.396,0.005
177.183,3430503.0,21125900288.0,3.745,41.888,131.542,177.174,,,0.009,0.009,13.267,0.005
178.383,3525116.0,23051919360.0,3.21,41.858,133.307,178.374,,,0.009,0.009,12.891,0.005
183.29,3621309.0,21128380416.0,3.745,41.815,137.722,183.282,,,0.009,0.009,14.508,0.005
151.892,3720287.0,21201768448.0,4.28,54.817,92.786,151.883,0.0,0.0,0.009,0.009,14.61,0.006
155.991,3821784.0,20437995520.0,3.745,61.306,90.931,155.982,0.0,0.0,0.009,0.009,14.953,0.006
148.971,3926374.0,17569984512.0,1.605,59.063,88.291,148.959,0.0,0.0,0.012,0.012,13.183,0.008
122.293,4031701.0,18037532672.0,0.0,33.988,88.291,122.278,0.0,0.0,0.015,0.015,12.637,0.012
130.454,4133044.0,15091298304.0,0.058,34.153,96.231,130.442,0.0,0.0,0.012,0.012,10.52,0.009
107.38,4226625.0,14166411264.0,0.058,31.389,75.921,107.368,0.0,0.0,0.012,0.012,9.905,0.011
156.41,4301092.0,13366638592.0,0.535,36.51,119.35,156.395,0.0,0.0,0.015,0.015,10.13,0.009
119.769,4363678.0,11996056576.0,,35.728,84.026,,0.0,0.0,0.015,0.015,9.498,
149.135,4431523.0,12945862656.0,,45.841,103.276,,0.0,0.0,0.018,0.018,9.416,
142.357,4501087.0,15251959808.0,,50.038,92.304,,0.0,0.0,0.015,0.015,8.86,
119.82,4569135.0,18299170816.0,,48.201,71.61,,0.0,0.0,0.009,0.009,9.25,
151.237,4635100.0,22282608640.0,,46.027,105.201,,0.0,0.0,0.009,0.009,9.97,
127.565,4698972.0,26092257280.0,,52.577,74.979,,0.0,0.0,0.009,0.009,10.06,
176.119,4758992.0,30907439104.0,,59.936,116.174,,0.0,0.0,0.009,0.009,10.15,
174.407,4819793.0,35857412096.0,,59.86,114.537,,0.0,0.0,0.009,0.009,11.2,
176.601,4885780.0,41000558592.0,,60.129,116.463,,0.0,0.0,0.009,0.009,12.05,
178.463,4954032.0,46020567040.0,,58.526,119.927,,0.0,0.0,0.009,0.009,12.83,
173.172,5024897.0,51695423488.0,,61.514,111.65,,0.0,0.0,0.009,0.009,13.98,
142.056,5100089.0,60005171200.0,,63.122,78.925,,0.0,0.0,0.009,0.009,14.13,
231.601,5180961.0,64415940608.0,,60.46,171.132,,0.0,0.0,0.009,0.009,15.02,
249.566,5267975.0,71126122496.0,,66.838,182.719,,0.0,0.0,0.009,0.009,15.66,
276.998,5360813.0,82538332160.0,,69.636,207.353,,0.001,0.0,0.009,0.01,16.19,
301.966,5458688.0,91657732096.0,,72.57,229.384,,0.003,0.0,0.009,0.011,16.68,
268.245,5560099.0,100974903296.0,,74.92,193.312,,0.005,0.0,0.009,0.014,17.74,
278.038,5663159.0,111420612608.0,,78.392,199.63,,0.008,0.0,0.009,0.017,19.18,
332.823,5766427.0,118607511552.0,,78.938,253.863,,0.014,0.0,0.008,0.023,21.18,
329.542,5868568.0,125986217984.0,,78.365,251.15,,0.019,0.0,0.008,0.027,21.18,
326.026,5968388.0,134137528320.0,,78.411,247.589,,0.019,0.0,0.008,0.027,21.18,
362.994,6065072.0,142391017472.0,,79.043,283.923,,0.018,0.0,0.008,0.027,21.18,
356.949,6158424.0,,,79.452,277.47,,0.018,0.0,0.008,0.027,21.18,
422.698,6250442.0,,,80.139,342.532,,0.018,0.0,0.008,0.027,20.11,
449.422,6341850.0,,,81.806,367.582,,0.018,0.0,0.015,0.033,21.4,
458.947,6430777.0,,,83.55,375.364,,0.018,0.0,0.015,0.033,31.524,
0.0,7620.0,,,,,,,,,,,
0.0,7980.0,,,,,,,,,,,
0.0,8377.0,,,,,,,,,,,
0.0,8782.0,,,,,,,,,,,
0.0,9187.0,,,,,,,,,,,
0.0,9599.0,,,,,,,,,,,
0.0,10009.0,,,,,,,,,,,
0.0,10423.0,,,,,,,,,,,
0.0,10836.0,,,,,,,,,,,
0.0,11249.0,,,,,,,,,,,
0.0,11723.0,,,,,,,,,,,
0.0,12354.0,,,,,,,,,,,
0.0,13036.0,,,,,,,,,,,
0.0,13726.0,,,,,,,,,,,
0.0,14425.0,,,,,,,,,,,
0.055,15123.0,,,,,,,,,,,
0.056,15830.0,,,,,,,,,,,
0.055,16541.0,,,,,,,,,,,
0.061,17266.0,,,,,,,,,,,
0.061,18008.0,,,,,,,,,,,
0.289,18769.0,,,,,,,,,,0.07,
0.307,19600.0,,,,,,,,,,0.08,
0.409,20620.0,,,,,,,,,,0.1,
0.42,21764.0,,,,,,,,,,0.1,
0.433,22898.0,,,,,,,,,,0.11,
0.509,24019.0,,,,,,,,,,0.12,
0.586,25152.0,,,,,,,,,,0.15,
0.688,26292.0,,,,,,,,,,0.17,
0.732,27450.0,,,,,,,,,,0.19,
0.739,28601.0,,,,,,,,,,0.2,
0.764,29751.0,,,,,,,,,,0.2,
0.764,30840.0,,,,,,,,,,0.19,
0.764,32105.0,,,,,,,,,,0.2,
0.77,33620.0,,,,,,,,,,0.2,
0.828,35014.0,,,,,,,,,,0.21,
0.853,36556.0,,,,,,,,,,0.22,
0.882,38267.0,,,,,,,,,,0.23,
0.955,39865.0,,,,,,,,,,0.23,
0.958,41516.0,,,,,,,,,,0.24,
0.987,43104.0,,,,,,,,,,0.24,
0.832,44297.0,,,,,,,,,,0.25,
0.885,45141.0,,,,,,,,,,0.27,
0.0,7755.0,,,,,,,,,,,
0.0,7894.0,,,,,,,,,,,
0.0,8014.0,,,,,,,,,,,
0.0,8123.0,,,,,,,,,,,
0.0,8218.0,,,,,,,,,,,
0.0,8355.0,,,,,,,,,,,
0.0,8522.0,,,,,,,,,,,
0.0,8683.0,,,,,,,,,,,
0.0,8862.0,,,,,,,,,,,
0.0,9039.0,,,,,,,,,,,
0.0,9201.0,,,,,,,,,,,
0.0,9378.0,,,,,,,,,,,
0.0,9489.0,,,,,,,,,,,
0.0,9543.0,,,,,,,,,,,
0.0,9582.0,,,,,,,,,,,
0.0,9607.0,,,,,,,,,,,
0.0,9631.0,,,,,,,,,,,
0.0,9654.0,,,,,,,,,,,
0.0,9656.0,,,,,,,,,,,
0.0,9661.0,,,,,,,,,,,
0.0,9662.0,,,,,,,,,,,
0.0,9640.0,,,,,,,,,,,
0.0,9630.0,,,,,,,,,,,
0.0,9693.0,,,,,,,,,,,
0.0,9814.0,,,,,,,,,,,
0.0,9933.0,,,,,,,,,,,
0.0,10054.0,,,,,,,,,,,
0.0,10168.0,,,,,,,,,,,
0.0,10294.0,,,,,,,,,,,
0.0,10427.0,,,,,,,,,,,
0.0,10570.0,,,,,,,,,,,
0.0,10719.0,,,,,,,,,,,
0.0,10876.0,,,,,,,,,,,
0.0,10942.0,,,,,,,,,,,
0.0,10922.0,,,,,,,,,,,
0.0,10896.0,,,,,,,,,,,
0.0,10876.0,,,,,,,,,,,
0.0,10850.0,,,,,,,,,,,
0.0,10883.0,,,,,,,,,,,
0.0,10983.0,,,,,,,,,,,
0.0,11090.0,,,,,,,,,,,
0.0,11229.0,,,,,,,,,,,
0.657,,,,,,,,,,,,
0.656,,,,,,,,,,,,
0.656,,,,,,,,,,,,
0.656,,,,,,,,,,,,
0.598,,,,,,,,,,,,
0.585,,,,,,,,,,,,
0.569,,,,,,,,,,,,
0.568,,,,,,,,,,,,
0.768,,,,,,,,,,,,
1.23,,,,,,,,,,,,
1.293,,,,,,,,,,,,
1.293,,,,,,,,,,,,
1.204,,,,,,,,,,,,
1.139,,,,,,,,,,,,
1.139,,,,,,,,,,,,
1.201,,,,,,,,,,,,
1.204,,,,,,,,,,,,
1.201,,,,,,,,,,,,
1.201,,,,,,,,,,,,
1.201,,,,,,,,,,,,
1.215,,,,,,,,,,,,
1.215,,,,,,,,,,,,
1.215,,,,,,,,,,,,
1.215,,,,,,,,,,,,
1.215,,,,,,,,,,,,
1.215,,,,,,,,,,,,
1.242,,,,,,,,,,,,
1.242,,,,,,,,,,,,
1.246,,,,,,,,,,,,
1.242,,,,,,,,,,,,
1.453,,,,,,,,,,,,
1.242,,,,,,,,,,,,
1.246,,,,,,,,,,,,
1.242,,,,,,,,,,,,
1.242,,,,,,,,,,,,
1.242,,,,,,,,,,,,
1.241,,,,,,,,,,,,
1.245,,,,,,,,,,,,
1.245,,,,,,,,,,,,
1.244,,,,,,,,,,,,
0.0,,,,,,,,,,,,
0.0,,,,,,,,,,,,
0.0,,,,,,,,,,,,
0.0,,,,,,,,,,,,
0.0,,,,,,,,,,,,
0.0,,,,,,,,,,,,
0.0,,,,,,,,,,,,
0.0,,,,,,,,,,,,
0.0,,,,,,,,,,,,
0.0,,,,,,,,,,,,
0.0,,,,,,,,,,,,
0.0,,,,,,,,,,,,
0.0,,,,,,,,,,,,
0.0,,,,,,,,,,,,
0.0,,,,,,,,,,,,
0.0,,,,,,,,,,,,
0.0,,,,,,,,,,,,
0.0,,,,,,,,,,,,
0.0,,,,,,,,,,,,
0.0,,,,,,,,,,,,
0.0,,,,,,,,,,,,
0.0,,,,,,,,,,,,
0.0,,,,,,,,,,,,
0.0,,,,,,,,,,,,
0.0,,,,,,,,,,,,
0.0,,,,,,,,,,,,
0.0,,,,,,,,,,,,
0.0,,,,,,,,,,,,
0.0,,,,,,,,,,,,
0.0,,,,,,,,,,,,
0.0,,,,,,,,,,,,
0.0,,,,,,,,,,,,
0.0,,,,,,,,,,,,
0.0,,,,,,,,,,,,
0.0,,,,,,,,,,,,
0.0,,,,,,,,,,,,
0.0,,,,,,,,,,,,
0.0,,,,,,,,,,,,
0.0,,,,,,,,,,,,
0.0,,,,,,,,,,,,
0.0,,,,,,,,,,,,
0.0,,,,,,,,,,,,
,124500000.0,237296992256.0,,,,,,,,,,
,,,,,,,,,,,,
,,,,,,,,,,,,
,,,,,,,,,,,,
,,,,,,,,,,,,
,,,,,,,,,,,,
,,,,,,,,,,,,
,,,,,,,,,,,,
,,,,,,,,,,,,
,,,,,,,,,,,,
,,,,,,,,,,,,
,,,,,,,,,,,,
,,,,,,,,,,,,
,156200000.0,352056770560.0,,,,,,,,,,
,,,,,,,,,,,,
,,,,,,,,,,,,
,,,,,,,,,,,,
,,,,,,,,,,,,
,,,,,,,,,,,,
,,,,,,,,,,,,
,154600000.0,141774618624.0,,,,,,,,,,
,152800000.0,128076570624.0,,,,,,,,,,
,152400000.0,148440514560.0,,,,,,,,,,
,153100000.0,171727716352.0,,,,,,,,,,
,155600000.0,220925018112.0,,,,,,,,,,
,159000000.0,282353795072.0,,,,,,,,,,
,162600000.0,324266262528.0,,,,,,,,,,
,166100000.0,345025019904.0,,,,,,,,,,
,169300000.0,369683496960.0,,,,,,,,,,
,172000000.0,379985559552.0,,,,,,,,,,
,174200000.0,402081284096.0,,,,,,,,,,
,176000000.0,410049708032.0,,,,,,,,,,
,176800000.0,405595258880.0,,,,,,,,,,
,177400000.0,422214369280.0,,,,,,,,,,
,178500000.0,463620898816.0,,,,,,,,,,
,179600000.0,533698543616.0,,,,,,,,,,
,181500000.0,576087326720.0,,,,,,,,,,
,184600000.0,634559594496.0,,,,,,,,,,
,188500000.0,645982650368.0,,,,,,,,,,
,192400000.0,686023507968.0,,,,,,,,,,
,196000000.0,669629480960.0,,,,,,,,,,
,,,,,,,,,,,,
,,,,,,,,,,,,
,,,,,,,,,,,,
,,,,,,,,,,,,
,,,,,,,,,,,,
,173900000.0,530221105152.0,,,,,,,,,,
,174000000.0,589685981184.0,,,,,,,,,,
,175100000.0,670457921536.0,,,,,,,,,,
,177500000.0,742127501312.0,,,,,,,,,,
,179600000.0,813277052928.0,,,,,,,,,,
,182700000.0,817114251264.0,,,,,,,,,,
,185900000.0,870177767424.0,,,,,,,,,,
,189000000.0,907579686912.0,,,,,,,,,,
,192200000.0,951438606336.0,,,,,,,,,,
,195600000.0,1033032237056.0,,,,,,,,,,
,199100000.0,1131701469184.0,,,,,,,,,,
,202600000.0,1154842755072.0,,,,,,,,,,
,206200000.0,1241329958912.0,,,,,,,,,,
,209900000.0,1227658887168.0,,,,,,,,,,
,213800000.0,1344248610816.0,,,,,,,,,,
,217600000.0,1421480820736.0,,,,,,,,,,
,221200000.0,1459876921344.0,,,,,,,,,,
,224600000.0,1426563923968.0,,,,,,,,,,
,227700000.0,1611191025664.0,,,,,,,,,,
6916.875,230500000.0,1702799474688.0,3459.188,1994.849,1216.758,6670.796,0.0,0.0,240.799,240.799,,3.481
7356.216,233100000.0,1785145327616.0,3585.219,2136.247,1357.374,7078.841,,,271.52,271.52,,3.691
7730.988,235600000.0,1864068890624.0,3640.72,2327.543,1494.425,7462.688,,,261.903,261.903,,3.388
8020.227,238000000.0,1973355020288.0,3608.97,2481.116,1613.604,7703.69,,,307.645,307.645,,3.836
8374.417,240300000.0,2001067180032.0,3660.708,2638.379,1724.434,8023.521,,,340.589,340.589,,4.067
8809.916,242500000.0,2154659446784.0,3630.394,2904.442,1894.847,8429.683,,,367.781,367.781,,4.175
9242.354,244900000.0,2212064395264.0,3703.805,3079.17,2071.218,8854.193,,,372.873,372.873,,4.034
9716.784,247300000.0,2224850206720.0,3807.327,3339.661,2178.483,9325.471,,,363.411,363.411,,3.74
10210.021,249700000.0,2411718508544.0,3848.096,3590.398,2369.149,9807.643,,,361.773,361.773,,3.543
10774.621,252100000.0,2481780686848.0,3866.987,3944.171,2512.157,10323.314,,,390.411,390.411,,3.623
11306.364,254500000.0,2488941412352.0,3977.059,4134.596,2740.969,10852.624,,,372.542,372.542,,3.295
11747.266,256900000.0,2605564297216.0,3972.753,4248.621,3016.267,11237.641,,,401.367,401.367,,3.417
12274.353,259200000.0,2666906779648.0,4044.115,4418.75,3231.969,11694.834,,,434.719,434.719,,3.542
12805.889,261500000.0,2734243971072.0,4019.64,4689.105,3446.476,12155.222,,,501.804,501.804,,3.919
13156.517,263800000.0,2720855228416.0,4048.735,4771.343,3658.601,12478.68,,,508.67,508.67,,3.866
13451.627,265900000.0,2724411998208.0,3925.49,5001.702,3770.774,12697.965,,,543.903,543.903,,4.043
13738.253,268100000.0,2749333241856.0,3900.584,5045.311,3993.042,12938.938,,,552.2,552.2,,4.019
14080.254,270400000.0,2816923140096.0,3960.327,5008.479,4310.458,13279.264,,,516.518,516.518,,3.668
14377.112,272900000.0,2906890436608.0,3970.486,4935.318,4621.894,13527.699,,,533.328,533.328,,3.71
14920.483,275400000.0,2944379125760.0,3933.012,4936.029,5043.178,13912.219,,,600.233,600.233,,4.023
17153.902,277900000.0,2970365984768.0,,,,,,,,,,
17525.936,280400000.0,3093066416128.0,,,,,,,,,,
18122.451,282800000.0,3132798271488.0,,,,,,,,,,
18666.029,285100000.0,3199634505728.0,,,,,,,,,,
18637.066,286600000.0,3247333179392.0,,,,,,,,,,
18446.141,288500000.0,3168799031296.0,,,,,,,,,,
18170.84,290100000.0,3012063657984.0,,,,,,,,,,
,,2612017758208.0,,,,,,,,,,
,,2387859996672.0,,,,,,,,,,
,,2085793300480.0,,,,,,,,,,
,,2003330662400.0,,,,,,,,,,
,,1972454948864.0,,,,,,,,,,
,,2041206669312.0,,,,,,,,,,
,,2022336888832.0,,,,,,,,,,
,,2147254140928.0,,,,,,,,,,
,,2365623631872.0,,,,,,,,,,
,,2548668825600.0,,,,,,,,,,
,,2724706910208.0,,,,,,,,,,
,,2976059490304.0,,,,,,,,,,
,,3265396998144.0,,,,,,,,,,
,,3543117856768.0,,,,,,,,,,
,,3913214066688.0,,,,,,,,,,
,,4323148562432.0,,,,,,,,,,
,,4603270660096.0,,,,,,,,,,
,,4436220444672.0,,,,,,,,,,
,,4712027914240.0,,,,,,,,,,
,,5023459704832.0,,,,,,,,,,
,,5212753362944.0,,,,,,,,,,
,,5353153495040.0,,,,,,,,,,
,,5441458274304.0,,,,,,,,,,
,,5372787556352.0,,,,,,,,,,
,,5426884640768.0,,,,,,,,,,
,,5628122628096.0,,,,,,,,,,
,,5753769820160.0,,,,,,,,,,
,,,,,,,,,,,,
,,,,,,,,,,,,
4.68,13284030.0,11322223616.0,,,,,,,,,,
3.334,13563562.0,11745408000.0,,,,,,,,,,
3.793,13880059.0,12712720384.0,,,,,,,,,,
3.608,14228930.0,13658978304.0,,,,,,,,,,
3.968,14617950.0,12485804032.0,,,,,,,,,,
4.195,15038924.0,12751084544.0,,,,,,,,,,
4.391,15486815.0,12793401344.0,,,,,,,,,,
4.03,15974224.0,13611121664.0,,,,,,,,,,
5.206,16489326.0,14591128576.0,,,,,,,,,,
5.205,17028548.0,15637284864.0,,,,,,,,,,
5.71,17586634.0,16268766208.0,,,,,,,,,,
6.041,18171944.0,16538917888.0,,,,,,,,,,
6.836,18801968.0,17483616256.0,,,,,,,,,,
6.892,19462960.0,18599690240.0,,,,,,,,,,
7.129,20125026.0,19993296896.0,,,,,,,,,,
7.186,20680834.0,21811142656.0,,,,,,,,,,
7.487,21249570.0,23216443392.0,,,,,,,,,,
7.955,21876938.0,24283123712.0,,,,,,,,,,
8.513,22537658.0,25735383040.0,,,,,,,,,,
8.533,23279246.0,27748050944.0,,,,,,,,,,
10.352,24020710.0,28839088128.0,,,,,,,,,1.59,
10.554,24763328.0,31387265024.0,,,,,,,,,1.59,
10.818,25545098.0,33626853376.0,,,,,,,,,1.71,
11.408,26354740.0,35593797632.0,,,,,,,,,1.8,
12.152,27146082.0,37411397632.0,,,,,,,,,1.94,
13.791,27946586.0,40921112576.0,,,,,,,,,1.95,
13.4,28773230.0,43572248576.0,,,,,,,,,1.57,
16.166,29629804.0,46853861376.0,,,,,,,,,1.97,
17.003,30509868.0,51468918784.0,,,,,,,,,2.32,
17.367,31412526.0,55303700480.0,,,,,,,,,2.4,
19.549,32341724.0,59228536832.0,,,,,,,,,2.69,
20.453,33295738.0,62855835648.0,,,,,,,,,2.61,
19.799,34273296.0,64257404928.0,,,,,,,,,1.96,
22.978,35273568.0,66627399680.0,,,,,,,,,2.59,
26.488,36336544.0,70033965056.0,,,,,,,,,2.81,
26.524,37477356.0,73613877248.0,,,,,,,,,2.87,
29.645,38748308.0,77532053504.0,,,,,,,,,3.77,
32.298,40127096.0,81428807680.0,,,,,,,,,3.91,
34.923,41515400.0,86584074240.0,,,,,,,,,4.31,
34.859,42949076.0,,,,,,,,,,4.33,
34.032,44404608.0,,,,,,,,,,4.45,
35.163,45853780.0,,,,,,,,,,4.4,
,23480335.0,,,,,,,,,,,
,23699583.0,,,,,,,,,,,
,23920877.0,,,,,,,,,,,
,24144237.0,,,,,,,,,,,
,24369682.0,,,,,,,,,,,
,24597231.0,,,,,,,,,,,
,24826905.0,,,,,,,,,,,
,25058722.0,,,,,,,,,,,
,25292704.0,,,,,,,,,,,
,25528869.0,,,,,,,,,,,
,25767239.0,,,,,,,,,,,
,26007834.0,,,,,,,,,,,
,26250675.0,,,,,,,,,,,
,26495782.0,,,,,,,,,,,
,26743178.0,,,,,,,,,,,
,26992883.0,,,,,,,,,,,
,27244918.0,,,,,,,,,,,
,27499306.0,,,,,,,,,,,
,27751657.0,,,,,,,,,,,
,28006323.0,,,,,,,,,,,
,28263326.0,,,,,,,,,,,
,28522687.0,,,,,,,,,,,
,28784429.0,,,,,,,,,,,
,29048572.0,,,,,,,,,,,
,29315139.0,,,,,,,,,,,
,29584153.0,,,,,,,,,,,
,29855635.0,,,,,,,,,,,
,30129608.0,,,,,,,,,,,
,30406096.0,,,,,,,,,,,
,30685120.0,,,,,,,,,,,
,30966706.0,,,,,,,,,,,
,31250875.0,,,,,,,,,,,
,31537652.0,,,,,,,,,,,
,31827060.0,,,,,,,,,,,
,32119125.0,,,,,,,,,,,
,32413869.0,,,,,,,,,,,
,32711319.0,,,,,,,,,,,
,33011498.0,,,,,,,,,,,
,33314431.0,,,,,,,,,,,
,33620144.0,,,,,,,,,,,
,33928663.0,,,,,,,,,,,
,34240013.0,,,,,,,,,,,
,34554220.0,,,,,,,,,,,
,34871311.0,,,,,,,,,,,
,35191311.0,,,,,,,,,,,
,35514248.0,,,,,,,,,,,
,35840148.0,,,,,,,,,,,
,36169039.0,,,,,,,,,,,
,36500948.0,,,,,,,,,,,
,36878582.0,,,,,,,,,,,
,37303000.0,,,,,,,,,,,
,37783280.0,,,,,,,,,,,
,38271728.0,,,,,,,,,,,
,38768516.0,,,,,,,,,,,
,39287992.0,,,,,,,,,,,
,39836516.0,,,,,,,,,,,
,40398812.0,,,,,,,,,,,
,40977532.0,,,,,,,,,,,
,41559368.0,,,,,,,,,,,
,42154896.0,,,,,,,,,,,
,42767252.0,,,,,,,,,,,
,43365224.0,,,,,,,,,,,
,43924756.0,,,,,,,,,,,
,44445912.0,,,,,,,,,,,
,44941408.0,,,,,,,,,,,
,45387092.0,,,,,,,,,,,
,45809132.0,,,,,,,,,,,
,46235376.0,,,,,,,,,,,
,46635196.0,,,,,,,,,,,
,46990888.0,,,,,,,,,,,
,47279088.0,,,,,,,,,,,
,47597756.0,,,,,,,,,,,
,47974192.0,,,,,,,,,,,
,48301548.0,379632582656.0,,,,,,,,,,
,48602696.0,,,,,,,,,,,
,48892180.0,,,,,,,,,,,
,49144536.0,,,,,,,,,,,
,49357432.0,,,,,,,,,,,
,49536616.0,,,,,,,,,,,
,49739736.0,,,,,,,,,,,
2780.66,50917392.0,478213668864.0,987.912,759.896,849.915,2597.724,,,31.677,31.677,272.0,1.139
2792.947,51076744.0,480702431232.0,980.784,762.502,896.966,2640.252,,,31.507,31.507,272.7,1.128
2852.486,51236432.0,494152253440.0,971.873,792.769,916.391,2681.032,,,28.371,28.371,281.5,0.995
2855.35,51372376.0,499008438272.0,916.626,728.006,971.131,2615.763,,,35.284,35.284,297.2,1.236
2732.057,51494548.0,519237894144.0,835.834,695.808,981.722,2513.364,,,29.952,29.952,295.3,1.096
3194.697,51589816.0,495935193088.0,965.932,771.842,1209.674,2947.448,0.0,0.0,31.09,31.09,298.62,0.973
2994.568,51672816.0,460353470464.0,857.391,739.897,1149.468,2746.756,0.0,0.0,34.626,34.626,278.47,1.156
2530.553,51785152.0,421710462976.0,843.973,474.051,979.952,2297.976,0.0,0.0,23.31,23.31,252.32,0.921
2218.278,51778420.0,367893643264.0,751.694,341.129,879.31,1972.133,0.0,0.0,32.642,32.642,229.71,1.472
1895.852,51487376.0,288418693120.0,599.943,294.879,769.839,1664.662,0.0,0.0,35.833,35.833,202.73,1.89
1849.755,51061268.0,257477951488.0,593.125,305.811,721.279,1620.214,0.0,0.0,29.431,29.431,193.82,1.591
1724.072,50616104.0,235602706432.0,446.305,189.814,836.627,1472.747,0.0,0.0,25.525,25.525,182.8,1.48
1662.889,50169352.0,232333279232.0,435.428,219.581,753.343,1408.353,0.0,0.0,29.144,29.144,177.82,1.753
1604.654,49745868.0,231737278464.0,446.234,200.874,697.505,1344.613,0.0,0.009,46.54,46.549,172.65,2.9
1580.584,49320116.0,235148296192.0,441.383,151.311,741.04,1333.733,0.0,0.009,42.356,42.365,171.94,2.68
1585.457,48879752.0,253196058624.0,448.281,142.378,741.986,1332.646,0.0,0.018,33.337,33.355,171.27,2.103
1562.9,48414536.0,281110347776.0,436.451,157.055,719.272,1312.779,0.0,0.047,35.347,35.394,172.81,2.262
1553.238,47976540.0,301087064064.0,439.198,159.518,707.915,1306.632,0.0,0.064,28.1,28.164,173.57,1.809
1591.928,47605644.0,335257370624.0,451.359,165.028,722.112,1338.498,0.0,0.09,26.791,26.881,180.2,1.683
1585.872,47261960.0,381078077440.0,428.85,165.99,716.433,1311.274,0.0,0.095,33.868,33.963,182.02,2.136
1605.493,46912616.0,399366225920.0,433.765,170.23,722.112,1326.107,0.0,0.109,35.4,35.509,185.91,2.205
1624.431,46592552.0,436786692096.0,466.389,174.579,700.344,1341.312,0.0,0.1,36.666,36.765,193.23,2.257
1617.882,46313064.0,480580665344.0,496.101,180.38,660.595,1337.076,0.0,0.127,28.681,29.705,196.14,1.773
1562.053,46062936.0,499592167424.0,486.111,172.895,627.47,1286.476,0.0,0.126,32.349,33.319,192.58,2.071
1330.558,45863884.0,431074443264.0,417.168,168.18,489.086,1074.434,0.0,0.12,33.334,33.898,173.62,2.505
1426.915,45683024.0,439429758976.0,444.859,161.756,545.606,1152.221,0.0,0.139,36.504,37.243,188.82,2.558
1474.744,45516136.0,471221141504.0,482.529,161.096,561.269,1204.893,0.083,0.247,30.19,30.948,194.95,2.047
1442.989,45406228.0,472338530304.0,496.81,159.763,518.387,1174.961,0.914,0.79,28.732,30.864,198.36,1.991
1369.568,45307104.0,472222859264.0,481.796,151.433,476.991,1110.22,1.553,1.74,37.624,41.732,193.71,2.747
1208.371,45148072.0,441258901504.0,413.749,133.587,403.171,950.507,1.162,3.062,22.968,28.084,181.98,1.901
1003.408,44982568.0,398132477952.0,318.011,119.474,319.887,757.371,1.283,2.92,14.532,19.593,161.64,1.448
1049.995,44833568.0,407348477952.0,377.393,125.162,314.208,816.763,1.314,2.553,20.548,25.282,162.86,1.957
975.331,44657260.0,417634025472.0,299.554,125.789,301.905,727.248,1.921,2.617,23.812,29.541,154.42,2.441
1011.989,44446952.0,431319908352.0,326.28,130.707,305.691,762.677,2.93,3.144,27.589,35.039,158.23,2.726
957.663,44211100.0,,303.264,128.969,282.977,715.21,7.731,5.325,17.156,32.501,152.66,1.791
918.452,43909664.0,,265.711,121.784,293.387,680.882,14.101,8.573,19.865,45.525,148.26,2.163
934.182,43531424.0,,264.882,123.14,272.566,660.588,16.554,10.214,27.261,57.136,155.72,2.918
647.501,39701744.0,,144.071,107.277,192.733,444.08,13.253,3.816,28.927,48.139,111.94,4.467
,48933.0,,,,,,,,,,,
,49244.0,,,,,,,,,,,
,49557.0,,,,,,,,,,,
,49873.0,,,,,,,,,,,
,50190.0,,,,,,,,,,,
,50509.0,,,,,,,,,,,
,50830.0,,,,,,,,,,,
,51154.0,,,,,,,,,,,
,51479.0,,,,,,,,,,,
,51833.0,,,,,,,,,,,
,52215.0,,,,,,,,,,,
,52625.0,,,,,,,,,,,
,53066.0,,,,,,,,,,,
,53536.0,,,,,,,,,,,
,54010.0,,,,,,,,,,,
,54489.0,,,,,,,,,,,
,54971.0,,,,,,,,,,,
,55458.0,,,,,,,,,,,
,55929.0,,,,,,,,,,,
,56404.0,,,,,,,,,,,
,56883.0,,,,,,,,,,,
,57366.0,,,,,,,,,,,
,57853.0,,,,,,,,,,,
,58345.0,,,,,,,,,,,
,58840.0,,,,,,,,,,,
,59340.0,,,,,,,,,,,
,59844.0,,,,,,,,,,,
,60352.0,,,,,,,,,,,
,60864.0,,,,,,,,,,,
,61381.0,,,,,,,,,,,
,61903.0,,,,,,,,,,,
,62428.0,,,,,,,,,,,
,62958.0,,,,,,,,,,,
,63493.0,,,,,,,,,,,
,64032.0,,,,,,,,,,,
,64576.0,,,,,,,,,,,
,65124.0,,,,,,,,,,,
,65677.0,,,,,,,,,,,
,66235.0,,,,,,,,,,,
,66798.0,,,,,,,,,,,
,67365.0,,,,,,,,,,,
,67937.0,,,,,,,,,,,
,68514.0,,,,,,,,,,,
,69096.0,,,,,,,,,,,
,69683.0,,,,,,,,,,,
,70274.0,,,,,,,,,,,
,70871.0,,,,,,,,,,,
,71473.0,,,,,,,,,,,
,72080.0,,,,,,,,,,,
,73113.0,,,,,,,,,,,
,74613.0,1801016576.0,,,,,,,,,,
,79780.0,1952218880.0,,,,,,,,,,
,85111.0,2069254784.0,,,,,,,,,,
,90576.0,2274657792.0,,,,,,,,,,
,96153.0,2533920256.0,,,,,,,,,,
,101819.0,2595100416.0,,,,,,,,,,
,107581.0,2787876608.0,,,,,,,,,,
,113443.0,2888693248.0,,,,,,,,,,
,119619.0,3031029760.0,,,,,,,,,,
,126293.0,3342554112.0,,,,,,,,,,
,133440.0,3684790272.0,,,,,,,,,,
,140998.0,4027034624.0,,,,,,,,,,
,148892.0,4477176832.0,,,,,,,,,,
,157022.0,4936303616.0,,,,,,,,,,
,165324.0,5442472448.0,,,,,,,,,,
0.855,173808.0,5997095424.0,,0.855,,,,,0.0,0.0,,
0.912,182526.0,6609458176.0,,0.912,,,,,0.0,0.0,,
5.407,191413.0,7284736000.0,,0.98,4.426,,,,0.0,0.0,,
6.945,213593.0,8028547072.0,,1.095,5.85,,,,0.0,0.0,,
6.969,253270.0,8853531648.0,,1.216,5.753,,,,0.0,0.0,,
9.606,298096.0,9759055872.0,,1.416,8.19,,,,0.0,0.0,,
14.638,344521.0,11392897024.0,,1.671,12.967,,0.0,0.0,0.0,0.0,,
15.65,392377.0,13298290688.0,,2.195,13.455,,0.0,0.0,0.0,0.0,,
20.293,441555.0,15523947520.0,,3.426,16.868,,0.0,0.0,0.0,0.0,,
22.296,491963.0,20552257536.0,,4.746,17.55,,0.0,0.0,0.0,0.0,,
23.859,543410.0,21211678720.0,,7.674,16.185,,0.0,0.0,0.0,0.0,,
30.19,614187.0,24401131520.0,,11.275,18.915,,0.0,0.0,0.0,0.0,,
49.632,706870.0,28656111616.0,,16.677,32.955,,0.0,0.0,0.0,0.0,,
57.501,805241.0,27984656384.0,,18.403,39.097,,0.0,0.0,0.0,0.0,,
67.56,908463.0,34949636096.0,,25.05,42.51,,0.0,0.0,0.0,0.0,,
108.156,1014058.0,44180586496.0,,60.186,47.97,,0.0,0.0,0.0,0.0,,
125.928,1100189.0,45416116224.0,,65.381,60.547,,0.0,0.0,0.0,0.0,,
135.966,1167859.0,41674108928.0,,72.396,63.57,,0.0,0.0,0.0,0.0,,
130.515,1237582.0,39582306304.0,,72.503,58.013,,0.0,0.0,0.0,0.0,,
162.547,1308339.0,41273712640.0,,82.792,79.755,,0.0,0.0,0.0,0.0,,
201.634,1379543.0,40307253248.0,,102.964,98.67,,0.0,0.0,0.0,0.0,12.185,
244.387,1468701.0,31750852608.0,,124.56,119.827,,0.0,0.0,0.0,0.0,12.815,
273.077,1575913.0,32884649984.0,,136.382,136.695,,0.0,0.0,0.0,0.0,13.658,
301.883,1683687.0,32803829760.0,,163.628,138.255,,0.0,0.0,0.0,0.0,14.84,
340.165,1791848.0,36287311872.0,,171.782,168.382,,0.0,0.0,0.0,0.0,15.612,
344.953,1900160.0,40641368064.0,,180.08,164.872,,0.0,0.0,0.0,0.0,17.081,
420.837,2008390.0,,,222.327,198.51,,0.0,0.0,0.0,0.0,17.222,
406.696,2116235.0,,,223.883,182.812,,0.0,0.0,0.0,0.0,18.689,
423.47,2223289.0,55476445184.0,,231.98,191.49,,0.0,0.0,0.0,0.0,21.73,
464.674,2329034.0,64932859904.0,,243.252,221.422,,0.0,0.0,0.0,0.0,23.736,
484.871,2434001.0,75357175808.0,,243.169,241.702,,0.0,0.0,0.0,0.0,24.982,
499.688,2572739.0,86335651840.0,,234.975,264.712,,0.0,0.0,0.0,0.0,26.572,
521.456,2746127.0,101840109568.0,,238.706,282.75,,0.0,0.0,0.0,0.0,28.464,
534.113,2921135.0,111460818944.0,,237.81,296.302,,0.0,0.0,0.0,0.0,33.392,
538.369,3097572.0,125528113152.0,,232.024,306.345,,0.0,0.0,0.0,0.0,37.126,
535.782,3275338.0,153035276288.0,,229.339,306.443,,0.0,0.0,0.0,0.0,37.54,
541.566,3454204.0,169106472960.0,0.215,226.621,314.73,541.566,0.0,0.0,,,40.58,
591.693,3633665.0,187898953728.0,1.096,235.307,355.29,591.693,0.0,0.0,,,44.04,
631.155,3813452.0,221794893824.0,1.29,260.535,369.33,631.155,0.0,0.0,,,46.48,
675.065,3993346.0,263839399936.0,1.462,281.556,392.047,675.065,0.0,0.0,,,49.27,
704.598,4280995.0,300624052224.0,1.691,292.919,409.987,704.598,0.0,0.0,,,57.05,
741.293,4898956.0,359086686208.0,3.275,315.258,422.76,741.293,0.0,0.0,,,62.76,
818.361,5872640.0,403039420416.0,1.577,337.402,479.382,818.361,0.0,0.0,,,74.03,
938.401,6988687.0,452209115136.0,3.992,354.688,579.721,938.401,0.0,0.0,,,77.06,
925.575,7992658.0,465464623104.0,3.185,346.492,575.881,925.557,0.018,0.0,,,82.91,
972.492,8481775.0,513346961408.0,7.653,372.071,592.716,972.441,0.051,0.0,,,88.33,
1020.931,8575210.0,583589888000.0,5.174,399.339,616.361,1020.874,0.057,0.0,,,93.22,
1074.1,8664976.0,623215050752.0,16.077,418.649,639.307,1074.033,0.066,0.0,,,99.85,
1133.245,8751853.0,650352197632.0,20.581,464.93,647.496,1133.008,0.233,0.004,,,103.41,
1130.877,8835957.0,668160032768.0,22.946,472.738,634.35,1130.033,0.836,0.008,,,109.57,
1229.609,8916909.0,691538493440.0,19.942,494.153,714.705,1228.8,0.805,0.004,,,119.76,
1278.223,8994266.0,709426085888.0,21.406,536.661,719.31,1277.377,0.846,0.0,,,121.85,
1229.672,9068297.0,726264709120.0,24.76,531.078,671.851,1227.69,1.983,0.0,,,126.54,
1213.716,9140172.0,734906220544.0,22.332,527.705,660.509,1210.546,3.17,0.0,,,127.93,
1242.454,9211660.0,,20.668,515.481,696.668,1232.817,9.637,0.0,,,129.65,
1170.882,9287286.0,,24.813,481.063,647.287,1153.163,13.616,0.0,,,126.55,
1309.517,9365149.0,,27.506,531.535,707.629,1266.669,16.36,0.0,,,135.63,
1402.732,9441138.0,,28.539,607.255,698.482,1334.276,18.135,0.0,,,154.741,
,41089602.0,312531058688.0,,,,,,,,,,
,41459153.0,312199610368.0,,,,,,,,,,
,41827091.0,319853068288.0,,,,,,,,,,
,42193357.0,316084584448.0,,,,,,,,,,
,42562831.0,317665017856.0,,,,,,,,,,
,42935539.0,326784548864.0,,,,,,,,,,
,43311511.0,337435295744.0,,,,,,,,,,
,43690776.0,343554129920.0,,,,,,,,,,
,44073361.0,329209151488.0,,,,,,,,,,
,44417852.0,336437641216.0,,,,,,,,,,
,44723743.0,346661683200.0,,,,,,,,,,
,44990527.0,356440244224.0,,,,,,,,,,
,45217688.0,361318416384.0,,,,,,,,,,
,45404707.0,374869590016.0,,,,,,,,,,
,45592500.0,374424403968.0,,,,,,,,,,
,45781070.0,400331276288.0,,,,,,,,,,
,45970420.0,404764819456.0,,,,,,,,,,
,46160552.0,403910295552.0,,,,,,,,,,
,46352692.0,401942249472.0,,,,,,,,,,
,46487478.0,353891057664.0,,,,,,,,,,
,46564792.0,328542945280.0,,,,,,,,,,
,46584515.0,299337023488.0,,,,,,,,,,
,46546526.0,327953448960.0,,,,,,,,,,
,46450703.0,338349850624.0,,,,,,,,,,
,46355077.0,352313245696.0,,,,,,,,,,
,46259648.0,369438752768.0,,,,,,,,,,
,46164416.0,355885383680.0,,,,,,,,,,
,46069379.0,384535592960.0,,,,,,,,,,
,45974538.0,389190549504.0,,,,,,,,,,
,45944804.0,400634773504.0,,,,,,,,,,
,45980369.0,397795819520.0,,,,,,,,,,
,46081427.0,377346064384.0,,,,,,,,,,
,46248173.0,380224995328.0,,,,,,,,,,
,46480802.0,391279706112.0,,,,,,,,,,
,46714602.0,417147387904.0,,,,,,,,,,
,46949578.0,433247780864.0,,,,,,,,,,
,47185735.0,452919230464.0,,,,,,,,,,
,47423081.0,468681293824.0,,,,,,,,,,
,47661620.0,474370080768.0,,,,,,,,,,
,47890226.0,479046172672.0,,,,,,,,,,
,48108804.0,527013740544.0,,,,,,,,,,
,48317261.0,575024005120.0,,,,,,,,,,
,48515502.0,589318389760.0,,,,,,,,,,
,48703433.0,602251395072.0,,,,,,,,,,
,48892093.0,578535817216.0,,,,,,,,,,
,49081483.0,553149923328.0,,,,,,,,,,
,49271606.0,529131962368.0,,,,,,,,,,
,49462466.0,521286516736.0,,,,,,,,,,
,49654066.0,537800540160.0,,,,,,,,,,
,49851583.0,557859471360.0,,,,,,,,,,
,50055068.0,554454745088.0,,,,,,,,,,
,50271908.0,570992689152.0,,,,,,,,,,
,50484812.0,570010304512.0,,,,,,,,,,
,50728620.0,592393404416.0,,,,,,,,,,
,50969936.0,616540930048.0,,,,,,,,,,
,51193272.0,638913806336.0,,,,,,,,,,
,51421616.0,646914572288.0,,,,,,,,,,
,51682404.0,657223974912.0,,,,,,,,,,
,51960820.0,655877079040.0,,,,,,,,,,
,52241648.0,682390126592.0,,,,,,,,,,
,52543024.0,721686167552.0,,,,,,,,,,
,52861256.0,745529212928.0,,,,,,,,,,
,53183636.0,753069260800.0,,,,,,,,,,
,53508520.0,782013366272.0,,,,,,,,,,
,53861504.0,823416717312.0,,,,,,,,,,
2316.225,54229568.0,844870778880.0,1365.327,885.719,8.595,2259.641,0.0,0.0,13.638,13.638,,0.589
2327.5,54560504.0,861009739776.0,1299.42,948.916,8.385,2256.721,0.0,0.0,13.413,13.413,,0.576
2328.214,54876360.0,880333291520.0,1213.835,1019.779,14.107,2247.72,0.0,0.0,14.445,14.445,,0.62
2411.424,55169252.0,916165885952.0,1214.754,1079.496,31.855,2326.104,0.0,0.0,11.006,11.006,,0.456
2498.73,55420524.0,932854038528.0,1184.05,1160.34,62.069,2406.459,0.0,0.0,9.628,9.628,,0.385
2551.043,55650160.0,954756366336.0,1116.759,1228.784,118.277,2463.821,0.0,0.0,13.413,13.413,,0.526
2503.85,55875904.0,975018065920.0,989.713,1235.286,190.709,2415.708,0.0,0.0,9.974,9.974,,0.398
2540.698,56057324.0,1009534173184.0,866.923,1309.81,270.63,2447.364,0.0,0.0,9.974,9.974,,0.393
2667.083,56166632.0,1077433270272.0,938.983,1344.501,292.809,2576.292,0.0,0.0,11.349,11.349,,0.426
2533.179,56233776.0,1062802292736.0,826.66,1248.866,350.226,2425.753,0.0,0.0,12.038,12.038,,0.475
2388.249,56266852.0,1061564055552.0,831.603,1092.24,366.973,2290.816,0.0,0.0,11.349,11.349,,0.475
2437.358,56263232.0,1085394059264.0,846.269,1085.842,389.244,2321.355,0.0,0.0,13.413,13.413,,0.55
2482.948,56244844.0,1108973453312.0,849.048,1094.934,413.714,2357.696,0.0,0.0,11.692,11.692,,0.471
2497.193,56240768.0,1148502802432.0,827.137,1123.259,429.135,2379.531,0.0,0.0,12.038,12.038,,0.482
2614.039,56265152.0,1180113305600.0,889.113,1133.336,470.166,2492.615,0.0,0.0,12.724,12.724,,0.487
2381.125,56326328.0,1160744140800.0,826.486,969.124,468.77,2264.38,0.0,0.0,11.692,11.692,,0.491
2315.192,56395848.0,1145637961728.0,821.997,897.27,475.12,2194.387,0.0,0.0,13.067,13.067,,0.564
2285.169,56450132.0,1163414863872.0,766.638,907.599,472.748,2146.985,0.0,0.0,13.413,13.413,,0.587
2294.409,56501616.0,1204671086592.0,773.767,872.771,492.786,2139.325,0.0,0.0,13.413,13.413,,0.585
2293.416,56568252.0,1234772426752.0,549.82,1072.842,504.172,2126.834,0.003,0.0,13.413,13.416,,0.585
2390.726,56643040.0,1278428446720.0,731.283,932.165,542.225,2205.673,0.003,0.0,11.693,11.696,298.089,0.489
2457.055,56721912.0,1334598565888.0,789.77,934.295,551.25,2275.315,0.003,0.0,14.1,14.103,301.071,0.574
2452.936,56826320.0,1398100983808.0,809.087,908.569,566.16,2283.817,0.0,0.0,12.38,12.38,302.112,0.505
2485.687,56952648.0,1467801403392.0,785.397,966.503,539.283,2291.183,0.003,0.0,14.444,14.447,308.825,0.581
2488.692,57076096.0,1499837497344.0,755.996,987.998,527.025,2271.02,0.0,0.027,14.1,14.126,314.585,0.567
2508.394,57210444.0,1505692221440.0,755.31,1000.721,548.738,2304.77,0.0,0.027,15.132,17.06,317.76,0.603
2561.217,57359452.0,1487460892672.0,756.59,996.056,592.769,2345.415,0.0,0.027,13.412,15.635,321.34,0.524
2545.327,57509240.0,1491383222272.0,711.384,1007.183,589.92,2308.487,0.0,0.098,15.819,18.899,319.34,0.622
2574.725,57647464.0,1527375331328.0,619.484,1012.239,672.272,2303.994,0.0,0.642,12.724,17.19,321.67,0.494
2543.823,57785900.0,1585210327040.0,578.406,1001.667,692.253,2272.325,0.0,1.017,15.132,20.996,325.02,0.595
2552.545,57930364.0,1623418994688.0,551.913,989.954,738.086,2279.953,0.0,1.159,13.756,20.155,332.48,0.539
2676.295,58078584.0,1663252430848.0,515.977,1014.602,859.841,2390.419,0.0,1.443,10.042,17.245,349.32,0.375
2629.999,58250192.0,1713664294912.0,460.176,985.443,884.182,2329.802,0.0,1.972,12.999,21.707,349.19,0.494
2651.819,58438320.0,1766690914304.0,448.691,975.231,919.405,2343.327,0.0,2.593,15.133,26.199,361.08,0.571
2639.632,58635204.0,1822988828672.0,398.917,962.657,978.877,2340.451,0.003,2.513,15.777,29.24,365.25,0.598
2664.474,58850044.0,1889457799168.0,427.148,952.312,1013.417,2392.876,0.003,2.797,15.038,30.23,374.38,0.564
2692.175,59092016.0,1939162398720.0,452.545,947.918,1008.532,2408.995,0.006,2.835,11.912,29.2,382.37,0.442
2631.41,59355688.0,1983811813376.0,415.308,940.813,995.341,2351.462,0.009,3.675,13.974,33.892,384.6,0.531
2669.371,59649800.0,2050645557248.0,443.148,948.319,998.092,2389.559,0.009,3.735,9.361,33.002,395.46,0.351
2691.21,59995852.0,2100502593536.0,432.506,974.372,1019.879,2426.757,0.012,5.588,13.96,43.238,391.29,0.519
2713.482,60383740.0,2160945659904.0,440.463,1002.566,993.866,2436.895,0.023,8.338,14.096,52.324,395.42,0.519
2678.878,60803700.0,2212969054208.0,480.989,992.442,942.602,2416.033,0.031,12.053,13.07,56.832,393.44,0.488
2604.628,61260680.0,2267379924992.0,452.891,964.612,953.005,2370.508,0.04,14.912,14.357,63.1,392.98,0.551
2559.33,61742152.0,2251038392320.0,420.333,944.661,978.325,2343.32,0.048,19.944,14.447,74.481,384.84,0.564
2430.017,62243384.0,2151646494720.0,346.695,899.679,912.237,2158.611,0.056,25.919,14.6,86.232,373.08,0.601
2481.533,62760048.0,2190775025664.0,354.809,885.2,984.928,2224.938,0.112,28.549,9.968,91.09,378.91,0.402
2342.043,63286360.0,2221719158784.0,357.704,867.311,819.185,2044.2,0.672,44.036,15.702,115.238,365.06,0.67
2379.613,63808728.0,2250912301056.0,451.254,844.025,768.987,2064.266,3.712,54.42,14.557,130.1,360.89,0.612
2371.596,64302296.0,2293924888576.0,434.925,823.427,763.258,2021.609,5.479,77.394,12.814,165.329,355.38,0.54
2240.112,64773504.0,2363952726016.0,351.194,823.38,700.555,1875.129,10.983,86.581,15.951,199.261,335.21,0.712
2275.699,65224368.0,2415783051264.0,277.323,846.217,720.455,1843.994,20.286,108.459,16.958,249.922,335.34,0.745
2251.756,65655204.0,2460057337856.0,141.172,870.937,806.736,1818.846,27.862,99.477,14.377,248.655,336.28,0.638
2252.731,66064808.0,2506603626496.0,114.227,882.485,785.491,1782.203,30.491,132.11,15.653,290.906,335.1,0.695
2243.542,66432996.0,2540210225152.0,96.786,870.861,785.66,1753.308,33.517,150.562,14.401,325.048,330.5,0.642
2196.601,66778660.0,,69.043,853.575,776.783,1699.401,32.734,168.267,15.639,355.085,321.65,0.712
1973.261,67059472.0,,63.383,657.659,731.345,1452.387,33.886,198.587,18.029,394.164,307.37,0.914
1999.378,67281040.0,,65.807,681.386,778.266,1525.459,31.761,169.2,14.381,358.656,307.16,0.719
2031.876,67508936.0,,58.722,741.043,719.801,1519.567,36.293,208.993,13.859,392.916,324.89,0.682
,74829905.0,613998133248.0,,,,,,,,,,
,76245912.0,683106041856.0,,,,,,,,,,
,77698268.0,690126913536.0,,,,,,,,,,
,79187838.0,723766345728.0,,,,,,,,,,
,80705948.0,714621845504.0,,,,,,,,,,
,82253148.0,767532728320.0,,,,,,,,,,
,83829992.0,855994269696.0,,,,,,,,,,
,85437050.0,869070536704.0,,,,,,,,,,
,87074899.0,799355568128.0,,,,,,,,,,
,88647362.0,890110017536.0,,,,,,,,,,
,90151889.0,893975396352.0,,,,,,,,,,
,91585865.0,917451767808.0,,,,,,,,,,
,92946603.0,954787430400.0,,,,,,,,,,
,94231351.0,986598473728.0,,,,,,,,,,
,95533839.0,905134473216.0,,,,,,,,,,
,96854312.0,925041164288.0,,,,,,,,,,
,98193018.0,1046397583360.0,,,,,,,,,,
,99550208.0,1014196338688.0,,,,,,,,,,
,100970120.0,1099047305216.0,,,,,,,,,,
,102419259.0,1102169636864.0,,,,,,,,,,
,103898175.0,1085154983936.0,,,,,,,,,,
,105407425.0,1054213668864.0,,,,,,,,,,
,106947578.0,1105913446400.0,,,,,,,,,,
,108519213.0,1244263743488.0,,,,,,,,,,
,110113945.0,1274653966336.0,,,,,,,,,,
,111732111.0,1296540106752.0,,,,,,,,,,
,113374057.0,1372770926592.0,,,,,,,,,,
,115040131.0,1378144616448.0,,,,,,,,,,
,116730690.0,1385247277056.0,,,,,,,,,,
,118261782.0,1461345452032.0,,,,,,,,,,
,119629770.0,1322627104768.0,,,,,,,,,,
,120830953.0,1237725741056.0,,,,,,,,,,
,121861566.0,1051216969728.0,,,,,,,,,,
,122717780.0,1015524950016.0,,,,,,,,,,
,123580010.0,1100529926144.0,,,,,,,,,,
,124448298.0,1237782364160.0,,,,,,,,,,
,125322686.0,1359902408704.0,,,,,,,,,,
,126203219.0,1462308700160.0,,,,,,,,,,
,127089938.0,1373407805440.0,,,,,,,,,,
,128160070.0,1469481091072.0,,,,,,,,,,
,129417367.0,1592319803392.0,,,,,,,,,,
,130865641.0,1815098687488.0,,,,,,,,,,
,132508765.0,2013171023872.0,,,,,,,,,,
,134350677.0,2203245346816.0,,,,,,,,,,
,136218191.0,2361835651072.0,,,,,,,,,,
,138111665.0,2314667556864.0,,,,,,,,,,
,140031458.0,2103900897280.0,,,,,,,,,,
,141977937.0,2070709141504.0,,,,,,,,,,
,143951473.0,2168923226112.0,,,,,,,,,,
,146051521.0,2126235566080.0,,,,,,,,,,
,148281552.0,2320610099200.0,,,,,,,,,,
,150598448.0,2497407877120.0,,,,,,,,,,
,152941728.0,2590801657856.0,,,,,,,,,,
,155451200.0,2709832597504.0,,,,,,,,,,
,158205872.0,2691885432832.0,,,,,,,,,,
,161136448.0,2882221375488.0,,,,,,,,,,
,164063408.0,2938405388288.0,,,,,,,,,,
,166949120.0,2993553408000.0,,,,,,,,,,
,170147104.0,2963550502912.0,,,,,,,,,,
,173324608.0,3183156920320.0,,,,,,,,,,
,176188576.0,3262376312832.0,,,,,,,,,,
,179087280.0,3338583932928.0,,,,,,,,,,
,181917808.0,3539745112064.0,,,,,,,,,,
,184649872.0,3692868403200.0,,,,,,,,,,
,187277376.0,3906859958272.0,,,,,,,,,,
14439.701,189703280.0,4156141076480.0,3224.244,6414.477,4159.206,13797.927,,,588.364,630.852,,4.075
15247.362,191830976.0,4428300025856.0,3380.846,6731.245,4482.756,14594.848,,,591.211,636.029,,3.877
15778.539,193782432.0,4538979319808.0,3316.997,6988.794,4733.188,15038.979,,,671.89,716.695,,4.258
16719.385,195743424.0,4754925682688.0,3433.076,7457.961,5066.815,15957.852,,,674.651,724.112,,4.035
17583.422,197859328.0,4903769997312.0,3447.238,7831.838,5454.107,16733.182,,,757.074,808.64,,4.306
18205.84,200328336.0,4912635707392.0,3414.659,8176.191,5748.658,17339.508,,,749.574,801.203,,4.117
18589.008,202907920.0,5065682190336.0,3229.201,8461.684,5926.526,17617.41,,,805.052,857.785,,4.331
19514.082,205238384.0,5334296952832.0,3362.425,9119.912,5986.964,18469.301,,,824.16,883.217,,4.223
20339.795,207314768.0,5637203296256.0,3611.49,9655.255,5937.959,19204.703,,,822.672,885.749,,4.045
19842.607,209277968.0,5621366128640.0,3525.567,9271.507,5732.247,18529.32,,,908.637,972.856,,4.579
19319.48,211274544.0,5605795299328.0,3525.541,9049.838,5261.532,17836.91,,,905.474,967.322,,4.687
20376.508,213270032.0,5899591090176.0,3782.042,9729.595,5366.39,18878.027,,,857.002,927.683,,4.206
20895.646,215437408.0,6166912434176.0,3876.157,10271.533,5256.951,19404.641,,,667.857,741.652,,3.196
21359.291,217881440.0,6518624223232.0,3832.577,10501.414,5275.384,19609.375,,,846.67,924.338,,3.964
21584.4,220463104.0,6740172079104.0,4187.284,10257.833,5450.897,19896.016,,,845.508,926.274,,3.917
20751.957,223140016.0,6743208230912.0,4293.98,9453.472,5337.385,19084.836,,,833.877,917.075,,4.018
20138.094,225654000.0,6911865389056.0,4428.934,8812.755,5208.629,18450.318,,,788.067,873.338,,3.913
19318.139,228001424.0,6782206869504.0,4265.796,8350.531,4841.709,17458.037,,,933.017,1015.499,,4.83
19250.529,230389968.0,7066236747776.0,4425.291,8311.476,4542.236,17279.002,0.009,0.008,1001.466,1094.357,,5.202
20235.688,232766288.0,7581108011008.0,4752.76,8573.317,4851.572,18177.648,0.016,0.019,968.672,1079.445,,4.787
20184.246,235146176.0,7874871820288.0,4866.301,8540.438,4669.541,18076.279,0.032,0.017,849.195,961.936,2657.15,4.207
20371.967,237512784.0,8146027806720.0,4805.599,8955.589,4376.204,18137.391,0.042,0.013,878.152,997.901,2676.113,4.311
21056.055,239853168.0,8432566927360.0,5013.868,9142.152,4652.744,18808.764,0.031,0.011,755.245,887.461,2772.205,3.587
22014.887,242287808.0,8787203194880.0,5247.144,9520.884,4866.021,19634.049,0.027,0.003,675.331,806.846,2914.446,3.068
22548.131,244954096.0,9091291283456.0,5309.355,9517.53,5170.22,19997.105,0.749,6.308,812.356,969.918,3155.45,3.603
22606.611,248083728.0,9250378088448.0,5337.998,9306.913,5170.609,19815.52,1.096,8.329,864.271,1068.089,3232.78,3.823
22576.309,251560192.0,9243499429888.0,5287.613,9108.509,5283.972,19680.094,1.414,8.814,849.62,1066.569,3270.724,3.763
22909.344,255175328.0,9572148314112.0,5324.031,9297.387,5463.509,20084.928,1.209,8.625,743.463,976.22,3284.39,3.245
23390.023,258779760.0,9834941382656.0,5522.452,9376.045,5599.419,20497.916,1.405,8.978,825.742,1069.254,3404.678,3.53
23820.387,262273584.0,10232022433792.0,5543.144,9619.746,5731.081,20893.971,1.484,10.296,766.87,1013.514,3458.526,3.219
24340.916,265660560.0,10510263123968.0,5593.053,9597.527,5979.829,21170.41,1.521,9.451,920.274,1159.149,3567.331,3.781
25161.398,268984352.0,10909166600192.0,5847.301,9947.139,6088.898,21883.338,1.601,9.66,1027.7,1262.743,3663.386,4.084
25350.254,272395424.0,11398757220352.0,5970.778,10079.769,6125.315,22175.863,1.575,9.821,1052.609,1296.722,3716.377,4.152
25512.498,275835008.0,11906028929024.0,6029.338,10251.111,6021.791,22302.24,1.551,9.037,952.414,1198.005,3855.808,3.733
25965.105,279181568.0,12463818932224.0,6020.095,10537.092,6042.628,22599.816,1.533,13.405,936.198,1190.098,3936.098,3.606
26545.426,282398560.0,12973842104320.0,6286.536,10654.134,6283.907,23224.576,1.533,16.706,806.552,1069.079,3802.1,3.038
25912.779,285470496.0,13100471287808.0,6101.315,10636.849,6006.58,22744.744,1.687,19.993,617.641,886.572,3727.57,2.384
26297.848,288350240.0,13334491430912.0,6098.454,10642.413,6201.112,22941.979,1.756,30.528,753.548,1055.992,3844.23,2.865
26380.113,291109824.0,13708808945664.0,6214.537,10803.683,6021.9,23040.119,1.771,32.773,782.949,1102.699,3868.94,2.968
26897.549,293947872.0,14227881328640.0,6254.982,11197.866,6046.277,23499.125,2.012,41.169,756.591,1103.206,3951.95,2.813
26910.133,296842656.0,14703731408896.0,6346.957,11214.078,5951.93,23512.965,2.144,51.514,762.893,1135.401,4034.99,2.835
26698.119,299753088.0,15095884152832.0,6249.683,11070.909,5865.778,23186.369,2.346,76.421,812.488,1249.168,4046.94,3.043
27063.787,302743392.0,15364464312320.0,6333.85,11001.755,6241.383,23576.988,3.097,98.395,687.236,1183.502,4142.57,2.539
26405.514,305694912.0,15319731011584.0,6233.055,10273.694,6288.912,22795.662,4.589,157.145,705.476,1321.477,4107.53,2.672
25105.531,308512032.0,14894294368256.0,5482.376,9737.244,6176.281,21395.902,5.798,208.427,758.314,1456.122,3939.82,3.021
25951.863,311182848.0,15270622003200.0,5800.542,9891.228,6481.935,22173.703,8.363,265.368,714.086,1515.733,4113.94,2.752
25726.066,313876608.0,15509302018048.0,5473.071,9694.557,6582.108,21749.736,13.073,334.874,871.998,1774.409,4088.87,3.39
25047.863,316651328.0,15849635184640.0,4838.404,9472.587,6881.228,21192.219,24.779,390.024,751.373,1724.88,4040.67,3.0
25727.75,319375168.0,16108428984320.0,5022.271,9627.553,7070.228,21720.053,43.715,462.054,726.46,1835.576,4055.61,2.824
25996.219,322033952.0,16482662612992.0,5010.856,9693.266,7222.604,21926.727,79.149,497.093,692.853,1888.077,4096.01,2.665
25747.033,324607776.0,16902578503680.0,4329.078,9890.718,7435.795,21655.59,106.174,518.788,663.691,1922.98,4083.99,2.578
25723.152,327210208.0,17162557194240.0,3960.741,9961.576,7490.989,21413.307,148.362,613.806,706.105,2131.185,4087.56,2.745
25819.029,329791232.0,17596283879424.0,3852.593,10057.775,7399.922,21310.291,207.734,683.609,789.888,2344.897,4052.31,3.059
26764.953,332140032.0,18140645818368.0,3689.458,10299.73,8219.633,22208.822,249.513,728.691,765.977,2399.24,4201.55,2.862
26574.742,334319680.0,,3150.46,10283.932,8509.999,21944.391,284.616,787.816,752.485,2475.22,4158.38,2.832
24603.098,335942016.0,,2556.181,9032.397,8328.868,19917.447,346.779,896.488,742.663,2590.245,4043.18,3.019
25945.025,336997632.0,,2936.894,9863.398,8358.034,21158.328,434.585,999.615,651.455,2726.014,4153.62,2.511
26641.771,338289856.0,,2741.221,10041.679,8812.123,21595.023,537.517,1145.063,674.078,3014.93,4296.88,2.53
,,,,,,,,,,,,
,,,,,,,,,,,,
,,,,,,,,,,,,
,,,,,,,,,,,,
,,,,,,,,,,,,
,,,,,,,,,,,,
,,,,,,,,,,,,
,,,,,,,,,,,,
,,,,,,,,,,,,
,,,,,,,,,,,,
,,,,,,,,,,,,
,,,,,,,,,,,,
,,,,,,,,,,,,
,,,,,,,,,,,,
,,,,,,,,,,,,
,,,,,,,,,,,,
,,,,,,,,,,,,
,,,,,,,,,,,,
,,,,,,,,,,,,
,,,,,,,,,,,,
,,,,,,,,,,,,
,,,,,,,,,,,,
,,,,,,,,,,,,
,,,,,,,,,,,,
,,,,,,,,,,,,
,,,,,,,,,,,,
,,,,,,,,,,,,
,,,,,,,,,,,,
,,,,,,,,,,,,
,,,,,,,,,,,,
,,,,,,,,,,,,
,,,,,,,,,,,,
,,,,,,,,,,,,
,,,,,,,,,,,,
,,,,,,,,,,,,
,,,,,,,,,,,,
,,,,,,,,,,,,
,,,,,,,,,,,,
,,,,,,,,,,,,
,,,,,,,,,,,,
,,,,,,,,,,,,
,,,,,,,,,,,,
,,,,,,,,,,,,
,,,,,,,,,,,,
,,,,,,,,,,,,
,,,,,,,,,,,,
,,,,,,,,,,,,
,,,,,,,,,,,,
,,,,,,,,,,,,
,,,,,,,,,,,,
,,,,,,,,,,,,
,,,,,,,,,,,,
,,,,,,,,,,,,
,,,,,,,,,,,,
,,,,,,,,,,,,
,,,,,,,,,,,,
,,,,,,,,,,,,
,,,,,,,,,,,,
,,,,,,,,,,,,
,,,,,,,,,,,,
,,,,,,,,,,,,
,,,,,,,,,,,,
,,,,,,,,,,,,
,,,,,,,,,,,,
,,,,,,,,,,,,
,,,,,,,,,,,,
,,,,,,,,,,,,
,,,,,,,,,,,,
,,,,,,,,,,,,
,,,,,,,,,,,,
,,,,,,,,,,,,
,,,,,,,,,,,,
,,,,,,,,,,,,
,,,,,,,,,,,,
12.497,96654.0,,,,,,,,,,,
12.463,98168.0,,,,,,,,,,,
12.463,99412.0,,,,,,,,,,,
12.463,100557.0,,,,,,,,,,,
12.497,101460.0,,,,,,,,,,,
12.463,101923.0,,,,,,,,,,,
12.463,101934.0,,,,,,,,,,,
12.514,101593.0,,,,,,,,,,,
12.235,101129.0,,,,,,,,,,,
12.187,100760.0,,,,,,,,,,,
12.176,100699.0,,,,,,,,,,,
12.239,100991.0,,,,,,,,,,,
12.412,101546.0,,,,,,,,,,,
12.603,102157.0,,,,,,,,,,,
12.259,102653.0,,,,,,,,,,,
12.092,103468.0,,,,,,,,,,,
11.952,104648.0,,,,,,,,,,,
11.927,105801.0,,,,,,,,,,,
11.96,106879.0,,,,,,,,,,,
12.303,107842.0,,,,,,,,,,,
38.923,108199.0,,,,,,,,,,1.02,
56.341,108019.0,,,,,,,,,,0.97,
55.748,107742.0,,,,,,,,,,0.98,
65.644,107303.0,,,,,,,,,,0.98,
67.301,106758.0,,,,,,,,,,0.99,
65.833,106499.0,,,,,,,,,,0.85,
70.048,106531.0,,,,,,,,,,0.86,
65.392,106524.0,,,,,,,,,,0.87,
37.898,106493.0,,,,,,,,,,0.84,
33.08,106476.0,,,,,,,,,,0.87,
29.931,106154.0,,,,,,,,,,0.82,
19.817,105491.0,,,,,,,,,,0.79,
11.355,104780.0,,,,,,,,,,0.78,
5.951,104070.0,,,,,,,,,,0.73,
12.162,103393.0,,,,,,,,,,0.7,
12.055,102808.0,,,,,,,,,,0.69,
9.98,102330.0,,,,,,,,,,0.68,
9.937,101860.0,,,,,,,,,,0.53,
9.955,101377.0,,,,,,,,,,0.61,
9.954,100837.0,,,,,,,,,,0.62,
9.299,100452.0,,,,,,,,,,0.64,
9.807,100100.0,,,,,,,,,,0.7,
,583201004.0,,,,,,,,,,,
,587516595.0,,,,,,,,,,,
,591936931.0,,,,,,,,,,,
,596456543.0,,,,,,,,,,,
,601025792.0,,,,,,,,,,,
,605645547.0,,,,,,,,,,,
,610316677.0,,,,,,,,,,,
,615040092.0,,,,,,,,,,,
,619816715.0,,,,,,,,,,,
,625004315.0,,,,,,,,,,,
,630617596.0,,,,,,,,,,,
,636613223.0,,,,,,,,,,,
,643077189.0,,,,,,,,,,,
,649981476.0,,,,,,,,,,,
,656977060.0,,,,,,,,,,,
,664065231.0,,,,,,,,,,,
,671247305.0,,,,,,,,,,,
,678524631.0,,,,,,,,,,,
,686004483.0,,,,,,,,,,,
,693028946.0,,,,,,,,,,,
,699600332.0,,,,,,,,,,,
,705685070.0,,,,,,,,,,,
,711303296.0,,,,,,,,,,,
,716439280.0,,,,,,,,,,,
,721641527.0,,,,,,,,,,,
,726911275.0,,,,,,,,,,,
,732249783.0,,,,,,,,,,,
,737658367.0,,,,,,,,,,,
,743138337.0,,,,,,,,,,,
,748896542.0,,,,,,,,,,,
,754945969.0,,,,,,,,,,,
,761256523.0,,,,,,,,,,,
,767862643.0,,,,,,,,,,,
,774755700.0,,,,,,,,,,,
,781732313.0,,,,,,,,,,,
,788793733.0,,,,,,,,,,,
,795941224.0,,,,,,,,,,,
,803176089.0,,,,,,,,,,,
,810499651.0,,,,,,,,,,,
,818002777.0,,,,,,,,,,,
,825707448.0,,,,,,,,,,,
,833584339.0,,,,,,,,,,,
,841681991.0,,,,,,,,,,,
,849997629.0,,,,,,,,,,,
,858452325.0,,,,,,,,,,,
,867049348.0,,,,,,,,,,,
,875792047.0,,,,,,,,,,,
,884683907.0,,,,,,,,,,,
,893728488.0,,,,,,,,,,,
,904775827.0,,,,,,,,,,,
,918865980.0,,,,,,,,,,,
,936488346.0,,,,,,,,,,,
,956135860.0,,,,,,,,,,,
,977180204.0,,,,,,,,,,,
,998585321.0,,,,,,,,,,,
,1021053483.0,,,,,,,,,,,
,1043522165.0,,,,,,,,,,,
,1067110863.0,,,,,,,,,,,
,1090929731.0,,,,,,,,,,,
,1109551013.0,,,,,,,,,,,
,1122079651.0,,,,,,,,,,,
,1134055566.0,,,,,,,,,,,
,1154442670.0,,,,,,,,,,,
,1184787557.0,,,,,,,,,,,
,1216528861.0,,,,,,,,,,,
10353.998,1246756365.0,,5250.498,3203.238,1443.322,9897.059,0.0,0.0,451.342,451.662,,4.359
11043.702,1276824449.0,,5473.847,3466.247,1599.846,10539.939,0.0,0.0,497.516,497.906,,4.505
11342.562,1305914467.0,,5386.537,3721.127,1738.369,10846.033,0.0,0.0,489.581,490.133,,4.316
11825.773,1336327932.0,,5367.174,4015.422,1872.455,11255.052,0.0,0.0,561.26,561.832,,4.746
12645.404,1368462120.0,,5692.264,4318.689,2014.197,12025.149,0.0,0.0,609.379,609.947,,4.819
13755.731,1400588420.0,,6107.107,4761.537,2196.714,13065.357,0.0,0.0,671.964,677.922,,4.885
14800.774,1432397676.0,,6495.979,5183.723,2391.481,14071.184,0.0,0.0,707.362,714.304,,4.779
15710.448,1463253261.0,,6739.805,5665.507,2527.518,14932.83,0.0,0.0,741.598,749.715,,4.72
16644.377,1493577365.0,,6839.408,6201.963,2770.692,15812.063,0.0,0.0,783.718,791.708,,4.709
17524.49,1522998449.0,,6864.792,6763.312,2952.479,16580.584,0.0,0.0,868.567,877.438,,4.956
18628.025,1550620448.0,,7315.929,7106.592,3208.986,17631.508,0.0,0.0,891.122,900.933,,4.784
19532.236,1577158789.0,,7389.019,7480.259,3546.287,18415.564,0.0,0.0,977.472,986.958,,5.004
20649.656,1602899568.0,,7769.811,7829.329,3807.582,19406.721,0.0,0.0,1062.834,1076.794,,5.147
21848.898,1627539626.0,,8043.079,8361.717,4101.095,20505.891,0.0,0.0,1149.666,1169.158,,5.262
22651.939,1652710622.0,,8226.881,8567.228,4392.527,21186.637,0.0,0.0,1244.531,1270.964,,5.494
23256.941,1679054459.0,,8292.957,8805.145,4536.768,21634.869,0.0,0.0,1358.612,1388.179,,5.842
23670.275,1706088992.0,,8341.093,8824.134,4766.322,21931.549,0.0,0.0,1429.662,1457.745,,6.04
24462.861,1734572338.0,,8688.868,8802.605,5149.634,22641.105,0.0,0.0,1464.461,1501.484,,5.986
25169.371,1763046849.0,,8998.574,8716.648,5499.303,23214.525,0.0,0.0,1543.436,1594.145,,6.132
26385.309,1790931059.0,,9393.75,8783.666,5976.737,24154.152,0.0,0.0,1699.04,1758.021,,6.439
23305.039,1819847676.0,,8718.843,7573.455,4917.99,21210.287,0.0,0.0,1664.312,1734.643,2225.633,7.141
24133.873,1850542202.0,,9054.285,7812.826,5098.354,21965.465,0.0,0.0,1702.851,1794.0,2349.553,7.056
25247.316,1883081918.0,,9574.629,8010.072,5365.102,22949.803,0.0,0.0,1773.725,1869.777,2484.204,7.025
26292.164,1915432562.0,,9999.404,8169.816,5670.257,23839.477,0.0,0.0,1876.856,1976.713,2592.76,7.138
26815.975,1946975318.0,,10172.313,8349.749,5805.681,24327.744,0.0,0.0,1901.596,2007.71,2676.511,7.091
26973.557,1978674629.0,,10065.549,8501.241,5881.146,24447.934,0.009,0.009,1985.846,2088.945,2745.377,7.362
27295.121,2007371520.0,,10187.937,8484.408,6043.918,24716.262,0.012,0.03,2028.281,2135.379,2815.786,7.431
27569.699,2031690983.0,,10390.237,8599.645,5935.337,24925.219,0.018,0.391,2097.527,2208.387,2858.041,7.608
27715.895,2054704372.0,,10611.568,8349.596,5932.807,24893.971,0.024,0.63,2264.563,2380.443,2909.924,8.171
27808.586,2076865377.0,,10910.457,8281.011,5705.53,24897.0,0.03,1.15,2360.452,2484.494,2983.628,8.488
27931.633,2097969970.0,,10934.439,8243.852,5663.49,24841.781,0.035,1.843,2499.859,2638.588,3098.661,8.95
28555.074,2118266453.0,,11294.432,8303.39,5837.292,25435.113,0.044,0.331,2495.595,2634.537,3217.391,8.74
28570.201,2137669038.0,,11048.327,8725.904,5594.089,25368.32,0.05,0.678,2563.2,2704.746,3320.034,8.972
28600.723,2156208218.0,,10865.389,8671.898,5838.738,25376.025,0.062,1.224,2604.567,2746.887,3378.072,9.107
29032.012,2174058070.0,,11088.288,8779.334,5881.587,25749.207,0.071,1.622,2607.85,2753.438,3497.213,8.983
29998.145,2191949480.0,,11274.209,9166.171,6101.025,26541.404,0.119,2.013,2753.04,2891.837,3737.38,9.177
30819.266,2209701540.0,,11703.065,9269.838,6298.612,27271.516,0.154,2.609,2803.914,2942.369,3874.36,9.098
32085.182,2226823411.0,,12562.292,9446.774,6416.257,28425.324,0.213,3.059,2869.055,3020.208,4107.77,8.942
34872.652,2243462002.0,,14530.036,9880.207,6720.366,31130.609,0.268,3.573,2870.486,3032.248,4460.36,8.231
38398.414,2260098040.0,,16506.961,10659.574,7128.375,34294.91,0.313,4.504,3223.846,3401.055,4883.73,8.396
41301.184,2276903910.0,,18648.162,10865.767,7478.72,36992.648,0.343,6.483,3391.362,3594.091,5259.28,8.211
44124.715,2293429307.0,,20320.711,11239.5,8013.057,39573.266,0.456,12.225,3584.217,3805.659,5758.05,8.123
46697.152,2309893739.0,,21931.943,11612.582,8378.284,41922.809,0.515,19.572,3739.261,4019.557,6266.81,8.007
48123.289,2327278207.0,,22470.006,11805.559,8555.844,42831.406,0.651,43.932,4132.37,4506.079,6566.08,8.587
48743.035,2345622340.0,,23200.551,11816.616,8374.814,43391.984,1.052,87.464,4094.252,4564.949,6736.59,8.4
51576.102,2364144387.0,,24078.449,12674.286,9015.629,45768.363,2.326,156.889,4398.865,5004.59,7407.35,8.529
54693.184,2382503938.0,,26003.822,13141.77,9586.412,48732.008,8.102,232.174,4416.358,5110.092,7994.66,8.075
56622.012,2402146692.0,,26349.166,13807.541,9931.976,50088.684,14.138,327.295,4828.591,5649.748,8352.11,8.528
57932.871,2423354868.0,,26667.877,14222.375,10199.209,51089.461,32.203,433.393,4903.273,5939.191,8857.95,8.464
59080.539,2444604237.0,,26639.266,14536.5,10496.985,51672.75,77.851,517.545,5190.443,6434.988,9268.46,8.785
59363.422,2464672367.0,,26038.795,14873.768,10571.949,51484.512,127.875,631.068,5300.655,6773.354,9329.87,8.929
59944.652,2482967003.0,,25511.441,15141.868,10828.918,51482.227,207.308,826.493,5469.862,7241.412,9721.09,9.125
61720.887,2500616723.0,,25775.471,15525.485,11389.9,52690.859,357.856,1031.775,5511.827,7718.186,10253.85,8.93
63760.137,2516785800.0,,26224.977,15716.457,12057.938,53999.371,541.692,1216.954,5642.804,8330.42,10909.15,8.85
65583.312,2530546049.0,,26776.641,16038.433,12204.682,55019.758,702.614,1369.696,5884.207,8987.061,11276.75,8.972
65579.484,2541463877.0,,27044.545,15257.332,12167.473,54469.348,837.65,1557.616,5999.544,9486.574,11493.65,9.149
69641.484,2548718303.0,,27977.619,16117.328,13567.865,57662.812,1051.028,2129.519,5839.223,10217.711,12468.229,8.385
69982.68,2555055874.0,,28085.262,16392.207,12710.582,57188.051,1350.804,2444.863,6001.142,11029.326,12761.214,8.575
31.649,2953754.0,30899779584.0,,,,,,,,,,
29.975,2966077.0,30311264256.0,,,,,,,,,,
28.417,2979189.0,28427503616.0,,,,,,,,,,
34.994,2993291.0,26751549440.0,,,,,,,,,,
34.364,3008263.0,26485440512.0,,,,,,,,,,
31.672,3024214.0,26809812992.0,,,,,,,,,,
33.377,3041205.0,29182468096.0,,,,,,,,,,
35.594,3058793.0,31419944960.0,,,,,,,,,,
35.137,3077764.0,31465408512.0,,,,,,,,,,
30.618,3097896.0,31821840384.0,,,,,,,,,,
39.431,3117011.0,32048549888.0,,,,,,,,,,
34.996,3135374.0,33068812288.0,,,,,,,,,,
40.391,3153732.0,35598159872.0,,,,,,,,,,
41.305,3171749.0,36471103488.0,,,,,,,,,,
40.811,3189945.0,39036334080.0,,,,,,,,,,
36.205,3208305.0,38399528960.0,,,,,,,,,,
37.85,3226635.0,40381657088.0,,,,,,,,,,
41.39,3245066.0,42411769856.0,,,,,,,,,,
51.816,3262676.0,44280102912.0,,,,,,,,,,
46.471,3278965.0,43167539200.0,,,,,,,,,,
48.071,3292227.0,42357432320.0,,,,,,,,,7.49,
52.639,3300938.0,40598155264.0,,,,,,,,,9.16,
46.746,3306446.0,37250879488.0,,,,,,,,,9.51,
46.942,3310204.0,37483122688.0,,,,,,,,,8.53,
45.159,3313804.0,39270182912.0,,,,,,,,,5.78,
48.758,3317666.0,41988071424.0,,,,,,,,,7.56,
44.443,3322282.0,43607982080.0,,,,,,,,,5.47,
52.604,3328647.0,46196531200.0,,,,,,,,,9.28,
55.88,3336131.0,49262288896.0,,,,,,,,,8.51,
59.044,3344161.0,50283110400.0,,,,,,,,,8.8,
61.328,3352653.0,54626336768.0,,,,,,,,,11.03,
60.043,3361631.0,57402507264.0,,,,,,,,,10.37,
60.14,3371134.0,59760861184.0,,,,,,,,,10.61,
62.866,3381187.0,62296862720.0,,,,,,,,,11.45,
64.683,3391660.0,64374845440.0,,,,,,,,,12.85,
66.683,3402820.0,64830132224.0,,,,,,,,,13.61,
67.641,3413768.0,65763794944.0,,,,,,,,,13.75,
65.31,3422205.0,67467735040.0,,,,,,,,,14.25,
66.96,3427044.0,68560711680.0,,,,,,,,,14.5,
68.517,3428412.0,,,,,,,,,,16.05,
60.46,3429087.0,,,,,,,,,,13.54,
62.759,3426265.0,,,,,,,,,,15.82,
,3422796.0,,,,,,,,,,14.72,
466.061,18063210.0,130801917952.0,17.305,121.316,311.379,450.0,,,16.061,16.061,47.939,3.446
457.333,18560002.0,129229070336.0,19.591,123.913,300.173,443.677,,,13.656,13.656,52.171,2.986
476.599,19077168.0,128382918656.0,16.326,125.959,314.294,456.578,,,20.02,20.02,54.755,4.201
479.795,19600032.0,139357126656.0,17.958,130.779,309.874,458.611,,,21.183,21.183,50.59,4.415
496.505,20102902.0,142094073856.0,20.244,132.457,327.534,480.235,,,16.27,16.27,55.874,3.277
520.909,20579106.0,139398692864.0,21.223,131.388,348.639,501.25,0.0,0.0,19.658,19.658,56.325,3.774
514.664,21074308.0,136577597440.0,19.421,126.036,351.374,496.831,0.0,0.0,17.834,17.834,54.165,3.465
487.92,21588150.0,119510827008.0,15.281,100.932,353.134,469.347,0.0,0.0,18.573,18.573,50.911,3.807
524.773,22085922.0,114918072320.0,12.43,105.67,384.915,503.015,0.0,0.0,21.758,21.758,49.149,4.146
514.865,22564732.0,107242094592.0,12.554,90.055,391.095,493.705,0.0,0.0,21.16,21.16,47.8,4.11
508.389,23026212.0,104615657472.0,10.374,78.903,400.815,490.091,0.0,0.0,18.298,18.298,47.453,3.599
524.47,23465930.0,104748220416.0,9.692,78.144,417.34,505.175,0.0,0.0,19.294,19.294,45.419,3.679
518.986,23877290.0,108486836224.0,9.629,82.923,409.351,501.903,0.0,0.0,17.083,17.083,46.054,3.292
518.01,24256774.0,111389409280.0,9.655,80.341,410.987,500.983,0.0,0.0,17.026,17.026,45.9,3.287
587.198,24602712.0,114383437824.0,9.652,84.47,476.245,570.367,0.0,0.0,16.831,16.831,45.372,2.866
599.548,24925558.0,116875870208.0,11.004,84.424,486.736,582.164,0.0,0.0,17.384,17.384,44.33,2.9
601.535,25248440.0,119890042880.0,9.224,84.049,490.586,583.859,0.0,0.0,17.677,17.677,44.95,2.939
616.747,25579032.0,122757840896.0,9.823,83.652,505.216,598.691,0.0,0.0,18.056,18.056,46.67,2.928
565.448,25905912.0,125924032512.0,7.662,81.581,455.455,544.698,0.0,0.0,20.75,20.75,46.81,3.67
563.673,26234924.0,133131264000.0,10.354,74.436,460.171,544.962,0.0,0.0,18.712,18.712,47.4,3.32
562.589,26573428.0,140235915264.0,9.831,63.851,469.219,542.901,0.0,0.0,19.688,19.688,46.97,3.499
526.855,26926824.0,148398129152.0,10.694,66.487,433.029,510.21,0.0,0.0,16.645,16.645,43.9,3.159
564.303,27309622.0,159983157248.0,9.21,68.482,468.352,546.045,0.0,0.0,18.258,18.258,44.61,3.236
529.184,27726820.0,171678334976.0,11.631,63.922,441.306,516.859,0.0,0.0,12.325,12.325,40.2,2.329
525.138,28167840.0,182697967616.0,11.073,55.231,440.729,507.032,0.0,0.0,18.106,18.106,44.6,3.448
531.186,28614234.0,195138486272.0,9.231,58.778,440.44,508.449,0.0,0.0,22.738,22.738,49.27,4.281
558.953,29057456.0,208037658624.0,9.882,59.724,473.564,543.17,0.0,0.0,15.783,15.783,49.93,2.824
543.062,29503058.0,225107476480.0,13.372,49.88,462.385,525.637,0.0,0.0,17.425,17.425,50.15,3.209
545.339,29963220.0,243106299904.0,19.969,46.763,461.519,528.251,0.0,0.0,17.088,17.088,51.62,3.134
563.814,30446542.0,262824624128.0,18.376,43.197,485.485,547.058,0.0,0.0,16.756,16.756,52.71,2.972
538.093,30949416.0,283821441024.0,14.785,43.651,463.444,521.88,0.0,0.0,16.213,16.213,54.55,3.013
515.032,31453576.0,305963433984.0,17.465,45.922,433.269,496.655,0.012,0.0,18.364,18.376,56.0,3.566
531.662,31945680.0,319615533056.0,16.492,46.229,447.821,510.542,0.017,0.0,21.103,21.12,58.06,3.969
533.657,32449578.0,336874766336.0,23.624,50.436,443.976,518.037,0.018,0.0,15.603,15.621,59.43,2.924
534.63,32976946.0,,20.913,50.642,445.982,517.537,0.018,0.041,17.034,17.093,60.11,3.186
531.753,33526662.0,,28.659,54.109,435.838,518.606,0.018,0.0,13.129,13.147,55.94,2.469
564.146,34081452.0,,25.811,59.835,465.259,550.905,0.128,0.003,13.11,13.241,59.2,2.324
586.24,34627648.0,,28.679,60.049,483.177,571.905,0.48,0.003,13.852,14.335,70.995,2.363
0.519,118173.0,,,,,,,,,,,
0.453,120901.0,,,,,,,,,,,
0.453,123762.0,,,,,,,,,,,
0.453,126760.0,,,,,,,,,,,
0.454,129887.0,,,,,,,,,,,
0.518,133135.0,,,,,,,,,,,
0.483,136499.0,,,,,,,,,,,
0.427,139975.0,,,,,,,,,,,
0.553,143543.0,,,,,,,,,,,
0.484,147197.0,,,,,,,,,,,
0.484,150900.0,,,,,,,,,,,
0.405,154694.0,,,,,,,,,,,
0.212,158593.0,,,,,,,,,,,
0.212,162564.0,,,,,,,,,,,
0.212,166569.0,,,,,,,,,,,
0.212,170623.0,,,,,,,,,,,
0.212,174725.0,,,,,,,,,,,
0.212,178879.0,,,,,,,,,,,
0.212,183102.0,,,,,,,,,,,
0.212,187450.0,,,,,,,,,,,
0.382,192087.0,,,,,,,,,,0.04,
0.425,197043.0,,,,,,,,,,0.04,
0.406,202141.0,,,,,,,,,,0.04,
0.476,207274.0,,,,,,,,,,0.04,
0.383,212431.0,,,,,,,,,,0.04,
0.383,217642.0,,,,,,,,,,0.04,
0.356,222934.0,,,,,,,,,,0.04,
0.577,228359.0,,,,,,,,,,0.05,
0.568,233967.0,,,,,,,,,,0.05,
0.657,239700.0,,,,,,,,,,0.05,
0.679,245464.0,,,,,,,,,,0.05,
0.786,251309.0,,,,,,,,,,0.06,
0.659,257329.0,,,,,,,,,,0.06,
0.638,263547.0,,,,,,,,,,0.07,
0.729,269942.0,,,,,,,,,,0.07,
0.687,276450.0,,,,,,,,,,0.07,
0.693,283239.0,,,,,,,,,,0.07,
0.772,290250.0,,,,,,,,,,0.06,
0.995,297307.0,,,,,,,,,,0.07,
0.96,304414.0,,,,,,,,,,0.07,
0.911,311694.0,,,,,,,,,,0.07,
0.944,319146.0,,,,,,,,,,0.07,
,2699561.0,4692532224.0,,,,,,,,,,
,2733334.0,4556943872.0,,,,,,,,,,
,2765603.0,4317895168.0,,,,,,,,,,
,2796321.0,4675466752.0,,,,,,,,,,
,2827377.0,4809719808.0,,,,,,,,,,
,2858773.0,4892447744.0,,,,,,,,,,
,2890514.0,4863360000.0,,,,,,,,,,
,2922603.0,4744671232.0,,,,,,,,,,
,2955044.0,4674373120.0,,,,,,,,,,
,2985778.0,4706540032.0,,,,,,,,,,
,3014767.0,4695569920.0,,,,,,,,,,
,3041974.0,4523063808.0,,,,,,,,,,
,3067360.0,4889472000.0,,,,,,,,,,
,3090886.0,5029499904.0,,,,,,,,,,
,3114587.0,5855980032.0,,,,,,,,,,
,3138467.0,5894360064.0,,,,,,,,,,
,3162525.0,5518236160.0,,,,,,,,,,
,3186762.0,5776128000.0,,,,,,,,,,
,3207396.0,6031362048.0,,,,,,,,,,
,3230354.0,5833026048.0,,,,,,,,,,
,3255672.0,5693775872.0,,,,,,,,,,
,3283389.0,5552768000.0,,,,,,,,,,
,3313541.0,6049999872.0,,,,,,,,,,
,3346167.0,6390704128.0,,,,,,,,,,
,3379114.0,6686321152.0,,,,,,,,,,
,3412385.0,7127946240.0,,,,,,,,,,
,3445984.0,7637296128.0,,,,,,,,,,
,3479914.0,7838284800.0,,,,,,,,,,
,3514178.0,9231385600.0,,,,,,,,,,
,3551599.0,9587978240.0,,,,,,,,,,
,3592246.0,9645899776.0,,,,,,,,,,
,3636191.0,9687744512.0,,,,,,,,,,
,3683506.0,8874680320.0,,,,,,,,,,
,3734264.0,9941123072.0,,,,,,,,,,
,3785723.0,10423377920.0,,,,,,,,,,
,3837890.0,12525974528.0,,,,,,,,,,
,3890776.0,13703040000.0,,,,,,,,,,
,3944391.0,13850024960.0,,,,,,,,,,
,3998745.0,15539047424.0,,,,,,,,,,
,4065897.0,16786062336.0,,,,,,,,,,
,4146367.0,18045896704.0,,,,,,,,,,
,4240690.0,17881829376.0,,,,,,,,,,
,4349420.0,15739933696.0,,,,,,,,,,
,4473129.0,17780459520.0,,,,,,,,,,
,4600356.0,19619665920.0,,,,,,,,,,
,4731202.0,24527183872.0,,,,,,,,,,
,4865770.0,28929284096.0,,,,,,,,,,
,5004165.0,29159000064.0,,,,,,,,,,
,5146496.0,35907072000.0,,,,,,,,,,
,5307595.0,37911003136.0,,,,,,,,,,
,5488619.0,42386210816.0,,,,,,,,,,
,5732110.0,47156641792.0,,,,,,,,,,
,5980388.0,50636939264.0,,,,,,,,,,
,6233187.0,53905461248.0,,,,,,,,,,
,6490133.0,59305394176.0,,,,,,,,,,
,6752147.0,64796389376.0,,,,,,,,,,
,7020082.0,71618666496.0,,,,,,,,,,
,7294509.0,79915909120.0,,,,,,,,,,
,7576744.0,81099137024.0,,,,,,,,,,
,7865132.0,87779123200.0,,,,,,,,,,
,8156941.0,91554349056.0,,,,,,,,,,
,8453112.0,95986884608.0,,,,,,,,,,
,8754089.0,104626085888.0,,,,,,,,,,
,9059957.0,111735783424.0,,,,,,,,,,
,9371338.0,122695098368.0,,,,,,,,,,
191.485,9688144.0,130094792704.0,0.233,112.024,75.18,187.437,,,4.048,4.048,,2.114
193.307,10010689.0,133053833216.0,0.244,110.105,78.832,189.182,,,4.125,4.125,,2.134
203.816,10338851.0,138361110528.0,0.256,112.342,86.38,198.978,,,4.838,4.838,,2.374
219.933,10672653.0,145798594560.0,0.267,122.373,89.166,211.807,,,8.126,8.126,,3.695
222.373,11011332.0,152244633600.0,0.279,120.898,91.764,212.94,,,9.433,9.433,,4.242
224.475,11355474.0,164479320064.0,0.279,126.48,85.581,212.34,,,12.135,12.135,,5.406
228.212,11705678.0,169416523776.0,1.659,127.675,82.939,212.274,0.0,0.0,15.938,15.938,,6.984
241.242,12061627.0,174289354752.0,1.748,139.253,82.44,223.441,0.0,0.0,17.801,17.801,,7.379
276.017,12424811.0,184817762304.0,3.168,152.888,101.554,257.61,0.0,0.0,18.407,18.407,,6.669
285.524,12796220.0,195788996608.0,2.373,153.036,107.326,262.734,0.0,0.0,22.79,22.79,,7.982
296.949,13176391.0,207679668224.0,2.93,163.226,104.384,270.54,0.0,0.0,26.409,26.409,,8.893
324.691,13566119.0,224670564352.0,1.922,162.086,129.404,293.412,0.0,0.0,31.279,31.279,,9.633
361.861,13965256.0,238918533120.0,2.978,181.664,141.253,325.895,0.0,0.0,35.966,35.966,,9.939
369.748,14372959.0,243524730880.0,0.917,190.126,142.535,333.579,0.0,0.0,36.17,36.17,,9.782
407.654,14788520.0,245974925312.0,1.912,203.994,159.64,365.546,0.0,0.0,42.108,42.108,,10.329
456.224,15210441.0,240273571840.0,1.821,246.928,164.341,413.09,0.0,0.0,43.134,43.134,,9.454
473.282,15638431.0,238868512768.0,1.8,261.638,165.229,428.667,0.0,0.0,44.615,44.615,,9.427
482.674,16071654.0,240919068672.0,1.027,258.584,176.301,435.913,0.0,0.0,46.762,46.762,,9.688
480.966,16509603.0,227674914816.0,1.437,252.513,173.604,427.554,0.0,0.0,53.412,53.412,,11.105
490.414,16953240.0,224955891712.0,1.572,236.953,192.03,430.556,0.0,0.0,59.858,59.858,,12.206
503.773,17402310.0,225556938752.0,2.082,242.408,192.313,436.803,0.0,0.0,66.97,66.97,47.29,13.294
541.246,17860872.0,239957164032.0,2.315,252.815,211.721,466.851,0.0,0.0,74.395,74.395,50.112,13.745
540.817,18328660.0,248342577152.0,3.041,240.258,206.316,449.615,0.0,0.0,91.202,91.202,54.132,16.864
563.324,18800774.0,262960070656.0,2.211,248.765,211.211,462.186,0.0,0.0,101.138,101.138,58.245,17.954
568.061,19275300.0,240346710016.0,6.07,242.613,216.872,465.554,0.0,0.0,102.507,102.507,57.62,18.045
603.555,19750580.0,256078512128.0,5.382,244.997,243.817,494.196,0.0,0.0,109.358,109.358,59.321,18.119
607.641,20226212.0,282135822336.0,0.0,232.819,243.112,475.931,0.0,0.0,131.71,131.71,63.337,21.676
657.615,20700462.0,301070155776.0,0.042,277.844,239.949,517.835,0.0,0.0,139.78,139.78,67.44,21.256
650.657,21172098.0,303295660032.0,0.331,250.982,258.952,510.265,0.0,0.0,140.392,140.392,69.382,21.577
706.328,21640830.0,297781329920.0,0.645,280.139,273.898,554.682,0.0,0.0,151.646,151.646,71.221,21.47
727.397,22107288.0,310739140608.0,0.059,269.94,305.261,575.26,0.0,0.0,152.137,152.137,73.446,20.915
708.863,22572114.0,311745871872.0,0.187,219.437,330.014,549.638,0.0,0.0,159.225,159.225,75.588,22.462
749.356,23037560.0,333064601600.0,0.399,237.403,342.213,580.015,0.0,0.0,169.341,169.341,78.066,22.598
794.73,23503816.0,335829106688.0,0.416,264.112,358.924,623.453,0.0,0.0,171.278,171.278,80.904,21.552
795.373,23966964.0,317196894208.0,0.424,311.504,304.251,616.18,0.0,0.0,179.194,179.194,80.585,22.529
818.318,24427732.0,330514169856.0,1.537,320.871,309.956,632.364,0.0,0.0,185.953,185.953,83.24,22.724
850.195,24880210.0,343645650944.0,0.569,343.581,328.482,672.633,0.0,0.0,177.563,177.563,87.74,20.885
860.09,25330926.0,314345783296.0,0.212,370.696,315.412,686.32,0.0,0.0,173.77,173.77,86.65,20.204
803.777,25782032.0,291683467264.0,0.501,347.74,279.986,628.227,0.0,0.0,175.55,175.55,89.27,21.841
873.013,26226930.0,346768572416.0,0.0,355.786,315.295,671.081,0.0,0.0,201.932,201.932,96.21,23.13
899.728,26668790.0,384106692608.0,0.433,374.208,304.351,678.992,0.0,0.0,220.736,220.736,101.39,24.534
949.324,27102084.0,424502624256.0,2.878,365.342,349.45,717.67,0.0,0.0,231.654,231.654,107.9,24.402
1002.8,27525096.0,462973370368.0,1.613,393.727,372.671,768.01,0.0,0.0,234.79,234.79,111.84,23.413
984.145,27933836.0,489024782336.0,1.639,389.843,348.996,740.477,0.0,0.0,243.668,243.668,116.47,24.759
981.845,28327896.0,475066335232.0,2.759,397.193,342.168,742.121,0.0,0.0,239.724,239.724,116.7,24.416
946.352,28715026.0,478283169792.0,2.318,418.584,312.668,733.57,0.007,0.0,212.775,212.782,110.77,22.484
969.912,29096158.0,503382671360.0,2.386,404.859,333.264,740.509,0.008,0.0,229.395,229.403,115.07,23.651
1015.111,29470428.0,533462253568.0,2.454,442.401,346.128,790.983,0.014,0.0,224.114,224.128,118.51,22.078
1023.758,29838022.0,624601399296.0,2.445,475.889,323.058,801.392,0.015,0.241,222.111,222.366,120.04,21.696
983.08,30193260.0,598398271488.0,2.292,422.262,340.266,764.82,0.015,0.297,217.713,218.26,100.35,22.146
969.267,30529722.0,558924234752.0,1.528,395.692,370.382,767.603,0.015,0.201,201.261,201.664,119.2,20.764
844.187,30741464.0,456477147136.0,1.715,301.231,372.387,675.333,0.015,0.262,168.542,168.854,104.68,19.965
850.966,30563430.0,384942604288.0,0.953,277.255,386.054,664.262,0.013,0.255,186.385,186.704,101.21,21.903
718.198,29825652.0,309413019648.0,0.381,228.775,316.191,545.347,0.001,0.001,172.718,172.851,97.27,24.049
615.09,28971686.0,,0.751,192.908,255.762,449.421,0.001,0.157,165.511,165.669,83.05,26.908
505.001,28490458.0,,0.526,112.35,215.611,328.487,0.001,0.051,176.46,176.514,94.24,34.943
583.354,28199862.0,,0.473,124.711,280.591,405.775,0.001,0.046,177.529,177.579,94.74,30.433
613.67,28301700.0,,0.416,147.719,291.776,439.912,0.001,0.046,173.709,173.758,82.824,28.307
,11800814.0,,,,,,,,,,,
,12199511.0,,,,,,,,,,,
,12734169.0,,,,,,,,,,,
,13412346.0,,,,,,,,,,,
,14126641.0,,,,,,,,,,,
,14878976.0,,,,,,,,,,,
,15671378.0,,,,,,,,,,,
,16505981.0,,,,,,,,,,,
,17385031.0,,,,,,,,,,,
,18088666.0,,,,,,,,,,,
,18608564.0,,,,,,,,,,,
,18935957.0,,,,,,,,,,,
,19061604.0,,,,,,,,,,,
,18975768.0,22413901824.0,,,,,,,,,,
,18890318.0,,,,,,,,,,,
,18805253.0,,,,,,,,,,,
,18720571.0,,,,,,,,,,,
,18636270.0,,,,,,,,,,,
,18554037.0,,,,,,,,,,,
,18472166.0,,,,,,,,,,,
,18390657.0,,,,,,,,,,,
,18309507.0,,,,,,,,,,,
,18228716.0,,,,,,,,,,,
,18148281.0,,,,,,,,,,,
,18068201.0,,,,,,,,,,,
,17988474.0,,,,,,,,,,,
,17909099.0,,,,,,,,,,,
,17830074.0,,,,,,,,,,,
,17751398.0,,,,,,,,,,,
,17713063.0,,,,,,,,,,,
,17715169.0,,,,,,,,,,,
,17757818.0,,,,,,,,,,,
,17841112.0,,,,,,,,,,,
,17965156.0,,,,,,,,,,,
,18090063.0,,,,,,,,,,,
,18215838.0,,,,,,,,,,,
,18342487.0,,,,,,,,,,,
,18470017.0,,,,,,,,,,,
,18598434.0,,,,,,,,,,,
,18812394.0,,,,,,,,,,,
,19114980.0,,,,,,,,,,,
,19509370.0,,,,,,,,,,,
,19998840.0,,,,,,,,,,,
,20586765.0,,,,,,,,,,,
,21191974.0,,,,,,,,,,,
,21814974.0,,,,,,,,,,,
,22456290.0,,,,,,,,,,,
,23116458.0,,,,,,,,,,,
,23796035.0,,,,,,,,,,,
,24460690.0,,,,,,,,,,,
,25109200.0,26590203904.0,,,,,,,,,,
,25627542.0,27805476864.0,,,,,,,,,,
,26189598.0,29029003264.0,,,,,,,,,,
,26820860.0,30331846656.0,,,,,,,,,,
,27507460.0,31754100736.0,,,,,,,,,,
,28263032.0,33146984448.0,,,,,,,,,,
,29035684.0,34502635520.0,,,,,,,,,,
,29884094.0,35813199872.0,,,,,,,,,,
,30804086.0,37248765952.0,,,,,,,,,,
,31750430.0,38721822720.0,,,,,,,,,,
,32718462.0,40330104832.0,,,,,,,,,,
,33621980.0,42315554816.0,,,,,,,,,,
,34533888.0,47686352896.0,,,,,,,,,,
,35526728.0,49115045888.0,,,,,,,,,,
,36509172.0,51513348096.0,,,,,,,,,,
29.455,37466076.0,52087201792.0,10.438,18.012,,,,,1.005,1.005,,
51.482,38388220.0,52540121088.0,10.964,39.364,,,,,1.153,1.153,,
70.941,39282564.0,45975453696.0,12.017,57.652,,,,,1.272,1.272,,
73.566,40145292.0,45129842688.0,13.333,58.814,,,,,1.419,1.419,,
86.89,41015868.0,48936554496.0,14.21,71.084,,,,,1.597,1.597,,
90.643,41928848.0,49899864064.0,15.175,73.695,,,,,1.774,1.774,,
80.825,42916624.0,52424466432.0,16.666,62.343,,,0.0,0.0,1.816,1.816,,
78.334,43906020.0,57069109248.0,12.537,64.549,,,0.0,0.0,1.248,1.248,,
82.677,44891288.0,60966748160.0,18.05,63.385,,,0.0,0.0,1.242,1.242,,
61.49,45898700.0,58534064128.0,21.562,38.686,,,0.0,0.0,1.242,1.242,,
68.351,46969616.0,54421135360.0,29.971,36.902,,,0.0,0.0,1.478,1.478,,
39.567,48163580.0,63562190848.0,28.296,9.624,,,0.0,0.0,1.647,1.647,,
42.325,49418144.0,65895690240.0,31.017,9.534,,,0.0,0.0,1.774,1.774,,
43.905,50701460.0,66386604032.0,29.982,11.557,,,0.0,0.0,2.366,2.366,,
47.317,51831392.0,66730921984.0,31.006,13.354,,,0.0,0.0,2.957,2.957,,
54.15,52968272.0,64834248704.0,26.447,23.303,,,0.0,0.0,4.4,4.4,,
54.274,54280400.0,67145973760.0,29.447,20.275,0.096,49.818,0.0,0.0,4.456,4.456,,8.21
57.971,55632152.0,72591843328.0,32.564,20.611,0.183,53.358,0.0,0.0,4.613,4.613,,7.957
60.602,57011452.0,76562653184.0,32.773,23.58,0.632,56.986,0.0,0.0,3.616,3.616,,5.967
61.138,58406864.0,83442098176.0,32.808,23.051,0.55,56.409,0.0,0.0,4.728,4.728,,7.734
61.651,59811316.0,88396906496.0,32.611,24.33,0.343,57.283,0.0,0.0,4.367,4.367,5.069,7.084
66.832,61221108.0,90992386048.0,35.937,26.378,0.357,62.672,0.0,0.0,4.16,4.16,5.527,6.225
75.248,62630788.0,94239735808.0,40.065,30.734,0.357,71.156,0.0,0.0,4.092,4.092,6.051,5.439
75.216,64037520.0,99912859648.0,37.53,32.12,0.27,69.92,0.0,0.0,5.296,5.296,6.785,7.041
71.687,65466360.0,104599150592.0,30.145,29.875,0.318,60.338,0.0,0.0,11.349,11.349,7.784,15.831
77.128,66912616.0,109939941376.0,25.853,35.012,0.386,61.252,0.0,0.0,15.876,15.876,8.681,20.584
78.514,68358824.0,115914735616.0,24.97,34.17,0.695,59.835,0.0,0.0,18.679,18.679,9.21,23.791
85.793,69788752.0,125496475648.0,25.039,37.354,2.026,64.42,0.0,0.0,21.373,21.373,9.705,24.912
97.972,71176408.0,135124664320.0,24.237,47.771,2.412,74.42,0.0,0.0,23.552,23.552,10.662,24.04
109.445,72501088.0,146504138752.0,26.761,52.941,2.412,82.114,0.0,0.0,27.331,27.331,12.288,24.973
127.153,73759112.0,159950176256.0,36.014,58.444,1.404,95.862,0.0,0.0,31.291,31.291,14.648,24.609
145.773,74946456.0,174167982080.0,40.228,67.267,2.77,110.265,0.0,0.0,35.508,35.508,16.944,24.358
167.918,76058600.0,187681374208.0,51.679,76.645,5.124,133.449,0.0,0.0,34.47,34.47,19.132,20.528
181.61,77128424.0,197797871616.0,55.431,84.686,8.685,148.802,0.0,0.0,32.808,32.808,21.688,18.065
188.049,78123712.0,206474854400.0,41.492,93.282,12.545,147.319,0.0,0.0,40.73,40.73,23.559,21.659
214.149,79001144.0,219648868352.0,54.536,101.146,15.44,171.122,0.0,0.0,43.027,43.027,26.56,20.092
242.045,79817768.0,233951166464.0,59.599,109.649,19.3,188.548,0.0,0.0,53.497,53.497,30.61,22.102
264.755,80642304.0,249609535488.0,68.059,120.419,23.16,211.638,0.0,0.0,53.117,53.117,35.8,20.063
285.329,81475816.0,266926604288.0,79.237,128.13,22.899,230.267,0.0,0.0,55.062,55.062,40.93,19.298
347.775,82311232.0,286642536448.0,103.844,152.441,40.144,296.429,0.0,0.0,51.345,51.345,46.2,14.764
369.791,83142096.0,307221168128.0,108.74,151.399,62.146,322.285,0.0,0.0,47.347,47.506,52.08,12.804
338.968,83951800.0,327378436096.0,66.615,148.51,67.55,282.675,0.0,0.0,56.086,56.293,57.9,16.546
370.274,84762272.0,349424484352.0,72.92,165.336,68.322,306.578,0.0,0.0,63.443,63.696,64.16,17.134
457.209,85597232.0,367900196864.0,138.261,173.385,72.365,384.012,0.0,0.005,73.017,73.197,70.95,15.97
467.725,86482920.0,386341339136.0,129.732,176.749,77.297,383.778,0.0,0.032,83.717,83.947,80.64,17.899
540.225,87411016.0,409655377920.0,169.257,200.762,90.729,460.749,0.016,0.113,79.172,79.477,91.72,14.655
597.142,88349104.0,433527848960.0,201.71,199.979,81.832,483.521,0.016,0.112,113.314,113.621,101.51,18.976
624.292,89301328.0,456298921984.0,187.222,200.325,90.276,477.823,0.016,0.112,146.16,146.47,115.15,23.412
659.443,90267736.0,481060683776.0,199.971,207.404,94.097,501.472,0.016,0.188,157.583,157.972,124.46,23.896
728.148,91235504.0,509802446848.0,241.617,219.2,98.526,559.344,0.018,0.187,168.411,168.804,141.25,23.129
829.506,92191400.0,543931138048.0,305.123,266.837,102.869,674.829,0.018,0.476,153.96,154.677,157.95,18.56
899.529,93126528.0,577683456000.0,330.179,294.416,102.386,726.982,0.014,0.538,171.777,172.547,175.75,19.096
967.944,94033048.0,617774710784.0,329.915,308.498,95.207,733.621,0.021,0.931,233.126,234.323,191.6,24.085
1086.148,94914328.0,661488402432.0,439.514,324.533,96.596,860.644,0.278,1.288,223.535,225.504,209.19,20.581
1205.405,95776712.0,,580.664,334.758,98.43,1013.852,13.844,1.903,175.403,191.553,227.42,14.551
1204.961,96648680.0,,609.741,282.359,88.394,980.495,28.522,2.82,192.722,224.467,235.4,15.994
1206.256,97468024.0,,599.074,262.296,71.989,933.359,67.457,6.26,198.675,272.897,244.77,16.47
1274.762,98186856.0,,569.25,286.49,77.972,933.713,68.75,20.974,250.172,341.049,263.33,19.625
5.491,,,,,,,,,,,,
5.476,,,,,,,,,,,,
5.476,,,,,,,,,,,,
5.476,,,,,,,,,,,,
5.491,,,,,,,,,,,,
5.416,,,,,,,,,,,,
5.416,,,,,,,,,,,,
5.416,,,,,,,,,,,,
5.37,,,,,,,,,,,,
5.355,,,,,,,,,,,,
5.234,,,,,,,,,,,,
5.234,,,,,,,,,,,,
5.309,,,,,,,,,,,,
5.294,,,,,,,,,,,,
5.293,,,,,,,,,,,,
5.354,,,,,,,,,,,,
5.431,,,,,,,,,,,,
5.478,,,,,,,,,,,,
5.478,,,,,,,,,,,,
5.478,,,,,,,,,,,,
5.48,,,,,,,,,,,,
5.48,,,,,,,,,,,,
5.573,,,,,,,,,,,,
5.573,,,,,,,,,,,,
5.573,,,,,,,,,,,,
5.533,,,,,,,,,,,,
5.662,,,,,,,,,,,,
5.662,,,,,,,,,,,,
5.678,,,,,,,,,,,,
5.662,,,,,,,,,,,,
5.615,,,,,,,,,,,,
5.662,,,,,,,,,,,,
5.678,,,,,,,,,,,,
5.662,,,,,,,,,,,,
5.662,,,,,,,,,,,,
5.662,,,,,,,,,,,,
5.663,,,,,,,,,,,,
5.664,,,,,,,,,,,,
5.685,,,,,,,,,,,,
5.696,,,,,,,,,,,,
0.0,,,,,,,,,,,,
0.0,,,,,,,,,,,,
,,,,,,,,,,,,
,,,,,,,,,,,,
,,,,,,,,,,,,
,,,,,,,,,,,,
,,,,,,,,,,,,
,,,,,,,,,,,,
,,,,,,,,,,,,
,,,,,,,,,,,,
,,,,,,,,,,,,
,,,,,,,,,,,,
,,,,,,,,,,,,
,,,,,,,,,,,,
,,,,,,,,,,,,
,,,,,,,,,,,,
,,,,,,,,,,,,
,,,,,,,,,,,,
,,,,,,,,,,,,
,,,,,,,,,,,,
,,,,,,,,,,,,
,,,,,,,,,,,,
,,,,,,,,,,,,
,,,,,,,,,,,,
,,,,,,,,,,,,
,,,,,,,,,,,,
,,,,,,,,,,,,
,,,,,,,,,,,,
,,,,,,,,,,,,
,,,,,,,,,,,,
,,,,,,,,,,,,
,,,,,,,,,,,,
,,,,,,,,,,,,
,,,,,,,,,,,,
,,,,,,,,,,,,
,,,,,,,,,,,,
,,,,,,,,,,,,
,,,,,,,,,,,,
,,,,,,,,,,,,
3350.204,,,,,,,,,,,,
3205.574,,,,,,,,,,,,
3151.036,,,,,,,,,,,,
3137.324,,,,,,,,,,,,
3151.611,,,,,,,,,,,,
3313.427,,,,,,,,,,,,
3402.058,,,,,,,,,,,,
3431.884,,,,,,,,,,,,
3455.052,,,,,,,,,,,,
3371.762,,,,,,,,,,,,
3395.47,,,,,,,,,,,,
57.527,,,5.491,49.668,0.956,56.114,,,1.413,1.413,,2.455
60.896,,,5.196,51.23,1.716,58.143,,,2.754,2.754,,4.522
62.501,,,2.452,52.564,1.766,56.782,,,5.72,5.72,,9.151
65.372,,,0.424,54.599,1.434,56.457,,,8.915,8.915,,13.637
72.445,,,0.519,59.5,0.624,60.643,,,11.802,11.802,,16.291
78.649,,,0.927,62.925,1.054,64.907,,,13.742,13.742,,17.473
95.271,,,1.808,77.301,1.952,81.061,0.0,0.0,14.088,14.209,,14.788
102.283,,,2.358,81.878,2.617,86.854,0.0,0.0,15.308,15.43,,14.967
116.037,,,2.399,91.572,4.009,97.98,0.0,0.0,17.935,18.057,,15.457
120.783,,,1.95,95.698,3.743,101.391,0.0,0.0,19.268,19.393,,15.953
130.785,,,2.121,104.719,3.354,110.193,0.0,0.0,20.468,20.592,,15.65
146.865,,,1.958,116.041,6.227,124.225,0.0,0.0,22.516,22.64,,15.331
163.594,,,2.056,129.751,8.198,140.005,0.0,0.0,23.462,23.589,,14.341
171.93,,,1.858,139.181,9.932,150.971,0.0,0.0,20.831,20.959,,12.116
192.002,,,1.826,148.829,13.091,163.746,0.0,0.0,28.128,28.256,,14.65
205.352,,,1.62,159.165,15.822,176.607,0.0,0.0,28.618,28.745,,13.936
230.305,,,1.483,176.744,23.303,201.53,0.0,0.0,28.644,28.775,,12.438
239.965,,,0.938,186.708,24.277,211.923,0.0,0.0,27.911,28.042,,11.631
220.161,,,0.914,174.634,27.521,203.069,0.0,0.0,16.961,17.092,,7.704
202.325,,,1.044,159.493,26.476,187.013,0.0,0.0,15.178,15.312,,7.502
217.201,,,1.251,166.45,25.08,192.781,0.0,0.0,24.286,24.42,18.222,11.181
214.407,,,1.554,153.991,29.25,184.795,0.0,0.0,29.478,29.612,20.252,13.749
224.208,,,1.468,164.753,28.969,195.19,0.0,0.0,28.881,29.018,21.439,12.881
239.268,,,0.982,171.252,34.899,207.133,0.0,0.0,31.998,32.135,22.192,13.373
252.327,,,1.037,176.029,40.406,217.472,0.0,0.0,34.718,34.855,23.779,13.759
245.859,,,1.053,170.82,38.454,210.327,0.0,0.0,35.239,35.532,24.345,14.333
262.298,,,1.04,182.375,37.499,220.914,0.0,0.0,41.064,41.383,25.416,15.656
283.284,,,0.834,199.342,40.568,240.743,0.0,0.0,42.206,42.541,26.628,14.899
285.001,,,0.558,197.339,46.335,244.233,0.0,0.006,40.415,40.768,26.531,14.18
280.976,,,0.665,197.712,42.398,240.775,0.0,0.016,39.824,40.201,27.536,14.173
289.916,,,0.7,200.069,46.87,247.639,0.0,0.019,41.895,42.277,28.665,14.451
313.471,,,0.646,211.063,57.904,269.613,0.0,0.021,43.432,43.858,30.095,13.855
312.944,,,0.637,211.144,56.299,268.081,0.0,0.021,44.433,44.863,31.121,14.198
318.588,,,0.681,213.463,68.784,282.928,0.0,0.022,35.213,35.66,29.117,11.053
318.791,,,0.671,225.931,50.443,277.046,0.0,0.023,41.282,41.745,31.996,12.949
342.045,,,0.627,223.793,72.872,297.292,0.007,0.023,44.228,44.753,32.023,12.93
371.343,,,0.549,232.784,92.359,325.692,0.009,0.02,45.095,45.651,34.028,12.144
406.705,,,0.852,246.875,110.985,358.712,0.007,0.02,47.407,47.993,40.364,11.656
401.042,,,0.727,242.235,115.673,358.635,0.011,0.021,41.854,42.407,37.632,10.436
412.55,,,1.6,251.101,111.366,364.067,0.015,0.024,47.641,48.483,42.701,11.548
428.995,,,1.727,265.286,114.808,381.822,0.019,0.025,46.288,47.174,43.167,10.79
390.211,,,1.887,245.434,100.195,347.516,0.024,0.027,41.778,42.694,44.56,10.707
416.691,,,2.194,251.75,124.603,378.547,0.03,0.025,37.235,38.144,43.456,8.936
446.318,,,2.312,283.811,116.316,402.438,0.035,0.022,42.987,43.88,43.488,9.632
417.355,,,2.673,284.609,87.361,374.643,0.04,0.02,41.915,42.712,42.61,10.043
439.029,,,3.245,302.37,85.419,391.034,0.076,0.015,47.307,47.995,50.822,10.775
479.067,,,4.22,303.45,123.031,430.701,0.112,0.053,47.629,48.366,52.747,9.942
503.571,,,4.002,320.556,129.656,454.214,0.198,0.177,48.431,49.357,55.346,9.618
508.838,,,3.993,330.494,126.743,461.23,0.291,0.251,46.539,47.607,60.34,9.146
523.257,,,5.934,307.74,160.052,473.727,0.318,0.252,48.401,49.53,64.023,9.25
600.645,,,7.45,311.695,238.798,557.943,0.379,0.487,41.088,42.703,64.353,6.841
613.231,,,9.495,347.93,211.074,568.5,1.114,0.478,42.392,44.731,69.125,6.913
660.818,,,7.843,379.618,221.01,608.472,0.86,0.472,50.011,52.346,71.746,7.568
737.425,,,9.002,437.119,235.71,681.832,1.652,0.503,52.756,55.594,74.255,7.154
768.136,,,8.806,453.258,243.259,705.323,2.076,0.607,59.337,62.813,80.309,7.725
771.188,,,7.906,440.718,259.478,708.102,2.254,1.088,58.943,63.085,86.174,7.643
827.691,,,8.602,478.315,272.466,759.382,2.904,1.586,63.021,68.309,91.299,7.614
846.876,,,8.156,500.847,265.136,774.138,3.281,1.576,67.083,72.738,91.703,7.921
0.693,116791.0,,,,,,,,,,,
0.691,126063.0,,,,,,,,,,,
0.754,133384.0,,,,,,,,,,,
0.754,139269.0,,,,,,,,,,,
0.756,144683.0,,,,,,,,,,,
0.817,150210.0,,,,,,,,,,,
0.789,155797.0,,,,,,,,,,,
0.802,161367.0,,,,,,,,,,,
0.804,167043.0,,,,,,,,,,,
0.802,172757.0,,,,,,,,,,,
0.865,178540.0,,,,,,,,,,,
0.865,184300.0,,,,,,,,,,,
0.867,189793.0,,,,,,,,,,,
0.826,195137.0,,,,,,,,,,,
0.826,200471.0,,,,,,,,,,,
0.932,208394.0,,,,,,,,,,,
0.934,219783.0,,,,,,,,,,,
0.932,232108.0,,,,,,,,,,,
0.932,244601.0,,,,,,,,,,,
0.932,257302.0,,,,,,,,,,,
1.069,270389.0,,,,,,,,,,0.08,
1.069,283815.0,,,,,,,,,,0.08,
1.069,297420.0,,,,,,,,,,0.09,
1.069,311190.0,,,,,,,,,,0.09,
1.069,325125.0,,,,,,,,,,0.09,
1.069,339195.0,,,,,,,,,,0.09,
1.069,353667.0,,,,,,,,,,0.09,
1.069,368440.0,,,,,,,,,,0.09,
1.069,383082.0,,,,,,,,,,0.09,
1.069,397918.0,,,,,,,,,,0.09,
1.069,413307.0,,,,,,,,,,0.0,
1.069,429296.0,,,,,,,,,,0.0,
1.072,445952.0,,,,,,,,,,0.0,
1.069,462761.0,,,,,,,,,,0.0,
1.069,478023.0,,,,,,,,,,0.0,
1.068,491837.0,,,,,,,,,,0.0,
1.066,505461.0,,,,,,,,,,0.0,
1.088,518867.0,,,,,,,,,,0.0,
1.088,532011.0,,,,,,,,,,0.0,
1.088,544883.0,,,,,,,,,,0.0,
1.039,556060.0,,,,,,,,,,0.0,
1.096,565590.0,,,,,,,,,,0.0,
,1627883132.0,3405759119360.0,,,,,,,,,,
,1638647517.0,,,,,,,,,,,
,1651840077.0,,,,,,,,,,,
,1665703540.0,,,,,,,,,,,
,1679752718.0,,,,,,,,,,,
,1693984163.0,,,,,,,,,,,
,1708411294.0,,,,,,,,,,,
,1723032738.0,,,,,,,,,,,
,1737874788.0,,,,,,,,,,,
,1752122665.0,,,,,,,,,,,
,1767847653.0,,,,,,,,,,,
,1778784032.0,,,,,,,,,,,
,1791197929.0,,,,,,,,,,,
,1803056235.0,,,,,,,,,,,
,1815104863.0,,,,,,,,,,,
,1827290389.0,,,,,,,,,,,
,1839559287.0,,,,,,,,,,,
,1851899055.0,,,,,,,,,,,
,1864869126.0,,,,,,,,,,,
,1878650358.0,,,,,,,,,,,
,1895682150.0,4318420533248.0,,,,,,,,,,
,1908748639.0,,,,,,,,,,,
,1924826120.0,,,,,,,,,,,
,1941636900.0,,,,,,,,,,,
,1958716901.0,,,,,,,,,,,
,1976068839.0,,,,,,,,,,,
,1993719848.0,,,,,,,,,,,
,2011689749.0,,,,,,,,,,,
,2029682397.0,,,,,,,,,,,
,2048513689.0,,,,,,,,,,,
,2070596353.0,,,,,,,,,,,
,2088429965.0,,,,,,,,,,,
,2109357892.0,,,,,,,,,,,
,2131029147.0,,,,,,,,,,,
,2152969392.0,,,,,,,,,,,
,2175184808.0,,,,,,,,,,,
,2197830032.0,,,,,,,,,,,
,2220878589.0,,,,,,,,,,,
,2244005191.0,,,,,,,,,,,
,2266483407.0,,,,,,,,,,,
,2290871362.0,6992596828160.0,,,,,,,,,,
,2307736768.0,,,,,,,,,,,
,2326734579.0,,,,,,,,,,,
,2344581440.0,,,,,,,,,,,
,2362439908.0,,,,,,,,,,,
,2380167769.0,,,,,,,,,,,
,2397811266.0,,,,,,,,,,,
,2416694412.0,,,,,,,,,,,
,2437259361.0,,,,,,,,,,,
,2463242071.0,,,,,,,,,,,
,2499322112.0,8408477466624.0,,,,,,,,,,
,2543130368.0,,,,,,,,,,,
,2590270976.0,,,,,,,,,,,
,2640278784.0,,,,,,,,,,,
,2691979264.0,,,,,,,,,,,
,2746072064.0,,,,,,,,,,,
,2801002752.0,,,,,,,,,,,
,2857866752.0,,,,,,,,,,,
,2916108032.0,,,,,,,,,,,
,2970292224.0,,,,,,,,,,,
,3019233536.0,13245837475840.0,,,,,,,,,,
,3068370688.0,,,,,,,,,,,
,3126686720.0,,,,,,,,,,,
,3195779328.0,,,,,,,,,,,
,3267212288.0,,,,,,,,,,,
43307.871,3337112064.0,,16140.178,17996.529,6303.827,40440.535,0.0,0.0,2729.886,2794.865,,6.303
45623.359,3406416896.0,,16324.094,19352.656,6868.823,42545.574,0.0,0.0,2909.136,2980.083,,6.376
47341.25,3475448064.0,,16060.81,20744.311,7374.067,44179.188,0.0,0.0,2973.969,3045.706,,6.282
50203.391,3546810880.0,,16301.146,22499.119,8044.359,46844.625,0.0,0.0,3132.305,3210.891,,6.239
53570.32,3620655360.0,,16798.734,24363.566,8833.446,49995.746,0.0,0.0,3316.98,3399.263,,6.192
56984.879,3695390208.0,21814451372032.0,17058.607,26520.377,9614.819,53193.805,0.0,0.0,3473.427,3567.266,,6.095
59321.215,3770163200.0,,16965.777,28021.105,10293.2,55280.082,0.0,0.0,3628.942,3729.843,,6.117
62498.727,3844800768.0,,17158.637,30139.711,10861.724,58160.07,0.0,0.0,3798.634,3906.859,,6.078
66152.344,3920251392.0,,17667.85,32560.594,11377.838,61606.281,0.0,0.0,3852.995,3967.492,,5.824
66572.547,3995516928.0,,17682.051,32120.803,11659.864,61462.715,0.0,0.0,4232.137,4353.344,,6.357
66886.82,4069437184.0,,18024.537,31746.924,11659.741,61431.203,0.0,0.0,4284.333,4406.168,,6.405
70454.328,4142505728.0,,18688.486,33782.324,12354.144,64824.957,0.0,0.0,4267.339,4401.662,,6.057
73046.031,4215772416.0,,19241.301,34960.312,12759.843,66961.453,0.0,0.0,4410.859,4556.444,,6.038
76009.5,4289657600.0,,19457.904,36550.02,13293.952,69301.875,0.0,0.009,4773.711,4931.925,,6.28
78627.852,4365582848.0,,20363.537,37114.258,14118.032,71595.828,0.0,0.018,5012.647,5185.204,,6.375
77946.867,4444007936.0,31880978104320.0,20857.609,35525.133,14236.961,70619.703,0.0,0.031,5120.469,5307.075,,6.569
77624.555,4524627456.0,,21149.68,34268.039,14395.873,69813.594,0.0,0.031,5230.628,5425.315,,6.738
77205.68,4607984640.0,,21385.451,33208.07,14469.734,69063.258,0.0,0.055,5325.266,5554.109,,6.898
78453.688,4691884032.0,,22046.346,32956.613,14703.833,69706.797,0.009,0.097,5552.542,5813.438,,7.077
82178.641,4775836160.0,,23001.078,33680.129,15902.68,72583.891,0.019,0.132,5740.62,6034.898,,6.986
84306.375,4861730816.0,,23987.826,33667.098,16262.222,73917.141,0.035,0.19,5852.605,6164.395,9886.062,6.942
86197.391,4950063104.0,,24258.035,34712.902,16421.109,75392.047,0.045,0.411,5931.913,6280.257,10180.791,6.882
89201.516,5040984576.0,,25212.426,35404.359,17281.895,77898.68,0.031,0.578,6012.116,6380.498,10670.622,6.74
92560.117,5132294144.0,,25967.129,36551.461,18088.848,80607.438,0.03,0.98,6204.804,6586.235,11140.628,6.704
94387.016,5223704064.0,,26215.674,37164.043,18888.676,82268.391,0.775,7.835,6172.975,6599.626,11657.954,6.54
95604.477,5316175872.0,43018245636096.0,25906.625,37676.57,19481.125,83064.32,1.148,10.741,6383.708,6863.432,11960.959,6.677
96274.602,5406245888.0,,25658.182,37663.043,19972.84,83294.062,1.494,12.083,6531.108,7032.226,12222.055,6.784
96821.883,5492686336.0,,25558.422,38147.168,20063.484,83769.078,1.38,13.995,6530.39,7059.343,12335.947,6.745
97590.492,5577433600.0,,25688.932,37961.344,20265.482,83915.758,1.646,16.867,6923.671,7474.867,12599.479,7.095
98825.789,5660727808.0,,25788.928,38782.055,20389.613,84960.594,1.765,21.088,6967.267,7548.948,12923.583,7.05
101077.875,5743219712.0,,25966.357,39460.77,21104.494,86531.617,1.889,24.461,7344.235,7956.042,13381.884,7.266
103972.078,5825145344.0,,26584.988,40334.641,22159.256,89078.883,2.068,27.25,7442.831,8064.391,13797.191,7.158
105047.641,5906481152.0,,26540.139,41453.445,22030.393,90023.977,2.217,35.567,7573.911,8241.819,14128.649,7.21
105711.148,5987312640.0,,26372.479,41670.18,22433.998,90476.656,2.401,47.103,7632.345,8335.938,14511.02,7.22
107538.664,6067758592.0,,26485.373,42383.219,23071.902,91940.5,2.677,62.768,7690.094,8437.115,14925.883,7.151
110356.539,6148898816.0,59866659946496.0,27434.627,42978.039,23994.258,94406.922,3.133,92.878,7826.347,8626.927,14971.79,7.092
111457.32,6230747136.0,,27864.945,43377.219,24316.832,95559.0,4.183,112.753,7575.783,8417.771,15196.35,6.797
113842.336,6312407552.0,,28962.951,43676.043,25030.172,97669.164,5.252,152.894,7665.752,8622.095,15733.18,6.734
117889.008,6393898496.0,,31506.16,44652.219,25729.617,101887.992,6.542,183.533,7607.18,8650.36,16292.11,6.453
123741.633,6475751424.0,,33685.52,46387.812,26721.139,106794.469,8.564,246.723,8116.503,9311.386,17093.141,6.559
127801.188,6558176256.0,,36183.348,46887.754,27438.281,110509.383,11.991,299.592,8336.344,9684.451,17763.939,6.523
131415.594,6641416192.0,,38068.867,47388.004,28161.41,113618.281,16.398,379.87,8599.518,10143.593,18471.24,6.544
135446.25,6725948416.0,,40231.242,47942.969,29315.736,117489.945,22.108,484.96,8687.896,10505.478,19357.619,6.414
137036.109,6811597312.0,,40780.078,47537.797,30026.16,118344.031,35.683,622.19,9137.472,11310.476,19660.039,6.668
134829.016,6898306048.0,,40144.199,46489.172,29405.35,116038.727,58.852,773.018,9066.387,11558.073,19561.35,6.724
141325.547,6985603072.0,89807296397312.0,41937.48,47971.41,31593.695,121502.586,94.126,961.486,9520.602,12449.881,20938.061,6.737
144578.906,7073125376.0,,43895.938,48312.621,32349.238,124557.797,181.102,1215.678,9635.082,12999.631,21654.23,6.664
146655.703,7161697792.0,,44022.523,49113.688,33203.004,126339.219,278.365,1454.606,9985.715,13816.133,22169.891,6.809
149220.312,7250593280.0,,44670.625,49590.309,33741.91,128002.844,377.724,1732.024,10324.202,14704.658,22808.289,6.919
150798.406,7339013632.0,,44858.121,49934.684,33977.359,128770.164,534.401,1912.321,10535.74,15422.238,23422.83,6.987
152054.062,7426597376.0,,43669.828,50964.02,34788.023,129421.867,689.346,2238.873,10447.261,15977.102,23660.359,6.871
153884.578,7513474048.0,107134276599808.0,42715.141,51992.559,35592.57,130300.273,879.179,2575.669,10746.731,16870.148,24294.391,6.984
157110.156,7599822336.0,110430655610880.0,43129.867,52866.461,36521.109,132517.438,1185.552,3037.927,10834.706,17858.443,25026.4,6.896
161402.734,7683789824.0,113630171365376.0,43795.398,53405.137,38355.828,135556.359,1523.304,3358.827,11084.954,18990.977,26022.01,6.868
163163.344,7764951040.0,,43534.613,53512.844,39058.266,136105.719,1858.954,3744.726,11185.189,19985.84,26365.58,6.855
157357.797,7840952832.0,,42233.391,48609.645,38603.406,129446.438,2243.835,4186.181,11448.027,21134.498,26276.91,7.275
165946.156,7909295104.0,,44564.812,51349.656,40670.66,136585.125,2771.829,4851.594,11222.36,22323.965,27834.92,6.763
167787.672,7975105024.0,,44854.035,52969.59,39413.043,137236.672,3448.237,5487.6,11299.816,23848.668,28527.76,6.735
27.986,9204941.0,33333788672.0,,,,,,,,,,
28.53,9529117.0,35372650496.0,,,,,,,,,,
33.491,9872295.0,35964968960.0,,,,,,,,,,
31.011,10237395.0,38026059776.0,,,,,,,,,,
38.559,10625686.0,39495217152.0,,,,,,,,,,
42.795,11036921.0,39176912896.0,,,,,,,,,,
41.182,11465449.0,40043532288.0,,,,,,,,,,
40.839,11915564.0,41646190592.0,,,,,,,,,,
42.122,12387243.0,43431735296.0,,,,,,,,,,
44.991,12872367.0,44960956416.0,,,,,,,,,,
47.06,13375127.0,44971040768.0,,,,,,,,,,
48.701,13895858.0,47765819392.0,,,,,,,,,,
51.048,14433772.0,51640717312.0,,,,,,,,,,
42.062,14988045.0,53666275328.0,,,,,,,,,,
39.834,15553180.0,57229025280.0,,,,,,,,,,
44.171,16103338.0,60456439808.0,,,,,,,,,,
44.434,16614329.0,63239237632.0,,,,,,,,,,
45.845,17108686.0,66530844672.0,,,,,,,,,,
49.638,17608138.0,70538960896.0,,,,,,,,,,
37.27,18114552.0,73205063680.0,,,,,,,,,,
60.137,18628704.0,77750419456.0,,,,,,,,,3.21,
64.713,19143456.0,80726597632.0,,,,,,,,,3.42,
65.28,19660662.0,83935453184.0,,,,,,,,,3.54,
74.844,20188800.0,87091593216.0,,,,,,,,,3.85,
79.023,20733406.0,90567983104.0,,,,,,,,,4.1,
83.285,21320676.0,95631917056.0,,,,,,,,,4.48,
83.214,21966304.0,98647678976.0,,,,,,,,,5.06,
88.354,22641538.0,101910413312.0,,,,,,,,,5.67,
92.777,23329008.0,105592479744.0,,,,,,,,,6.15,
102.78,24029594.0,109666942976.0,,,,,,,,,6.34,
99.737,24743944.0,118148096000.0,,,,,,,,,7.29,
83.801,25475608.0,103193927680.0,,,,,,,,,5.83,
72.614,26223390.0,105793486848.0,,,,,,,,,6.65,
102.481,26984008.0,111053160448.0,,,,,,,,,7.99,
97.007,27753310.0,111000887296.0,,,,,,,,,7.2,
52.388,28516552.0,79904038912.0,,,,,,,,,5.93,
41.937,29274010.0,72188813312.0,,,,,,,,,4.52,
38.711,30034386.0,68527398912.0,,,,,,,,,3.82,
36.047,30790514.0,69042724864.0,,,,,,,,,3.3,
46.562,31546694.0,,,,,,,,,,3.41,
35.254,32284044.0,,,,,,,,,,3.23,
35.621,32981644.0,,,,,,,,,,3.53,
,33696612.0,,,,,,,,,,,
,11170000.0,14783202304.0,,,,,,,,,,
,,,,,,,,,,,,
,,,,,,,,,,,,
,,,,,,,,,,,,
,,,,,,,,,,,,
,,,,,,,,,,,,
,,,,,,,,,,,,
,,,,,,,,,,,,
,,,,,,,,,,,,
,,,,,,,,,,,,
,13050000.0,20243652608.0,,,,,,,,,,
,,,,,,,,,,,,
,,,,,,,,,,,,
,13590000.0,21078089728.0,,,,,,,,,,
,,,,,,,,,,,,
,,,,,,,,,,,,
,,,,,,,,,,,,
,,,,,,,,,,,,
,,,,,,,,,,,,
,,,,,,,,,,,,
,12420000.0,18794485760.0,,,,,,,,,,
,12610000.0,19276103680.0,,,,,,,,,,
,12800000.0,19846596608.0,,,,,,,,,,
,12990000.0,20883095552.0,,,,,,,,,,
,13180000.0,22392819712.0,,,,,,,,,,
,13380000.0,23518523392.0,,,,,,,,,,
,13580000.0,25173612544.0,,,,,,,,,,
,13780000.0,24776439808.0,,,,,,,,,,
,13990000.0,26978994176.0,,,,,,,,,,
,14190000.0,28416387072.0,,,,,,,,,,
,14410000.0,27877545984.0,,,,,,,,,,
,14620000.0,27057917952.0,,,,,,,,,,
,14820000.0,24525445120.0,,,,,,,,,,
,15020000.0,25282025472.0,,,,,,,,,,
,15230000.0,26222616576.0,,,,,,,,,,
,15440000.0,25814007808.0,,,,,,,,,,
,15650000.0,29157812224.0,,,,,,,,,,
,15860000.0,29626480640.0,,,,,,,,,,
,16080000.0,32023244800.0,,,,,,,,,,
,16300000.0,33783959552.0,,,,,,,,,,
,16300000.0,,,,,,,,,,,
,,,,,,,,,,,,
,,,,,,,,,,,,
,,,,,,,,,,,,
,,,,,,,,,,,,
,,,,,,,,,,,,
,,,,,,,,,,,,
,15600000.0,30100279296.0,,,,,,,,,,
,15820000.0,35952041984.0,,,,,,,,,,
,16040000.0,39506518016.0,,,,,,,,,,
,16300000.0,37094248448.0,,,,,,,,,,
,16520000.0,38571864064.0,,,,,,,,,,
,16710000.0,35504500736.0,,,,,,,,,,
,16940000.0,38768791552.0,,,,,,,,,,
,17150000.0,40047583232.0,,,,,,,,,,
,17360000.0,47247446016.0,,,,,,,,,,
,17510000.0,44820480000.0,,,,,,,,,,
,17660000.0,53771653120.0,,,,,,,,,,
,17800000.0,54882865152.0,,,,,,,,,,
,17970000.0,63732494336.0,,,,,,,,,,
,18130000.0,68506472448.0,,,,,,,,,,
,18320000.0,72356102144.0,,,,,,,,,,
,18500000.0,74758496256.0,,,,,,,,,,
,18680000.0,83727482880.0,,,,,,,,,,
,18850000.0,93147734016.0,,,,,,,,,,
,19040000.0,94828281856.0,,,,,,,,,,
,19220000.0,102082732032.0,,,,,,,,,,
,19390000.0,104279416832.0,,,,,,,,,,
,19550000.0,107985698816.0,,,,,,,,,,
,19700000.0,118249701376.0,,,,,,,,,,
,19840000.0,124753920000.0,,,,,,,,,,
,20010000.0,134700949504.0,,,,,,,,,,
,20200000.0,140328763392.0,,,,,,,,,,
,20370000.0,147171934208.0,,,,,,,,,,
,20550000.0,159611846656.0,,,,,,,,,,
,20730000.0,165358436352.0,,,,,,,,,,
,20930000.0,171772510208.0,,,,,,,,,,
,21130000.0,185486278656.0,,,,,,,,,,
,21310000.0,197811453952.0,,,,,,,,,,
,21490000.0,212170768384.0,,,,,,,,,,
599.621,21620000.0,216949751808.0,,,,,,,,,,
662.673,21710000.0,219370946560.0,,,,,,,,,,
680.163,21880000.0,220600795136.0,,,,,,,,,,
699.466,22020000.0,218132332544.0,,,,,,,,,,
799.312,22090000.0,221510516736.0,,,,,,,,,,
833.406,22220000.0,222359945216.0,,,,,,,,,,
829.6,22340000.0,230069354496.0,,,,,,,,,,
845.907,22440000.0,227019767808.0,,,,,,,,,,
850.922,22540000.0,222745821184.0,,,,,,,,,,
856.887,22630000.0,223782354944.0,,,,,,,,,,
842.394,22720000.0,207143993344.0,,,,,,,,,,
752.292,23070000.0,181726265344.0,,,,,,,,,,
,1612918.0,,,,,,,,,,,
,1605378.0,,,,,,,,,,,
,1596265.0,,,,,,,,,,,
,1585596.0,,,,,,,,,,,
,1574998.0,,,,,,,,,,,
,1564469.0,,,,,,,,,,,
,1554010.0,,,,,,,,,,,
,1543620.0,,,,,,,,,,,
,1533299.0,,,,,,,,,,,
,1523652.0,,,,,,,,,,,
,1514671.0,,,,,,,,,,,
,1506348.0,,,,,,,,,,,
,1498676.0,,,,,,,,,,,
,1491647.0,,,,,,,,,,,
,1484651.0,,,,,,,,,,,
,1477686.0,,,,,,,,,,,
,1470754.0,,,,,,,,,,,
,1463853.0,,,,,,,,,,,
,1457998.0,,,,,,,,,,,
,1457662.0,,,,,,,,,,,
,1462906.0,,,,,,,,,,,
,1473791.0,,,,,,,,,,,
,1490380.0,,,,,,,,,,,
,1512735.0,,,,,,,,,,,
,1535427.0,,,,,,,,,,,
,1558458.0,,,,,,,,,,,
,1581835.0,,,,,,,,,,,
,1605562.0,,,,,,,,,,,
,1629646.0,,,,,,,,,,,
,1653755.0,,,,,,,,,,,
,1677885.0,,,,,,,,,,,
,1702032.0,,,,,,,,,,,
,1726191.0,,,,,,,,,,,
,1750358.0,,,,,,,,,,,
,1774863.0,,,,,,,,,,,
,1799711.0,,,,,,,,,,,
,1824907.0,,,,,,,,,,,
,1850456.0,,,,,,,,,,,
,1876362.0,,,,,,,,,,,
,1904174.0,,,,,,,,,,,
,1933946.0,,,,,,,,,,,
,1965735.0,,,,,,,,,,,
,1999596.0,,,,,,,,,,,
,2035589.0,,,,,,,,,,,
,2072230.0,,,,,,,,,,,
,2109530.0,,,,,,,,,,,
,2147501.0,,,,,,,,,,,
,2186156.0,,,,,,,,,,,
,2225507.0,,,,,,,,,,,
,2269541.0,,,,,,,,,,,
,2318453.0,2690862080.0,,,,,,,,,,
,2384835.0,2864267008.0,,,,,,,,,,
,2453523.0,3046080000.0,,,,,,,,,,
,2525032.0,3237056000.0,,,,,,,,,,
,2599545.0,3446799872.0,,,,,,,,,,
,2677214.0,3365337088.0,,,,,,,,,,
,2758240.0,3764480000.0,,,,,,,,,,
,2842810.0,3926832128.0,,,,,,,,,,
,2931135.0,3827278080.0,,,,,,,,,,
,3023348.0,4626233856.0,,,,,,,,,,
,3119431.0,4978619904.0,,,,,,,,,,
,3219454.0,4988814848.0,,,,,,,,,,
,3323429.0,4936502784.0,,,,,,,,,,
,3431384.0,5044504064.0,,,,,,,,,,
,3542767.0,5715211776.0,,,,,,,,,,
,3658035.0,6752631808.0,,,,,,,,,,
,3777687.0,6385302016.0,,,,,,,,,,
,3901290.0,6883500032.0,,,,,,,,,,
,4029172.0,6979668992.0,,,,,,,,,,
,4159016.0,6939009024.0,,,,,,,,,,
,4281679.0,7270256640.0,,,,,,,,,,
,4399922.0,7269152256.0,,,,,,,,,,
,4523591.0,7935941120.0,,,,,,,,,,
,4653293.0,7860498944.0,,,,,,,,,,
,4789047.0,8497570304.0,,,,,,,,,,
,4931253.0,8168467968.0,,,,,,,,,,
,5079676.0,8649445376.0,,,,,,,,,,
,5233300.0,8231715840.0,,,,,,,,,,
,5391352.0,8277046784.0,,,,,,,,,,
,5553471.0,8026917376.0,,,,,,,,,,
39.013,5720442.0,8276076032.0,,,,,,,,,,
38.826,5897489.0,8781336576.0,,,,,,,,,,
39.679,6090821.0,8531077120.0,,,,,,,,,,
39.513,6291082.0,8369124864.0,,,,,,,,,,
38.237,6488077.0,8333785600.0,,,,,,,,,,
37.874,6686453.0,8480831488.0,,,,,,,,,,
37.697,6890973.0,8540712448.0,,,,,,,,,,
34.94,7095185.0,8760604672.0,,,,,,,,,,
35.643,7294325.0,9313933312.0,,,,,,,,,,
30.656,7491279.0,9411491840.0,,,,,,,,,,
32.95,7686405.0,10251341824.0,,,,,,,,,,
31.705,7880472.0,10497353728.0,,,,,,,,,,
32.522,8074342.0,11034436608.0,,,,,,,,,,
31.087,8270921.0,11363260416.0,,,,,,,,,,
30.925,8474215.0,10152258560.0,,,,,,,,,,
29.714,8684139.0,10767747072.0,,,,,,,,,,
28.266,8902025.0,11793251328.0,,,,,,,,,,
30.58,9133160.0,12616107008.0,,,,,,,,,,
29.939,9372432.0,12949236736.0,,,,,,,,,,
29.044,9621248.0,13971743744.0,,,,,,,,,,
29.192,9891140.0,14964120576.0,,,,,,,,,7.76,
30.553,10191966.0,16234401792.0,,,,,,,,,7.9,
31.591,10508294.0,17492738048.0,,,,,,,,,8.11,
32.73,10837971.0,19282919424.0,,,,,,,,,8.26,
33.71,11188044.0,21270792192.0,,,,,,,,,8.46,
35.483,11564874.0,23506923520.0,,,,,,,,,8.88,
36.687,11971571.0,26143430656.0,,,,,,,,,9.66,
34.643,12402078.0,29194975232.0,,,,,,,,,9.6,
35.817,12852968.0,32424384512.0,,,,,,,,,9.49,
36.424,13318094.0,36492398592.0,,,,,,,,,9.86,
38.178,13792095.0,41490620416.0,,,,,,,,,10.41,
42.771,14265824.0,45144018944.0,,,,,,,,,11.45,
45.955,14744662.0,48567369728.0,,,,,,,,,12.32,
48.73,15234976.0,51019694080.0,,,,,,,,,13.23,
52.303,15737796.0,53419184128.0,,,,,,,,,14.36,
50.614,16248231.0,54980182016.0,,,,,,,,,13.36,
47.733,16767758.0,56618332160.0,,,,,,,,,11.62,
55.39,17298056.0,58613563392.0,,,,,,,,,14.44,
62.328,17835898.0,60978622464.0,,,,,,,,,16.13,
54.845,18380478.0,,,,,,,,,,14.67,
58.659,18927716.0,,,,,,,,,,15.1,
66.576,19473132.0,,,,,,,,,,17.71,
,1111376.0,,,,,,,,,,,
,1127021.0,,,,,,,,,,,
,1144303.0,,,,,,,,,,,
,1163263.0,,,,,,,,,,,
,1182536.0,,,,,,,,,,,
,1202129.0,,,,,,,,,,,
,1222046.0,,,,,,,,,,,
,1242294.0,,,,,,,,,,,
,1262877.0,,,,,,,,,,,
,1283555.0,,,,,,,,,,,
,1304325.0,,,,,,,,,,,
,1325186.0,,,,,,,,,,,
,1346136.0,,,,,,,,,,,
,1367170.0,,,,,,,,,,,
,1388533.0,,,,,,,,,,,
,1410230.0,,,,,,,,,,,
,1432265.0,,,,,,,,,,,
,1454646.0,,,,,,,,,,,
,1477198.0,,,,,,,,,,,
,1501779.0,,,,,,,,,,,
,1528456.0,,,,,,,,,,,
,1557297.0,,,,,,,,,,,
,1588373.0,,,,,,,,,,,
,1621755.0,,,,,,,,,,,
,1655839.0,,,,,,,,,,,
,1690639.0,,,,,,,,,,,
,1726171.0,,,,,,,,,,,
,1762449.0,,,,,,,,,,,
,1799490.0,,,,,,,,,,,
,1836997.0,,,,,,,,,,,
,1874974.0,,,,,,,,,,,
,1913425.0,,,,,,,,,,,
,1952352.0,,,,,,,,,,,
,1991759.0,,,,,,,,,,,
,2031962.0,,,,,,,,,,,
,2072976.0,,,,,,,,,,,
,2114819.0,,,,,,,,,,,
,2157505.0,,,,,,,,,,,
,2201053.0,,,,,,,,,,,
,2245025.0,,,,,,,,,,,
,2289421.0,,,,,,,,,,,
,2334240.0,,,,,,,,,,,
,2379481.0,,,,,,,,,,,
,2425144.0,,,,,,,,,,,
,2471683.0,,,,,,,,,,,
,2519116.0,,,,,,,,,,,
,2567459.0,,,,,,,,,,,
,2616729.0,,,,,,,,,,,
,2666945.0,,,,,,,,,,,
,2725021.0,,,,,,,,,,,
,2791336.0,3186969600.0,,,,,,,,,,
,2881722.0,3396532992.0,,,,,,,,,,
,2973720.0,3555366656.0,,,,,,,,,,
,3067904.0,3864261120.0,,,,,,,,,,
,3164515.0,4071252992.0,,,,,,,,,,
,3263631.0,4390813696.0,,,,,,,,,,
,3365481.0,5019289088.0,,,,,,,,,,
,3470499.0,5371058688.0,,,,,,,,,,
,3578808.0,5435442688.0,,,,,,,,,,
,3690646.0,5729359872.0,,,,,,,,,,
,3806312.0,5996344832.0,,,,,,,,,,
,3925958.0,6309538304.0,,,,,,,,,,
,4049778.0,6403770880.0,,,,,,,,,,
,4177936.0,6336239616.0,,,,,,,,,,
,4310332.0,6892102656.0,,,,,,,,,,
,4447152.0,7346506752.0,,,,,,,,,,
,4588526.0,7451800064.0,,,,,,,,,,
,4734700.0,8082609152.0,,,,,,,,,,
,4886355.0,8233532416.0,,,,,,,,,,
,5044170.0,9265699840.0,,,,,,,,,,
,5202923.0,11266197504.0,,,,,,,,,,
,5363424.0,12260791296.0,,,,,,,,,,
,5532846.0,13293053952.0,,,,,,,,,,
,5712708.0,13702449152.0,,,,,,,,,,
,5903535.0,14042517504.0,,,,,,,,,,
,6097086.0,14173916160.0,,,,,,,,,,
,6288395.0,14051751936.0,,,,,,,,,,
,6453047.0,12925540352.0,,,,,,,,,,
,6549350.0,13290825728.0,,,,,,,,,,
,6655837.0,13292165120.0,,,,,,,,,,
41.461,7049931.0,14798814208.0,,,,,,,,,,
41.724,7506528.0,16663747584.0,,,,,,,,,,
39.537,7803863.0,17105813504.0,,,,,,,,,,
40.83,8106359.0,17363073024.0,,,,,,,,,,
40.838,8398574.0,17034589184.0,,,,,,,,,,
42.914,8690516.0,18216718336.0,,,,,,,,,,
48.001,8983048.0,18703382528.0,,,,,,,,,,
54.2,9277484.0,18469824512.0,,,,,,,,,,
53.48,9568745.0,20209938432.0,,,,,,,,,,
57.918,9846352.0,21522544640.0,,,,,,,,,,
61.265,10113899.0,21937055744.0,,,,,,,,,,
62.641,10377817.0,23189843968.0,,,,,,,,,,
57.597,10641504.0,21133768704.0,,,,,,,,,,
55.572,10794921.0,21406455808.0,,,,,,,,,,
53.191,10858598.0,23447492608.0,,,,,,,,,,
52.71,10994044.0,23569784832.0,,,,,,,,,,
54.152,11178171.0,26145746944.0,,,,,,,,,,
53.431,11362406.0,27012548608.0,,,,,,,,,,
53.856,11548365.0,27984269312.0,,,,,,,,,,
62.036,11716452.0,27841265664.0,,,,,,,,,,
58.221,11834679.0,26764978176.0,,,,,,,,,6.74,
54.969,11910981.0,26781169664.0,,,,,,,,,7.58,
54.665,11984643.0,24872458240.0,,,,,,,,,8.26,
53.102,12075835.0,20951998464.0,,,,,,,,,8.54,
49.194,12160885.0,19792818176.0,,,,,,,,,9.41,
50.86,12224758.0,18444447744.0,,,,,,,,,9.04,
51.28,12330490.0,18042984448.0,,,,,,,,,7.68,
50.259,12450566.0,17769080832.0,,,,,,,,,7.35,
41.728,12550353.0,15050220544.0,,,,,,,,,7.39,
41.264,12679812.0,16275763200.0,,,,,,,,,7.11,
46.129,12839774.0,17918380032.0,,,,,,,,,8.44,
50.29,13025789.0,19554074624.0,,,,,,,,,8.94,
54.48,13265331.0,20909967360.0,,,,,,,,,8.93,
55.378,13555420.0,21123497984.0,,,,,,,,,9.26,
54.604,13855758.0,21222502400.0,,,,,,,,,9.71,
54.651,14154937.0,21027454976.0,,,,,,,,,9.39,
46.649,14452705.0,20961794048.0,,,,,,,,,6.82,
45.257,14751101.0,21947836416.0,,,,,,,,,7.35,
51.809,15052191.0,22715353088.0,,,,,,,,,9.19,
46.12,15354606.0,,,,,,,,,,8.24,
41.997,15669663.0,,,,,,,,,,7.59,
42.145,15993525.0,,,,,,,,,,8.03,
,16320539.0,,,,,,,,,,,
